id,created_at,text
1113847293692784641,2019-04-04 16:54:23,"RT @ashgoblue: When did ""smart money"" get defined as those who are not experts in the technology? Don’t think this headline is going to age…"
1109162843901878272,2019-03-22 18:40:03,Exciting to see what my alma mater has already accomplished in partnership with UBRI! #RockChalk https://t.co/nqXsKbNes3
1105517015412879360,2019-03-12 17:12:50,RT @ethanbeard: .@FortePlatform recognizes the massive opportunity for #blockchain in the gaming space and is building the foundation for d…
1096118363506434048,2019-02-14 18:45:57,"As predicted, banks are changing their tune on crypto. But this JPM project misses the point – introducing a closed… https://t.co/plD3IULsEU"
1095518193735462912,2019-02-13 03:01:05,"RT @CryptoCwby: @Dave_Jonez_02 @TusharJain_ @Frances_Coppola @marcus_treacher @delatinne ""I'm fine with having hundreds of foreign currency…"
1093540295453667328,2019-02-07 16:01:38,https://t.co/ShrglXN1js
1093540245889581057,2019-02-07 16:01:26,RT @ericvanm: The University Blockchain Research Initiative is unlocking the potential of #blockchain and digital payments through research…
1091091040293945344,2019-01-31 21:49:10,"Welcome to Team Ripple, Stu! So glad to have such an esteemed financial and legal expert on this wild journey with… https://t.co/OKN6NidpHi"
1091080280763297792,2019-01-31 21:06:24,"RT @IMFNews: .@Lagarde: #FinTech can be a force of good for the 2 billion people who are unbanked or underbanked, and for the millions of w…"
1088139527858933760,2019-01-23 18:20:54,"With financial inclusion at the core of the #InternetofValue, I’m encouraged to see it emerge as an overall theme h… https://t.co/oMNr03Cfth"
1085925290759471104,2019-01-17 15:42:19,"RT @Ripple: Real people, real businesses seeing real-world benefits from our technology! https://t.co/yM221qy3qf"
1085261053569560577,2019-01-15 19:42:53,.@danprimack wants to sell some snake oil... any buyers out there!? Media have a responsibility to help the industr… https://t.co/JbWKwyEtJU
1083849577751400448,2019-01-11 22:14:10,Thanks for stopping by! https://t.co/064TfiVEcB
1082668706419769344,2019-01-08 16:01:49,"RT @Kr00ney: Ripple is looking to shake up a $2T global payment biz that hasn't changed much in 45 years. At the same time, it's constantly…"
1082668651327549441,2019-01-08 16:01:36,Last year some notable critics said financial institutions would never use a digital asset in their payment flows.… https://t.co/VIr6HNzAqG
1081283557706784768,2019-01-04 20:17:44,"BE AWARE! Don’t respond to fake Instagram requests from “me.” After 7 wks and multiple asks to take down ‘bradxrp’,… https://t.co/XizKdlOSz7"
1075933474903646208,2018-12-21 01:58:24,"Could not be more proud of the @Ripple team! With focus, determination, and an amazing group of partners and custom… https://t.co/ErdIrfDSAx"
1075230774289264641,2018-12-19 03:26:08,"""Blockchain...could prove to be as important to commerce as email and text messaging were to communications. New fi… https://t.co/u6SFQkkISE"
1073691743806259200,2018-12-14 21:30:34,.@Lagarde is absolutely correct: Money itself IS changing. Digital assets not only help to solve the financial incl… https://t.co/zhEMxOBl0I
1072993032125870081,2018-12-12 23:14:08,"RT @Ripple: Our final AMA of 2018 featuring @bgarlinghouse and @MonicaLongSF is next week, 12/18 at 10:30am PST. Mark your calendars and sh…"
1072565228922122240,2018-12-11 18:54:12,RT @ericvanm: Reducing friction in remittance payments is a major step toward enabling financial inclusion in the region - exciting progres…
1072240234111426561,2018-12-10 21:22:47,"Transparency and disclosures matter. Integrity matters. If crypto is going to grow and flourish, we need to be fear… https://t.co/c4NN1w0xyE"
1072240233041801217,2018-12-10 21:22:47,"As 2019 approaches, more people are asking for my predictions – a big one is that we're going to hear more and more… https://t.co/VpOYcwz4i3"
1070385137039228929,2018-12-05 18:31:18,"I've long said that blockchain experiments are not a business model. That's why from day one @Ripple, we found the… https://t.co/xqMPKE5sil"
1070385136363950081,2018-12-05 18:31:17,"Undisciplined capitalism rarely has staying power. It has never ""been enough to show up"" it has never ""been enough… https://t.co/4iFkTw81GS"
1070385135613165568,2018-12-05 18:31:17,Interesting read about the strategy shift underway @ConsenSys; 2019 is about cutting back on the almost-50 spokes o… https://t.co/muTlYcUGED
1068753866294870016,2018-12-01 06:29:12,To give your Twitter feed a break from the Mayweather and DJ Khaled news - this study found ZERO results across 40+… https://t.co/rBmyF7Fu9W
1068188979504340992,2018-11-29 17:04:33,Exciting to see more people in traditional finance world take the long view on digital assets. Just like stock mark… https://t.co/f1kdzHCwQT
1065490141479763969,2018-11-22 06:20:20,Being a great place to work starts with the people. #thankful for the outstanding team @Ripple for bringing the pas… https://t.co/O0IvzZ7TfS
1062199327819468800,2018-11-13 04:23:49,"RT @ericvanm: ""Regulatory clarity has a huge ability to drive digital asset and blockchain adoption"" @bgarlinghouse and @IMFNews’ Ross Leck…"
1057340626004373504,2018-10-30 18:37:04,RT @Ripple: It’s faster to get on a plane and fly money across borders than it is to send it as a digital payment. @Ripple is changing that…
1055194744501035008,2018-10-24 20:30:06,This space requires thoughtful regulation that doesn't sacrifice nimble innovation. Japan’s FSA decision is a step… https://t.co/0IJRPBDegU
1047259474166075392,2018-10-02 22:58:10,Thanks to all who joined us at #SwellbyRipple. Each year I’m amazed to see the ideas discussed on and off the stage… https://t.co/5xOQ3x15Nd
1047257809350316033,2018-10-02 22:51:33,We talked to nearly 700 payments pros in 22 countries around the world. 75% are strongly interested in digital asse… https://t.co/6GHdiFogTl
1046918549426462720,2018-10-02 00:23:27,"Truly a record year here at @Ripple - our network reaches across 40 countries and six continents, and now today we… https://t.co/jUDjhXs8uU"
1046877937184563200,2018-10-01 21:42:04,Huge thanks to @BillClinton for speaking with us at #SwellbyRipple - couldn’t agree more that blockchain technology… https://t.co/8peKAiKTkd
1045395270987653120,2018-09-27 19:30:29,"RT @chrislarsensf: The #InternetofValue is not about disruption, it's about completion - making globalization better for everyone. Ripple f…"
1042953734114791424,2018-09-21 01:48:42,This is incredibly cool!! https://t.co/9dwdmp57dR
1042425210786349057,2018-09-19 14:48:32,Momentum is building! https://t.co/qhZve83uek
1042424985229307904,2018-09-19 14:47:38,Every new corridor opened on RippleNet means more people have access to better global payments services. The… https://t.co/G74H6LPpRY
1037731187039514624,2018-09-06 15:56:09,I’m incredibly proud of the team here @Ripple - we’re lucky to have the best and brightest working tirelessly to ma… https://t.co/DGNwBUnBTQ
1037411959350558720,2018-09-05 18:47:39,"A well-deserved spotlight on our very own @JoelKatz - he is one of the most brilliant people I’ve ever met. I mean,… https://t.co/ltfpJE3RaM"
1034921988207259648,2018-08-29 21:53:24,This reminds me of enterprise cloud adoption a decade ago. #Blockchain’s widespread adoption hinges on commercial o… https://t.co/y3MFYnb7Y6
1032318590458818560,2018-08-22 17:28:26,.@joelkatz speaks the TRUTH on XRP Ledger! Brilliantly designed to be inherently decentralized. More on this during… https://t.co/drJBQc7pw8
1024352639922843648,2018-07-31 17:54:35,President Clinton’s administration was at the epicenter of policy and innovation in the earliest days of the Intern… https://t.co/wvz84H1cJE
1017167020280823810,2018-07-11 22:01:30,No surprise that most ICOs fail. Half-baked ideas (manifested solely as a white-paper) or outright scams are doomed… https://t.co/Qg5a1au7R9
1017047230048493571,2018-07-11 14:05:30,David and Kahina both have proven track records of success that will be instrumental in forging @Ripple’s path ahea… https://t.co/0c3rx4BM2R
1004453779792515072,2018-06-06 20:03:37,RT @justmoon: Codius is back! Read the announcement: https://t.co/g0GJX0Gik6
1004451192154439680,2018-06-06 19:53:20,Swift GPI is like putting a Ferrari shell on a Model-T engine. It’s a cosmetic upgrade on old infrastructure: messa… https://t.co/gfMosXkjUN
1003571443999764480,2018-06-04 09:37:32,"RT @Ripple: Change of plans: #Ripple CEO @bgarlinghouse takes the Ringside stage at 1:05pm CEST to talk #blockchain, digital assets and rei…"
1001963456600436736,2018-05-30 23:07:58,"Enjoyed sharing the stage with @katie_haun, Bridget van Kralingen and @pkafka at #CodeCon. https://t.co/Gl4z2kjzXk"
1000132255862349824,2018-05-25 21:51:26,.@eringriffith is right: #blockchain isn’t a magic remedy for all businesses. To be more than a buzzword requires s… https://t.co/GDrmTd96Ws
997188652156375040,2018-05-17 18:54:36,At least 271 real ICO scams uncovered by @WSJ - kudos to @SEC_News for working to get ahead of this with… https://t.co/mrpraOeuBW
996487821157335040,2018-05-15 20:29:45,".@Ripple has been on the frontlines of deploying #blockchain to solve real customer problems.  Not hype, just resul… https://t.co/yYq0X99rfd"
996024436968120321,2018-05-14 13:48:25,"RT @Ripple: Excited to announce Xpring, a new initiative that supports businesses growing on the XRP Ledger, and initial investments in @SB…"
996013781149999106,2018-05-14 13:06:05,"RT @justmoon: Excited to launch @Coil_, a new startup building #micropayment applications on #XRP and @Interledger. We're creating a new bu…"
994571445857542144,2018-05-10 13:34:45,"@twobitidiot Ryan, you demonstrate in this comment how little you understand about xRapid and Ripple's products.  I… https://t.co/gMY3k2u8xN"
994566225345724416,2018-05-10 13:14:00,Real customers with real use cases: #xRapid pilots prove financial institutions can settle in minutes with up to 70… https://t.co/m1RyZQOvz1
992056036998762496,2018-05-03 14:59:25,"RT @danprimack: SEC commissioner won't declare all tokens are ""securities"" https://t.co/YK233bLxaz"
989609557302247424,2018-04-26 20:57:59,"RT @VitalikButerin: I am boycotting @coindesk's Consensus 2018 conference this year, and strongly encourage others to do the same. Here is…"
989562052283781121,2018-04-26 17:49:13,RT @ashgoblue: Proud to announce 5 new #xVia customers. Learn why unifying the increasingly fragmented payment landscape with xVia’s standa…
984539182079983616,2018-04-12 21:10:07,Proud to support @bancosantander’s cross-border payments with @Ripple’s #xCurrent solution https://t.co/srOXwqsHNy
978985138246873089,2018-03-28 13:20:20,RT @MonicaLongSF: We’re really excited to support @DonorsChoose! Join me today at 10:30am ET on Facebook Live with @charlesbest. #BestSchoo…
978984954184044544,2018-03-28 13:19:36,Too many great teachers to thank in one tweet. Very grateful for team @Ripple paying it forward and a massive thank… https://t.co/uIkjWQm3Ic
975820939551129600,2018-03-19 19:46:56,"RT @RyanZagone: My big takeaway from FSB: 
1. the focus is on consumer and market risk (I expect these to the focus of G20 talks), not fina…"
975820877487984640,2018-03-19 19:46:41,"The market may have been a bit slow, but it’s catching up to this prediction… @binarybits writes more in-depth on e… https://t.co/O3fDwfU9u1"
974822826413830144,2018-03-17 01:40:47,"Thanks #M2020Asia for hosting team Ripple this week. From Seoul to Singapore and across the globe, interest in the… https://t.co/v46sDqvDWP"
971908277268185091,2018-03-09 00:39:25,"Cory has seen it all – from the dot-com bubble through the crypto wild west, no one is more qualified to analyze th… https://t.co/VhdqQGNn9T"
971815090109337602,2018-03-08 18:29:07,"In context of yesterday's SEC statement(s), I hear some in crypto talk about the current “regulatory uncertainty.""… https://t.co/upaBxUj7GX"
971552789229797376,2018-03-08 01:06:50,My POV on the SEC statement today - the market is having an outsized reaction. Exchanges ultimately have three opti… https://t.co/mA0I1W7m3c
971223913333059584,2018-03-07 03:20:00,"Transactions in a matter of seconds, in the palm of your hand – we’re excited about the launch of #MoneyTap. https://t.co/9rQwGS3R8r"
966422027878875136,2018-02-21 21:19:01,RT @Ripple: Five new financial institutions have joined RippleNet and will use xCurrent or xVia to strengthen emerging markets access into…
964097272676990976,2018-02-15 11:21:16,"The revolution of #blockchain is not going to happen outside of the financial system, it will happen from within. O… https://t.co/CMOE4udd3c"
962103829410951168,2018-02-09 23:20:02,"RT @RMac18: Are you seeing Elon Musk, Donald Trump, and Jeff Bezos asking you to send them bitcoin? It's a scam. And one that's backed by t…"
962029007708438532,2018-02-09 18:22:43,Good explainer from @NewYorkFed highlights common problems with crypto for payments - one of the reasons $XRP stand… https://t.co/mQp53sysUQ
961735920134316032,2018-02-08 22:58:06,"RT @RyanZagone: .@ripple viewpoint: Consumer protection is needed, but banning underlying tech destroys all potential for future innovation…"
961250935115743232,2018-02-07 14:50:56,We just opened the door to the largest e-commerce market in the world for our #RippleNet partners with LianLian. https://t.co/R3HyqxhF9U
959485434807033857,2018-02-02 17:55:28,"After a successful pilot, @santanderuk is rolling out its @Ripple-powered mobile app to customers this quarter, let… https://t.co/bxpjsDHBkG"
958380359971782657,2018-01-30 16:44:18,Pleased to announce that SBI Virtual Currencies will be the first in the world to list $XRP as its primary fiat pai… https://t.co/cJ8ofnIZIF
958063773985599488,2018-01-29 19:46:18,"Curious how xRapid alleviates the pain of cross-border payments? 

“Rather than MoneyGram putting millions in cash… https://t.co/AxyiYZT7mz"
958007513688846341,2018-01-29 16:02:44,The NY Times piece in yesterday's paper on impersonators has (frustratingly) become very relevant to me – thanks… https://t.co/ZMIH5TkA8e
956187400522252288,2018-01-24 15:30:16,More evidence Bitcoin isn’t the golden ticket to solve the payments problem. https://t.co/dImMlxnuWq
956185557503164416,2018-01-24 15:22:56,"RT @patgriffin9: Pleased to share the 2017 Q4 $XRP markets report. What an exciting quarter it was, not to mention the strongest one yet fo…"
954433696701886465,2018-01-19 19:21:40,"RT @Ripple: We put the spotlight on Sr. Director of Engineering, Raghu Battula, to share his perspective on the transformative and rewardin…"
953676992313872384,2018-01-17 17:14:48,A good read on why fostering a healthy $XRP ecosystem is a top priority at @Ripple. https://t.co/IUyyCrnQLx
952043134371823616,2018-01-13 05:02:25,@LordN_Ninja This is not real.
951461582424358912,2018-01-11 14:31:33,@MoneyGram @Ripple And to be clear: @MoneyGram announcement is one step in a marathon ahead to truly make $XRP the… https://t.co/KORY7Zf0ja
951458079777763328,2018-01-11 14:17:38,@MoneyGram @Ripple We’re proud to work with companies like @Moneygram that value innovative payments solutions – an… https://t.co/UBwgrZKkWs
951457716660142081,2018-01-11 14:16:11,I'm pleased to be able to share @MoneyGram has partnered with @Ripple to use $XRP in their payment flows.
950781414806441984,2018-01-09 17:28:48,The importance of education in action:  lots of FUD around crypto that is unfounded because the loudest voices aren… https://t.co/CBZ9x0FS5P
950402980527747072,2018-01-08 16:25:02,"RT @JoelKatz: Coinmarketcap's decision to exclude Korean prices from the displayed XRP price made the price appear to drop, likely triggeri…"
949346890046255104,2018-01-05 18:28:31,Was a pleasure speaking with @paulvigna about $XRP and @Ripple – this is a fair and balanced piece I can get behind. https://t.co/bhSHfAJt68
949146029907062787,2018-01-05 05:10:22,@nathanielpopper then why did you tweet this without doing the 2 interviews we arranged for you!!? You have those n… https://t.co/DeLrXvdzsm
949129952716234752,2018-01-05 04:06:29,@nathanielpopper Over the last few months I’ve spoken with ACTUAL banks and payment providers. They are indeed plan… https://t.co/LWhzqwZ7EF
948978500509220864,2018-01-04 18:04:40,"I’ve been getting a lot of questions about $XRP this week - can’t imagine why! 

The team here at @Ripple put toget… https://t.co/OmEMPu0cig"
948594824596213762,2018-01-03 16:40:04,Caught up with @joelcomm and @teedubya on @badcrypto about $XRP and how its real use case sets it apart from other… https://t.co/I2Sc8Ee4wh
947893299632893952,2018-01-01 18:12:28,"RT @qz: Here are the top 10 cryptoassets of 2017 (and bitcoin’s 1,000% rise doesn’t even make the list) https://t.co/Yo5CCzSwFb"
947885853430476800,2018-01-01 17:42:52,I think the more interesting question might be whether or not @Coindesk would make the list of most influential med… https://t.co/ZqcVCL0tbk
947540669668712448,2017-12-31 18:51:14,"Proud to be ending 2017 with incredible momentum on a number of fronts!  

A huge, heartfelt thank you to the amazi… https://t.co/LwYbZpKsOS"
946956278768713728,2017-12-30 04:09:05,"RT @VitalikButerin: *All* crypto communities, ethereum included, should heed these words of warning. Need to differentiate between getting…"
946850607289077760,2017-12-29 21:09:11,@haydentiff @MohmdTBA @GeneFojtik @Ripple @JoelKatz @Hodor7777 so are marriages ;)
946850388384276481,2017-12-29 21:08:18,@z____a____k @Ripple no.  Q4 XRP markets report will be published in Jan.  We always publish it in the first couple… https://t.co/dBl90QvFB8
946475077708730368,2017-12-28 20:16:57,RT @ashgoblue: .@Ripple does @jimmykimmel Mean Tweets https://t.co/CLG9NbkQOY
946117161352945664,2017-12-27 20:34:43,Tune in to @BloombergTV at 5:10pm ET today where I’ll chat with @CoryTV about the recent crypto boom
946078426036711424,2017-12-27 18:00:48,Enjoyed discussing all things crypto with @davidfaber @MorganLBrennan @michaelsantoli on CNBC’s @SquawkAlley this m… https://t.co/ICHjqtZh08
945792913543434241,2017-12-26 23:06:17,"I appreciated all of the compliments on our Team #Ripple jackets from my AMA. It's the season for giving, so we're… https://t.co/E8XWoCGvqA"
944693883782516737,2017-12-23 22:19:08,"RT @kevinrose: I'd like to do more cryptocurrency interviews on my podcast, should I do them in a: (thanks for your feedback)"
944693722779922433,2017-12-23 22:18:29,RT @ashgoblue: My interview with @JoelKatz is up on insights @Ripple https://t.co/H3PG6Cr2HM
944633411427119104,2017-12-23 18:18:50,good reminders (at least for me!) as we reflect upon 2017 and plan for 2018 https://t.co/Ouwk5chpcu
944325730338357248,2017-12-22 21:56:13,"I’ll let the headline speak for itself. $xrp 

https://t.co/RqtnvZWd0d"
944325257514455040,2017-12-22 21:54:20,Props to @chengevelyn – one of the first to go beyond the surface and catch the stats that prove $XRP is the best p… https://t.co/qZHsYPYtUC
943894539386830853,2017-12-21 17:22:49,$XRP is now on 50 exchanges around the world! Team Ripple will continue to champion additional listings to foster a… https://t.co/XyPeMukBG8
943145606553395200,2017-12-19 15:46:50,"Welcome Zoe!  We’re thrilled to have you join us as we work towards our vision of an #internetofvalue

 https://t.co/Ax0XGAZLr3"
942794605023469569,2017-12-18 16:32:04,the value of digital assets will be driven by their utility.  And the SEC has been clear that tokens without a purp… https://t.co/6nkWlfV3yv
942792999209115648,2017-12-18 16:25:41,Class action lawyers have been salivating about the ICO frenzy... we are going to see more of these in the weeks an… https://t.co/1mPCgBeEOc
942791722576199681,2017-12-18 16:20:37,@brunogunn @haydentiff @Dizer_Y @Ripple @miguelvias @MonicaLongSF I'll make sure the team gets you all taken care of!
941747806183743488,2017-12-15 19:12:28,"@ChainShah @Ripple @PanteraCapital @BNN Vishal, it's irresponsible to pontificate without knowledge.  If you'd like… https://t.co/30PWibM3ye"
941731862023585792,2017-12-15 18:09:07,“Proof of work is a problem. So maybe you could get rid of it.” - the brilliant @joelkatz thought the same thing an… https://t.co/IpmlNe3XF7
941485981537935360,2017-12-15 01:52:04,"RT @xrptips: ""@JoelKatz is the #StephCurry of #cryptocurrency"" - @bgarlinghouse"
941474094427422720,2017-12-15 01:04:50,"Answering your questions live today at 5:15 pm PT, you can check it out here: https://t.co/YCqZdv6u02"
941375649549246464,2017-12-14 18:33:39,Bloomberg welcomes $XRP to @theterminal and gets it right – #2 market cap behind $BTC at ~$80B! https://t.co/m9sFdKhXNR
941196471214288896,2017-12-14 06:41:39,Today $XRP was officially more popular than both Kylie Jenner and the Rock and Roll Hall of Fame! (and far more use… https://t.co/2gixNFFSAv
941096203042746368,2017-12-14 00:03:14,"I'll be answering your questions #live tomorrow (12/14) at 5:15 pm PT, reply to this tweet with your question and y… https://t.co/qquF0GFiwr"
940806146092396547,2017-12-13 04:50:39,@brooksethomas 4/ we are also starting to proactively work with others in the industry to leverage $XRP given its i… https://t.co/rZdcs6zb0v
940806043461877760,2017-12-13 04:50:14,@brooksethomas 3/ it's clear we can do more to educate the market about our momentum AND the unique attributes of… https://t.co/4wIlCPkhi4
940805958179131397,2017-12-13 04:49:54,"@brooksethomas 2/ thus far, we are the ONLY #blockchain player with real enterprise customers and a defined and pro… https://t.co/hWLMPcjIrs"
940805844035342337,2017-12-13 04:49:27,@brooksethomas 1/ a healthy $XRP market and healthy $XRP ecosystem is CRITICALLY important to me.  And it is indeed… https://t.co/EoXTLd6SfI
940805453877039104,2017-12-13 04:47:54,@brooksethomas both good questions! Twitter's kinda a tough place to go very deep on our strategy - but i'll give it a shot
940802638303711232,2017-12-13 04:36:42,Thanks for your support @yoshitaka_kitao! https://t.co/dTamgSmPuW
940718758481485825,2017-12-12 23:03:24,I applaud Jay Clayton and the SEC for making the risks of ICOs clearer in their statements. “Many of these assertio… https://t.co/Oi07D5vBMB
940663812142727168,2017-12-12 19:25:04,RT @justmoon: Practically anyone can claim they’re faster and cheaper than BTC - but proof-of-work chains provide no incentive to be good f…
940271720887447552,2017-12-11 17:27:02,Historic day for crypto – demand for bitcoin futures is so high it 'breaks the internet'! But critical to remember:… https://t.co/UWB1VNVpoO
940086505212600321,2017-12-11 05:11:03,"A public service announcement for the holiday party season:  remember, no one was ever promoted because of their be… https://t.co/M9V4Ojmp0L"
938933791145336832,2017-12-08 00:50:35,"Boom! 55B $XRP now in escrow. Good for supply predictability and trusted, healthy $XRP markets.  Glad to finally le… https://t.co/D6dkvLseGG"
938667992346386432,2017-12-07 07:14:23,"Had a great time kicking off the #MITblockchain series with @juanbenet, @grantfondo, @joeykrug, @JakeSeid. Covered… https://t.co/tVMAaLh4E0"
938653678377955328,2017-12-07 06:17:30,@Xi_195 @Ripple I said as much at the #MITBlockchain event this evening.  In fact Ripple is partnering and will inv… https://t.co/IgXg2BfG01
938652808609271808,2017-12-07 06:14:03,"RT @Xi_195: 1/ While x-border payments is @Ripple‘s laser focused use case for $XRP, @bgarlinghouse &amp; co. need to publicly acknowledge that…"
938181745203019776,2017-12-05 23:02:13,"RT @danprimack: If you get defrauded on cryptokitties, that's not on the cryptokitty seller or the SEC. That's on you."
937931668089856001,2017-12-05 06:28:30,"If cuddly kittens have ""hastened the #ethereum scaling crisis"" it's nearly impossible to imagine how the many… https://t.co/rnVtvcrSd7"
937856282219888640,2017-12-05 01:28:56,"Latest from @theinformation nails it. Real utility is critical
""...specific vertical use cases like bank-to-bank cr… https://t.co/OEXSTlZQlh"
937750082346086400,2017-12-04 18:26:56,"Anyone surprised by the latest SEC action isn't paying attention.  I sound like a broken record, but regulators are… https://t.co/21HAD3lt41"
936690980018839552,2017-12-01 20:18:27,"""Paying a big fee to order new furniture or even buy a cup of coffee may be further reason for consumers to pass on… https://t.co/VDju4J0Egv"
935622897447530496,2017-11-28 21:34:16,Whoa! $100M #XRP fund courtesy of tech visionary @arrington. One of the largest crypto funds ever. https://t.co/sHIOJDniPZ
935225940845711366,2017-11-27 19:16:54,"Ripple &amp; $XRP are giving businesses ""what they want in a #blockchain"" https://t.co/b6q6ZXFtie"
933437163445743616,2017-11-22 20:48:56,"Holiday, schmoliday!  Team Ripple is absolutely committed to building XRP liquidity - and in that context...

Very… https://t.co/syLwVOM277"
933367641435230210,2017-11-22 16:12:41,@HunainNaseer If you believe that then you don’t understand Ripple’s strategy
933345393953222657,2017-11-22 14:44:17,"It may be a holiday week in the US, but Team Ripple is not resting!  Another corridor going live... amazing progres… https://t.co/eP4r0RYyc0"
933090753642766337,2017-11-21 21:52:26,This is just the beginning of many to come. I've been saying all along: a lot of ICOs are fraudulent https://t.co/9gv6g3sf5K
932034797647511552,2017-11-18 23:56:26,"@chughesjohnson @Lethain @JorgeO ha... indeed, a white lie in service of the grander point. FWIW, i prefer the crun… https://t.co/qMxrTtj5tT"
931232398724939777,2017-11-16 18:47:59,"Thrilled to welcome @AmericanExpress to @Ripple's blockchain network, partnering with @SantanderUK to make instant… https://t.co/qcXD3slAXE"
930896248961359873,2017-11-15 20:32:15,"""That’s the scale legitimacy investors need to consider, because Ripple is not trying to burn down the existing fin… https://t.co/5gGGS5yZgt"
930895933063045120,2017-11-15 20:31:00,Thanks to @taavet @choncholg and Tim Grant for the very lively and real discussion on breaking through the payments… https://t.co/udsBtv1Ych
930205857874288641,2017-11-13 22:48:53,proud to have led the Central Bank Summit where Ripple gathered central banks from around the world to discuss the… https://t.co/KMA9DeXpu6
923628746971549696,2017-10-26 19:13:48,RT @ashgoblue: This is exactly what is wrong with the ico market.  https://t.co/4Mr9KbCaCR
920686716842803200,2017-10-18 16:23:13,RT @Ripple: Here's a link to the recorded Q&amp;A w/ @bgarlinghouse.  We apologize for the technical difficulties. https://t.co/6JEpNl0MdC
920417329435107328,2017-10-17 22:32:46,Heard from many of you this week. Happy to answer questions tomorrow on #Swellbyripple Livestream at 10:45amEST @mention me your questions
920416990203871232,2017-10-17 22:31:25,@ONEXCapital https://t.co/w1INWMUZ4B
920384106747359232,2017-10-17 20:20:45,RT @ashgoblue: Standing room only and ready for @VitalikButerin and @justmoon @DelRayMan and others and #swellbyripple https://t.co/yPjZ5ft…
920261472227332096,2017-10-17 12:13:27,The blockchain convo needs more voices like @benbernanke who get the nuances of tech AND regulations https://t.co/nIgyhV3LmK #SwellByRipple
920017169894793216,2017-10-16 20:02:41,@BLR13 @Ripple Honored to have hosted @benbernanke at #SwellbyRipple and enjoyed hearing his thoughts on @Ripple an… https://t.co/XUijxfB1CS
920017078052098048,2017-10-16 20:02:19,RT @BLR13: Bernanke at @Ripple Event: #Blockchain Has 'Obvious' Benefits in Payments https://t.co/lxgwWh1x8G Not so much #bitcoin... #Swell…
919996877013123072,2017-10-16 18:42:02,Amazing work with amazing people! https://t.co/hHFXxysqYV
919258602216423425,2017-10-14 17:48:24,RT @smarquer: Ripple looks to drive bank adoption with $300m XRP rebate programme https://t.co/kGysy4t15M via @Finextra
919257811715891200,2017-10-14 17:45:15,"RT @ashgoblue: Bitcoin (BTC) is setting records, even after Jamie Dimon's biting criticism — Quartz.  https://t.co/mUVO0jo4B0"
918928752226082816,2017-10-13 19:57:42,@inside_r3 2/ What is clear is that R3 must first respond to our case against them in CA by Oct. 26. We look forward to their response.
918928671175426048,2017-10-13 19:57:22,@inside_r3 1/ The fact is the suit @inside_r3 brought against @Ripple in Delaware court was thrown out. We have yet… https://t.co/WnWcMY54vI
918876945806327808,2017-10-13 16:31:50,BREAKING NEWS: @Ripple has prevailed in lawsuit brought by @inside_r3 !  Delaware judge has just ruled and thrown out case against Ripple.
917753627472621568,2017-10-10 14:08:10,RT @FinancialTimes: Blockchain company Ripple says it has $15bn war chest https://t.co/N9eDLEmciT
917752326923812865,2017-10-10 14:03:00,@Cuallix becomes the first financial institution to use a digital asset to reduce liquidity costs: https://t.co/hpz3BCjIZp #XRPthestandard
917750915679080448,2017-10-10 13:57:23,Financial institutions recognize the shortcomings of traditional xborder payments and are switching to RippleNet https://t.co/mHzbzzIGb7
915372959430270988,2017-10-04 00:28:14,Had fun taking your questions live from the @Quora hot seat this morning! In case you missed it - answers are here: https://t.co/RB3p1nLmL9
913955905439281153,2017-09-30 02:37:22,Been saying this from the beginning - #XRP is dramatically faster &amp; dramatically cheaper than BTC https://t.co/gHcZtc4cHZ
910858572552011778,2017-09-21 13:29:41,"Real transactions w/#digitalassets will build long-term value, but to call speculation the be-all &amp; end-all? this i… https://t.co/JL6iGgR097"
910342338123251712,2017-09-20 03:18:21,"Totally agree. If Bitcoin's a 'fraud,' why are banks &amp; central banks adopting blockchain w/positive results? And Bi… https://t.co/v0csUxr1eb"
906252091487870977,2017-09-08 20:25:10,RT @miguelvias: (3/4) Important to note: R3’s agreement was subject to sales restrictions of 50bps of daily volume on the XRP Ledger.
900827340585877504,2017-08-24 21:09:09,RT @Ripple: This year in Toronto is about serving our customers &amp; modernizing global payments at BOTH #SwellbyRipple &amp; #Sibos https://t.co/…
900825433574260736,2017-08-24 21:01:34,RT @warpaul: Building networks is about bringing people together who otherwise wouldn't interact. @Ripple does this better than most #Swell…
900715788172107777,2017-08-24 13:45:53,RT @wences: €24bn transaction with 4 years confirmation time. There must be a better way... https://t.co/Rk1lLsvi07
900556869181120512,2017-08-24 03:14:23,"#XRP's value lies in its utility as the best asset for payments, not one specific event or rumor https://t.co/XPcI59nozG"
896822426134302721,2017-08-13 19:55:03,RT @chrislarsensf: Excited to see @UniofOxford getting into #fintech &amp; honored that @Ripple will be included in the inaugural course https:…
892497536476340224,2017-08-01 21:29:29,This time peanut butter wasn't spread too thin... maybe they used a Bitcoin fork to spread it? https://t.co/2DG8z0uhA4
890250141310926848,2017-07-26 16:39:08,"Regulators aren’t going away – and shouldn’t. For generations, they have protected from fraud (some is happening w/ the ICO market)"
890249871478767617,2017-07-26 16:38:04,"Some in Bitcoin and Ethereum communities have been anti-bank, anti-regulation, anti-fiat currency– total opposite of our worldview at Ripple"
890249641605738497,2017-07-26 16:37:09,"The name ICO doesn't help...  sounds like IPO – if it walks like a duck and talks like a duck, it is a duck!"
890249516984578048,2017-07-26 16:36:39,Anyone surprised by the SEC ICO investigation is not paying attention or has been entranced w/ greed
888466171799916544,2017-07-21 18:30:16,VERY proud of work our team has done w/ @federalreserve Faster Payments Task Force to drive innovation in #payments https://t.co/pcqFa23naI
887726642507825152,2017-07-19 17:31:39,"RT @FortuneMagazine: Bitcoin, Pot Startups Embrace Regulations to Succeed https://t.co/mXBA5iJm8U https://t.co/XruMj0tNTM"
887174362733924352,2017-07-18 04:57:05,Looking forward to talking @Ripple strategy on working alongside regulatory &amp; government bodies #fortunebrainstormtech tomorrow
886804443949400064,2017-07-17 04:27:10,macro dynamics continue to bode very well for digital assets at large - and XRP's better positioned than any alternative. #xrpthestandard
886804374936276996,2017-07-17 04:26:53,"XRP has a real use case with adoption building, 5 yr track record without governance issues, scale that tops all digital assets (1500 TPS)."
886804284209278976,2017-07-17 04:26:32,"in the long run, the strong will survive. value's derived from utility - real world applications."
886804190684737536,2017-07-17 04:26:09,"not surprising to see profit taking, especially w/tokens with no specific use case and those with an uncertain regulatory picture (ETH/ICOs)"
886804103841685504,2017-07-17 04:25:49,Digital asset volatility is to be expected (especially given YTD performance). remember we're in the earliest stages of a new asset class.
886803803684646912,2017-07-17 04:24:37,Performance matters! https://t.co/3iU0ErZL4K
884978440616726530,2017-07-12 03:31:17,"RT @wsculley: The @bankofengland concludes: 
1. @Ripple &amp; @Interledger are promising right now
2. #blockchain tech isn't

https://t.co/6E1v…"
880598634441490432,2017-06-30 01:27:29,#Ripple’s now powering real-time remittances from Japan to Thailand through #SBIRemit and @scb_thailand. https://t.co/m2sXmE9Vua #blockchain
880394174293463040,2017-06-29 11:55:02,RT @justmoon: Did you know? @Ripple #xrp processes more transactions than #bitcoin and #ethereum combined - at 1/100th the cost per tx. #Un…
880276570279038977,2017-06-29 04:07:43,"RT @AkikoFujita: ""Digital assets are in a position to be more valuable than gold."" My conversation with @Ripple CEO @bgarlinghouse @CNBCi h…"
879693042420137984,2017-06-27 13:28:59,#XRP has remained fairly steady while some digital assets plummet this week. Shows it matters to have real-world us… https://t.co/olphg0eLKa
878110578698403840,2017-06-23 04:40:51,RT @Ripple: How Ripple is achieving the vision of instant cross-border payments outlined in the latest IMF paper. https://t.co/FjsiEKQiLB
877986340406665216,2017-06-22 20:27:10,"@Ripple @justmoon To date, Ethereum has closed less than 4M blocks compared to @Ripple's 30M+ ledgers closed. #xrp"
877986146881462274,2017-06-22 20:26:24,@Ripple Slowness is a direct result of proof of work approach. ICYMI @justmoon gave a full rundown on how it impact… https://t.co/u3j5TBKnMM
877985932196040704,2017-06-22 20:25:33,"Backlogs started with 300k tx in 1 day. To compare, @Ripple can process 10s of thousands of transactions in seconds. https://t.co/cfyqjFXSAk"
877917516454023169,2017-06-22 15:53:41,"These scalability issues are not only inconvenient, but unsustainable- especially for enterprise use. https://t.co/mDU5b0u6fm"
877586565412696068,2017-06-21 17:58:36,RT @pierregramegna: Good meeting  in San Francisco with the CEO of @Ripple who obviously likes @Luxembourg ( see his glasses) and where the…
876303342787481600,2017-06-18 04:59:32,RT @JoelKatz: Definitely the ICO landscape is a massive imminent disaster. Securities regulations may not be perfect but they do have a pur…
868574258582007808,2017-05-27 21:06:55,RT @adamnash: Digging the new @Ripple HQ. https://t.co/snlzQg6kPq
868305038426349569,2017-05-27 03:17:08,RT @nbougalis: Beware of number porting attacks! Any account connected to a phone number is an account that can be trivally stolen. #opsec…
867967787783802880,2017-05-26 04:57:01,RT @HarrietLerner: People cut each other off for less.  Humans have a terrible time staying connected in the face of differences. https://t…
867592943720214528,2017-05-25 04:07:31,"RT @nbougalis: #Ripple closed ledger 30,000,000 as #Consensus2017 was winding down. https://t.co/hoRqVIS0Hg"
866796011338977280,2017-05-22 23:20:48,"RT @Ripple: ""We believe that we can get the industry behind a standard that facilitates instantaneous payments"" -@joelkatz #Consensus2017 h…"
866795896503099393,2017-05-22 23:20:20,"RT @warpaul: In case you missed it, check out @justmoon @JoelKatz &amp; @patgriffin9 demo &amp; talk @Ripple #XRP &amp; @Interledger at #consensus2017…"
866661106177028096,2017-05-22 14:24:44,Awesome breakfast w/ 8 of the top industry analysts to start Day 1 @coindesk #Consensus2017. Great convo about the… https://t.co/mLPfeEwpeZ
866498203704729600,2017-05-22 03:37:25,Great evening with friends of @Ripple - kicking off #consensus2017 in NYC @coindesk https://t.co/rzegPNdX9O
865264727080943616,2017-05-18 17:56:01,"RT @patgriffin9: Kraken Introduces New Fiat Pairs for XRP Trading!  USD, JPY, CAD, EUR @Ripple
https://t.co/ZYC4BmUzrK"
864682891812290560,2017-05-17 03:24:01,"""What appears to have finally tipped bitcoin below the 50% mark is the 24% surge of XRP, the token of the Ripple ne… https://t.co/3mKrTrN2iv"
864542215288246272,2017-05-16 18:05:01,RT @Interledger: 1st #ETH -&gt; #XRP Interledger escrow payment just went over the live networks! Tx details: https://t.co/B8ae40OXxm @Ripple…
864511703613972481,2017-05-16 16:03:46,We're putting the FUD to rest – @Ripple is placing 55B #XRP into escrow to show our commitment to stable supply https://t.co/3MyW2aq0Mh
861677568495415296,2017-05-08 20:21:56,RT @Sonnenshein: congrats to our friends @RippleLabs on @ripple becoming the 2nd largest digital currency by market cap! $XRP cc: @bgarling…
859090258796756993,2017-05-01 17:00:53,Market is recognizing that 3.6 transactions/sec and $0.48 per tx will not scale to deliver on the future of payments #Ripple #XRP
859090163841982464,2017-05-01 17:00:30,Amazing to see #BTC at all time high- but yesterday was all time low relative to total Crypto market (less than 60% for the first time ever)
857369243372863488,2017-04-26 23:02:11,"RT @TheHatchAgency: “It’s no longer a science experiment. It’s not theory, it’s very real.” @bgarlinghouse on 75+ customers using @Ripple’s…"
857345957452668928,2017-04-26 21:29:39,And don't miss video of our CTO @justmoon on digital currencies - enterprises need stability and #XRP has built a r… https://t.co/zrGWHLjnAg
857340335067758592,2017-04-26 21:07:19,Agree w/ Grainger “banks and their customers will dictate the right model” Our's can tell you it's not too early fo… https://t.co/8f6LvBMEFO
856193255112794112,2017-04-23 17:09:13,RT @JoshuaBaer: Some old school #EmailMafia at @TEDTalks too @bnussey @austinhill @ariel @Gabor @jordanayan @loic @Bill_Gross @bgarlinghous…
856024545383206912,2017-04-23 05:58:50,RT @Ripple: #Ripple's Antoinette O'Gorman spoke at @bis_org's Fintech Task Force Meeting on the impact of #fintech on banks’ business model…
855459428153212928,2017-04-21 16:33:15,Excited to welcome @BBVA to Ripple’s growing network of real customers using #blockchain to move money in seconds: https://t.co/IeA7NE6nFp
852241686193250304,2017-04-12 19:27:06,"RT @Ripple: Pleased to welcome Marjan to the team to ""help the banks cope with the future requirements of the #payments space"". https://t.c…"
852241605050466306,2017-04-12 19:26:47,Thrilled to welcome Marjan to @Ripple! Leaving #SWIFT gpi behind to help bring banks into the future of #payments. https://t.co/3nxAQsYZdx
851588873780158465,2017-04-11 00:13:03,RT @miguelvias: 2) #XRP up nearly 500% year to date. April volume already $700 million! https://t.co/PyTUg3xPjW #xrpthestandard @xrpchat
851588804997677056,2017-04-11 00:12:47,RT @miguelvias: 1)Guys is this #fakenews if it doesn't include the TOP digital asset in market cap growth over past 4 weeks??? #XRP @iamjos…
849113423254175744,2017-04-04 04:16:30,RT @nbougalis: Very proud of @Ripple team for delivering two huge features: Escrow and Payment Channels. #xrp #bitcoin #lightning https://t…
849055171707404290,2017-04-04 00:25:02,"As bitcoin transactions get slower with more volume, we’re matching the throughput of Visa. Welcome to the… https://t.co/gvd68vyqE9"
847878235526275073,2017-03-31 18:28:18,3. Avg XRP fee: $0.00031. Avg BTC fee: $0.48. #fasterandcheaper
847878168010661888,2017-03-31 18:28:02,2. XRP saw nearly 70K transactions with an average time of 3.7 seconds. Compare that to BTC's avg transaction time of two hours.
847878068043563008,2017-03-31 18:27:38,1. Exciting week in crypto markets. XRP at two year high! https://t.co/gfux4RL1Il
847538205641416704,2017-03-30 19:57:09,"World’s 3rd largest bank, MUFG, has joined #Ripple’s growing # of customers moving actual $ across borders instantly https://t.co/X2X64UutKc"
847491095030185984,2017-03-30 16:49:57,JoyRun has that rarest of things for an on-demand startup: might actually make money https://t.co/D9ho9QqNmh @joyrunapp
845360030215917568,2017-03-24 19:41:51,"RT @Ripple: The price of #XRP continues to surge, showing that people are looking for #bitcoin alternatives via @CharlesLBovaird https://t.…"
843026051521531904,2017-03-18 09:07:28,RT @CryptoEye111: This news is underestimated in the markets. https://t.co/4ZYrUbAGLr
842697764668674048,2017-03-17 11:22:58,"Proud of @Ripple’s continued work with @bankofengland, and being chosen for its #FinTech Accelerator
https://t.co/IAHP6hlxie"
842519588436938752,2017-03-16 23:34:57,Google is latest example of tech co. getting in on the #payments game and need for interoperable real time rails. https://t.co/uraniQrl2e
841925790770069508,2017-03-15 08:15:25,"RT @Ripple: Packed house for @miguelvias #SXSW #Blockchain Q&amp;A panel w/ @Docusign, @LendingRobot &amp; @Visa https://t.co/ojvY07ObOg"
841471973553250304,2017-03-14 02:12:06,#Bitcoin-ers wanted to have their cake and eat it too!  SEC sees through it.  Can't pick and choose when you want t… https://t.co/LbyIr3m57o
841321593129304065,2017-03-13 16:14:33,"Executive order signed to include Trump University in the NCAA tourney 
They will be wearing uniforms designed by Ivanka."
840342221123534848,2017-03-10 23:22:52,"ETF decision is not a surprise, but still a good reminder of the critical role banks + regulation plays in our fina… https://t.co/lW7Fj0gEE4"
840005729125769216,2017-03-10 01:05:47,@BTCoinInformer @Ripple as others have already corrected you (but for the record) XRP is not centralized:  https://t.co/pidVhdlJUR
839929056829149184,2017-03-09 20:01:06,"#Bitcoin transaction uses 4,000x more energy than a credit card and costs 200,000x more than an #XRP transaction!… https://t.co/mIRY8aF5Jd"
839296954068680704,2017-03-08 02:09:21,love @nikkei's cover on how banks need to implement new tech for faster payments &amp; stay ahead of competition https://t.co/wxG1DyM5DT
837317266525978626,2017-03-02 15:02:47,RT @coindesk: 47 Banks Complete DLT Cloud Pilot With Ripple Tech https://t.co/P2w3Zh6RoC https://t.co/CBAx9OmOB2
837114256285847552,2017-03-02 01:36:06,"Plenty of consortiums, but this one w/ 47 banks ACTUALLY moving blockchain into production using @Ripple!!
https://t.co/ZOl2aOdezR"
836722798017961985,2017-02-28 23:40:35,.@Ripple is now sustaining 1000 transactions per second! #XRP.  Compare that to #Bitcoin’s 8 per second… https://t.co/XGoZdsgaDr
834861380696145923,2017-02-23 20:23:58,.@nathanielpopper  Yes!  Team @Ripple could not agree more!!
834854059194605568,2017-02-23 19:54:53,"Thrilled to welcome a new @Ripple Board member, Ken Kurson! https://t.co/PEr8zV8gag"
832726404043190274,2017-02-17 23:00:20,RT @Ripple: Our CEO @bgarlinghouse spoke at the #GSTech2017 conference this week– check out what he had to say. https://t.co/CRKPHcs6lo
832106109888405504,2017-02-16 05:55:31,@Ripple joins forces with @BitGo to make leveraging #XRP for global transactions easier for businesses. https://t.co/wQ8MAAlpgT via @ripple
831944619818569728,2017-02-15 19:13:48,RT @Ripple: Our CEO @bgarlinghouse was interviewed by @CarolineHydeTV yesterday at #GSTECH2017. Full episode: https://t.co/Q4FGn2gy4X
831567511770370048,2017-02-14 18:15:19,"RT @madhumita29: FB, AliPay have/applying for EU e-money licenses. Should banks be scared? @FT analysis by me &amp; @MAmdorsky https://t.co/0gv…"
831376017927315457,2017-02-14 05:34:23,"RT @bmcclendon: Beware the Phog, and the NOISE!

Allen Fieldhouse loudest indoor arena in the world.   130.4db, 4x louder than Kentucky!  #…"
831375982313484289,2017-02-14 05:34:15,RT @bmcclendon: Best comeback of all time.   KU over WVU 84-80 in OT.  The Big12 title goes through Lawrence.  # kubball
830923843627790337,2017-02-12 23:37:36,"RT @Ripple: Gautam Jain, @StanChart: ""You wouldn't wait 5 sec for a web page to load. Why wait 3 days for a payment?"" https://t.co/orBDBud9…"
830878601645957122,2017-02-12 20:37:50,RT @Ripple: Banking and the three little pigs. https://t.co/HWJQLV765M
829747092126003200,2017-02-09 17:41:37,"Smart team, doing cool stuff! https://t.co/DZvhcBCjzy"
829434433686024193,2017-02-08 20:59:13,"More proof tech cos will compete with banks: @theinformation “@AntFinancial could one day rival MasterCard or Visa""
https://t.co/XA6N8ltNbV"
829329107640999936,2017-02-08 14:00:42,@PaulVanSiclen @FrederikHefer DM me
827017390760288256,2017-02-02 04:54:45,BOOM!! 3 Kansas over #2 Baylor. Longest active NCAA Home winning streak remains in tact!!! https://t.co/649NuBOIsQ
826858455420002304,2017-02-01 18:23:12,RT @Ripple: National Bank of Abu Dhabi: First Middle East Bank to Use Ripple for Cross-Border Payments https://t.co/T0k5rjaHOf
825593319849750528,2017-01-29 06:36:00,"RT @bmcclendon: Yes.
""If Trump bans Twitter employees from returning to the country, does @Jack ban @RealDonaldTrump from Twitter?"" https:/…"
825588753825554434,2017-01-29 06:17:52,RT @BenjLerer: Disgusted. Ashamed. Enraged. Heartbroken. Confused.
825365958860496897,2017-01-28 15:32:33,RT @tomcolicchio: Planet may be warming But hell just froze over https://t.co/jarrmWHf0r
825364523804561408,2017-01-28 15:26:51,RT @bmcclendon: This is horrible.    Legal immigrants being blocked from reentering US. https://t.co/NYdxgx12qI
825364281050869760,2017-01-28 15:25:53,"RT @danprimack: A long, long time ago
I can still remember... https://t.co/28OfgZH8WC"
824755218957029377,2017-01-26 23:05:42,Alibaba @AntFinancial purchase of @MoneyGramMe is a wake-up call for banks 2 upgrade tech or risk being left behind  https://t.co/iRtVFJ3Lo7
822606573164003329,2017-01-21 00:47:44,"Today I made donations to:
@UCSUSA
@PPact 
@ACLU
Each of them were in honor of @realDonaldTrump"
822230119515205632,2017-01-19 23:51:51,"""... the fidelity of a outdated system with Swiss-cheese-like security come off more like a tweet from The Donald!"" https://t.co/3rs20yEXEu"
821463536085798912,2017-01-17 21:05:43,"Congrats to @Coinbase on their BitLicense, and welcome to our small but growing club! https://t.co/kgYDlSofAg"
819791552855687168,2017-01-13 06:21:51,"RT @Ripple: .@Bitstamp, one of the world’s leading digital asset exchanges, will launch trading of XRP. https://t.co/suz3Ikdx0x"
819791484450803714,2017-01-13 06:21:35,RT @Ripple: SWIFT’s 40-year old empire is attempting to patchwork over an antiquated system. https://t.co/vVd7tMWwK0
819791358068080640,2017-01-13 06:21:05,Glad to see that @swiftcommunity is beginning to see things our way. https://t.co/ewrDHPt9bX
812877336584523776,2016-12-25 04:27:14,RT @warpaul: YoY improvements for @Ripple Consensus Ledger &amp; XRP as a native digital asset (source: https://t.co/e6JpR3mVx6) a lot of work…
797548640126414848,2016-11-12 21:16:28,RT @Ripple: Global Head of Strategic Accounts @marcus_treacher  will deliver a keynote address at the Middle East Banking Forum. https://t.…
796194355056820226,2016-11-09 03:35:01,If this holds - Prozac sales are going to explode tomorrow.
795019885717823488,2016-11-05 21:48:06,RT @reidhoffman: No one should forget that @realDonaldTrump began his campaign by attacking #immigrants as “criminals”&amp; “rapists” on his ve…
793543880889085952,2016-11-01 20:02:59,"Humbled &amp; excited to take on the CEO role @Ripple, continuing to work with @chrislarsensf. Rippler's, prepare for a new reign of terror!"
792134019638960128,2016-10-28 22:40:42,RT @Ripple: Will banks get on board with cryptocurrencies? It's already happening. https://t.co/Tu9Kz9N7Nz via @GreenwichAssoc
786654089190912000,2016-10-13 19:45:24,.@davidmccraw at the @nytimes is one of my newest heroes!  Every citizen (regardless of gender) should read this:  https://t.co/IAn9nh8VR9
786651229845753857,2016-10-13 19:34:03,@davidmccraw at the @nytimes is one of my newest heroes!  Every citizen (regardless of gender) should read this:  https://t.co/IAn9nh8VR9
781753105339654144,2016-09-30 07:10:39,"RT @Ripple: Gautam Jain, @StanChart: ""You wouldn't wait 5 sec for a web page to load. Why wait 3 days for a payment?"" #Sibos https://t.co/o…"
781187684911943680,2016-09-28 17:43:52,RT @Ripple: Rude? We think it's quite friendly of us to educate the world's banks on the limitations/weaknesses of #SWIFTGPI! https://t.co/…
780693415440838657,2016-09-27 08:59:49,RT @StanChart: #Sibos: Fintech firms have been coming up with novel ways to address client needs. Advances in technology has helped this pu…
779317600903831553,2016-09-23 13:52:49,"In the world of payments, this is HUGE! BAML, Santander, Unicredit, @StanChart, @Westpac, @RBC create @Ripple GPSG https://t.co/4rbEFwaojE"
777034993151291392,2016-09-17 06:42:33,RT @yongkookkim: Coca-Cola backed Wonolo helps Unum and Colonial Life Build On-Demand Workforce https://t.co/a52rFtSnH4 @cocacolaco @ccfoun…
776418208874061825,2016-09-15 13:51:40,I joined this amazing team 18 mos ago. So impressed with the team and the progress: @Ripple announces $55M Series B https://t.co/WzjydEnfzX
768683969428590592,2016-08-25 05:38:34,RT @DougGalen: Good news-banks getting power of blockchain. Bad news-proprietary efforts create friction https://t.co/ytMzoOAVOg by @bgarli…
768513566953439233,2016-08-24 18:21:27,RT @EdwardHennis: Settling across those fragmented BankCoins sounds like a job for @Interledger! https://t.co/CHV62SHeaN by @bgarlinghouse…
755576696749694976,2016-07-20 01:34:57,"RT @mediajunkie: Dear GOP, we didn't say you *couldn't* nominate Trump. We said you *shouldn't*."
755576358013591552,2016-07-20 01:33:36,RT @Ripple: Japan trade ministry explores the future of #blockchain https://t.co/AQzm4BUBBy
755439096923877378,2016-07-19 16:28:10,Momentum is accelerating!!  Top 20 global bank Mizuho to pilot @Ripple for x-border https://t.co/vtRXpf3W4Z (and great coverage in Nikkei)
753982731554435072,2016-07-15 16:01:06,"$1,000 from Canada to Germany in seconds, not days: the speed of Ripple.  https://t.co/GWLn3KrzHB  @ripple"
749270095579402248,2016-07-02 15:54:46,RT @warpaul: Why I'm Joining @Ripple &amp; Doubling Down on the Internet of Value https://t.co/cC7tMfB4N7 https://t.co/rrbA8Zm38w
745640646568873984,2016-06-22 15:32:38,RT @Ripple: Seven Leading Banks Join Ripple’s Global Network https://t.co/ae2U5tggmj
743428804027154432,2016-06-16 13:03:33,"Trump on US Constitution:
  
Freedom of Religion - not if you are Muslim.
Freedom of Press - not if you are Wash Post.  

what's next?"
738070124020695040,2016-06-01 18:10:04,RT @davidwkenny: Blockchain will be as important as cognitive to changing how companies operate @IBM @GinniRometty https://t.co/lcPVYaDZq3
738069702207885312,2016-06-01 18:08:24,I’m a fan of the new @superflyapp private is where it is at these days and these guys nailed it. https://t.co/clKjkj9Sjg
734789438685876224,2016-05-23 16:53:48,RT @Ripple: Interview: @Interledger is a 'network of networks.' https://t.co/ZTPw3q6PDn
734788680045318144,2016-05-23 16:50:47,"most pressing prob facing nation isn’t Big Biz Big Media or even Big Money in politics. It’s you, the American voter.https://t.co/IALh6yiobH"
715433713027264512,2016-03-31 07:01:03,"RT @Ripple: There won’t be one #blockchain to rule them all, says Marley Gray, from @Microsoft @Azure. https://t.co/UUL2mxh9af https://t.co…"
715433673370120192,2016-03-31 07:00:54,RT @Ripple: Interoperability: the next financial frontier. https://t.co/vkz0hgtaf3 https://t.co/otDZ70go2R
710325616915034113,2016-03-17 04:43:18,RT @Ripple: There’s a revolution happening in financial technology— in part driven by distributed ledgers like #blockchain: https://t.co/cf…
707938396824403969,2016-03-10 14:37:21,"RT @Ripple: Our SF office has 3 spaces named for great women economists: Phyllis Ann Wallace, Barbara Bergmann, Elinor Ostrum. #Internation…"
704178913832873986,2016-02-29 05:38:30,RT @Ripple: The Federal Reserve is reviewing faster payment strategies like Ripple for interoperability. https://t.co/UalwsXyZjH via @FedPa…
702499855831166976,2016-02-24 14:26:32,RT @Ripple: Banks Could Boost Earnings by $500 Million a Year via @Accenture: https://t.co/kKRRJVoqVS https://t.co/pZKRwsVho3
697473005652307968,2016-02-10 17:31:37,@Earthport bringing distributed ledgers to global banking partners with @Ripple https://t.co/eLDfll0Ztt
695380132375048198,2016-02-04 22:55:17,@louisgray ahem.  it was a MANIFESTO!
695371665836933121,2016-02-04 22:21:39,Peanut Butter never gets stale.
686763186700300289,2016-01-12 04:14:37,RT @MarcusTetwiler: KU students connecting with KU alumni. Wouldn't be surprised if a few come away with a j-o-b tonight @kualumni https://…
685631595877953540,2016-01-09 01:18:05,"@ebekiel irrational exuberance fueled by free flowing VC dollars? Or sustainable because cos like @salesforce, @Uber, @Airbnb taking over SF"
685628040513228800,2016-01-09 01:03:57,Avg SF commercial real estate ask price was up 14.3% in Q4. SF Now above NYC @ $72.26 as most expensive in US.  Is it a bulge or a bubble?!
684830819010019328,2016-01-06 20:16:05,"Why @Interledger?“A blockchain is essentially worthless if it’s just used within a single organization,”@HiroMarleyG https://t.co/tAMkACAaFL"
658709744320774144,2015-10-26 18:20:15,@Santander shares why they invested in @Ripple. In sum: team + product + customers + credibility with regulators. https://t.co/VWncxKaXIk
641350446267826177,2015-09-08 20:40:36,RT @KUprovost: Proud to celebrate these influential Jayhawks! https://t.co/Xa8E28DxUy
637023401069023232,2015-08-27 22:06:28,Just met a nonprofit tech startup crowdsourcing career info &amp; encouragement for low-income kids. Amzg experience @careervillage &lt; Try it out
628945281841692672,2015-08-05 15:06:55,Proud to see @RippleLabs awarded as @techpioneers by @wef for ability to transform #payments with @Ripple http://t.co/KzQT52FPU4
626402544001007616,2015-07-29 14:42:59,"Former @USTreasury Assistant Secretary @Michael_S_Barr joins @RippleLabs advisory board to improve financial ""access and efficiency"""
619653068955594752,2015-07-10 23:42:58,"NYC entrepreneurs: join @UnshackledUs, @bussgang at private screening of film: For Here Or To Go? RSVP here: http://t.co/9lJ9jE7Zx2"
614961173943840768,2015-06-28 00:59:03,RT @allisonbhusri: Yes. http://t.co/AkxuMwhFFY
607348039582294016,2015-06-07 00:47:11,RT @davepell: Fox News is reporting American Pharaoh was born in Kenya.
606893688812224512,2015-06-05 18:41:45,RT @sacca: @LarryChiang @tellapart @bgarlinghouse Shit. I probably should've used more food analogies to be as memorable as Brad's work.
605409188433436672,2015-06-01 16:22:53,Former @The_DTCC CEO Don Donahue joins @RippleLabs as an advisor http://t.co/tqoG8IkIJo  #IoV #Ripple
598964918642036737,2015-05-14 21:35:39,RT @mobileactionco: .@mobileaction is proud to be part of FbStart as great mobile tools for early stage app developers @facebook https://t.…
596337430539599872,2015-05-07 15:34:57,RT @zlurie: This homepage takeover is such a class act from a @SurveyMonkey competitor. Thank you Ryan Smith  @RyanQualtrics http://t.co/Yz…
595469682729033728,2015-05-05 06:06:50,"RT @sarahfrier: .@BarackObama makes a statement on Dave Goldberg's death: ""We celebrate a remarkable legacy."" https://t.co/uwQE9FdM3b"
594876830185721856,2015-05-03 14:51:03,Words can’t begin to describe how much Dave Goldberg will be missed.
593212843039727616,2015-04-29 00:38:57,"RT @RippleLabs: ""We're excited to announce ... we're working w/@WesternUnion on a pilot to provide infrastructure for real-time settlement.…"
591297447378419712,2015-04-23 17:47:51,@RippleWorksorg is recruiting #startup veterans to help startups in the developing world scale http://t.co/fKfNtXzJD0 #accelerateimpact
588703394308562944,2015-04-16 14:00:01,"Excited to learn from the brightest in #cryptography, #banking and #fintech at @RippleLabs. @Ripple #myheadhurts http://t.co/gF6p4xd1Si"
584205165894373376,2015-04-04 04:05:40,RT @shellen: I have some news! @HikeLabs is joining @Pinterest! http://t.co/TD0kPEx0dS
571082551927775233,2015-02-26 23:01:05,"love these guys!  
Kudos @blo and Team @VurbApp.  The headline says it all...
Vurb Is Crazy Enough To Fight Google
http://t.co/xp8S2QfQhi"
561122695316664321,2015-01-30 11:24:10,"RT @jimmy_wales: We now have both quarterly results reported: Apple profit $18 billion, Google *revenue* $18.1 billion."
558146882048757760,2015-01-22 06:19:21,RT @johnolilly: Feels like #whatWouldBillBelichekDo should be a thing.
555545715183603713,2015-01-15 02:03:14,RT @juliesnagel: Brian Drummond @LinkedIn discuss liberal arts/engineering educ at #KU @kualumni @kuengineering @KUCollege #techtrek http:/…
555545627346481153,2015-01-15 02:02:53,RT @jnmurray_ku: Great discussion at @facebook! Thanks for the insights and hospitality! #techtrek @KUbschool @KUnews @KUEndowment @kualumni
555374778258055169,2015-01-14 14:44:00,RT @heathpeterson: Outstanding KU Tech Trek event in San Fran! Thanks @bgarlinghouse @bmcclendon @gordobia for being great hosts! #kualumni…
137405393155530752,2011-11-18 05:42:53,"RT @creativescott: Wow, so I wake up this AM to see one of my best friends from elementary school all over Twitter. @bgarlinghouse #aol"
