id,created_at,text
951595586448486400,2018-01-11 23:24:02,Whitepaper on zkStark https://t.co/onF0AswtQD
938883103619211265,2017-12-07 21:29:10,"@jeffehh Sad, I was GavCoin HODLer"
924472289785188353,2017-10-29 03:05:44,@OrchidProtocol 1)dependency on ethererum/light client=less censor proof 2)topology eventually becomes centralized.… https://t.co/QXQJbiptub
923572761393549313,2017-10-26 15:31:20,Startup @orchidprotocol is building incentivized Tor/decentralized VPN. Great for Internet. Very important work! https://t.co/5xdMQmoXec
919951103135010822,2017-10-16 15:40:09,"KRACK breaks WPA2 - srs attack, affects clients on WIFI networks. Via all-0 encrypt key/sslstrip, get login info. https://t.co/P6l0ip8WhW"
915612646338174978,2017-10-04 16:20:40,Cooley/ProtoLabs hacked this SAFT paper together. Mission: legalize token sales &amp; ICOs + follow US security laws https://t.co/SRWJwUBjGM
909819968413462529,2017-09-18 16:42:38,PassGAN: AI password cracker - 1 neuronet invents passwords + another judges - 2x more efficient than JTR’s rules. https://t.co/B6ohTamn55
908003230688448512,2017-09-13 16:23:34,"Zcash protocol upgrade “Sapling” - Proof time ~7s, memory usage &lt;30MB from 3GB, possible w/ phones? Github: jubjub https://t.co/1mXbg82o4H"
900068952109445120,2017-08-22 18:55:35,"Estcoin: 1st gov backed token. From eVote to 5-min tax to early STEM, Estonia = epitome of innovations in government https://t.co/Rjdtzh8w7S"
889897065479892994,2017-07-25 17:16:08,“This Is How Your Fear and Outrage Are Being Sold for Profit” by @TobiasRose https://t.co/8EIE1uAcUw
879363989351919617,2017-06-26 15:41:27,"How HBO’s Silicon Valley built “Not Hotdog” with mobile TensorFlow, Keras &amp; React Native: 1 developer+macbook+gpu https://t.co/Ia8X3JSAkL"
876545270682718217,2017-06-18 21:00:52,"For those who are confused about ""blockchain"".. what it means, where/when/how to use it: https://t.co/AdUfUSbOsz"
874717774630834177,2017-06-13 19:59:03,"With deep learning, how important is it to understand the reasoning behind decisions made by AI? https://t.co/pxpC808WLu"
869988166442393600,2017-05-31 18:45:17,Check out the projects of the 2017 AI grant fellows: https://t.co/mEn7fWZHfg
864934603588587520,2017-05-17 20:04:13,I just published “On Fundraising” https://t.co/0wwoX5h4f0
856876042530828288,2017-04-25 14:22:23,On Growing: 7 Lessons from the Story of WeChat via YC https://t.co/WvRt4hG2B5
853292285034995712,2017-04-15 17:01:48,"ShadowBrokers: The NSA compromised the SWIFT Service Bureaus (EastNet &amp; BCG, possibly a lot more) https://t.co/xrq7q5TNvG"
851829507472470017,2017-04-11 16:09:15,Can “Digital Therapeutics” Be as Good as Drugs? https://t.co/EkMwjNDXc1
841321200995434496,2017-03-13 16:12:59,On Angel Investing https://t.co/5LaXPiTBCv
839126313214562305,2017-03-07 14:51:17,"First 3D printed residential tiny house in Russia, costs $10k, finished on-site in 24 hours! https://t.co/DaT7dWx5Hg"
832310079953186816,2017-02-16 19:26:01,Gates Foundation’s 2017 annual letter on what they’ve achieved in the past decade. https://t.co/uwBj87AYug
828662221362311168,2017-02-06 17:50:44,Russian Hackers broke slot machines by timing the spins from their knowledge of the psudorandom generator. No fix https://t.co/xxHdVc714W
818839078384893952,2017-01-10 15:17:04,Dr. Hanley electroperates himself w/ human GHRH plasmids: self experiment to combat aging/enhance immune system https://t.co/y1Vcwf4xJZ
814160100822806533,2016-12-28 17:24:29,"A part time job to research before starting a business = best advice. Humility + learning, not pride. @jasonfried https://t.co/u82IVupul9"
813789687349477376,2016-12-27 16:52:35,All-electric Quadrofoil will soon allow you to fly on water – WANT! https://t.co/q4oOA3kP82
811603015408959488,2016-12-21 16:03:32,Biggest Ad Fraud Ever: Russian Hackers Make $5M A Day By Faking 300M Video Views via a botfarm dubbed Methbot https://t.co/FvI0TSFIv0
786582114087075841,2016-10-13 14:59:24,Analysis of massive DDoS attacks coming from IoT cameras by @cloudflare https://t.co/cacbbBUSb8
770615054328819712,2016-08-30 13:32:00,This one-yr case study is absolute gold for any startup founder who wants to understand his/her own time management https://t.co/uHzLFrMwm9
770290232600264704,2016-08-29 16:01:17,A great piece by @a16z on How Startup Options (and Ownership) Works https://t.co/xrt3HpUuEW
759580466949267456,2016-07-31 02:44:30,"How Magic Leap, one of the best funded startup/VR super unicorn, works https://t.co/qLfm5WzO18"
737427321007833089,2016-05-30 23:35:48,The government should take a field trip to Silicon Valley instead: https://t.co/Km4Xnp2j8D
729008221231403008,2016-05-07 18:01:18,Why wind turbines have three blades? https://t.co/k7toEjoGMZ
725537595136958464,2016-04-28 04:10:17,"In case you didn't know what it's like to work at a SF tech startup, now you know: https://t.co/LyEicIbQVr"
724629120743690240,2016-04-25 16:00:20,Bank of Japan Is Now a Top 10 Holder in 90% of Japanese Stocks https://t.co/GicpNeiYHZ
712172354676260868,2016-03-22 07:01:35,Universities Are Becoming Billion-Dollar Hedge Funds With Schools Attached https://t.co/9ng8elxYdq
697118373352607745,2016-02-09 18:02:26,In-depth analysis of the insurance industry (mainly EU) by @robmoff https://t.co/lKuITHrUba
696617361764278273,2016-02-08 08:51:36,"Alec Ross comparing Estonia &amp; Belarus’ innovations: e-voting, 5-min tax returns, e-residency, 1st grade coding class https://t.co/Py1kMJ8CzA"
682619680117387265,2015-12-31 17:49:48,“Bitcoin is Being Hot-Wired for Settlement” by @jgarzik https://t.co/3wIvE6ZmZK
676317666139766784,2015-12-14 08:27:51,"Dubbed “Bootrash”, this bookit infects MBR and is installed on the empty space btw partitions. Loads before Windows https://t.co/P1JBjGpLNp"
672508327658590208,2015-12-03 20:10:54,~$30 + old xbox controller = complete gaming system. Pi Zero in controller hack @edent https://t.co/QC0YcF7GYB
671985987027795969,2015-12-02 09:35:18,Unicorns vs. Donkeys: Handy Guide to Distinguishing by @abhasvc  https://t.co/LfP2M4kCdT
661277691165831169,2015-11-02 20:24:22,How an episode of The Simpsons is made https://t.co/8aNjakFKYQ
657317445460332544,2015-10-22 22:07:46,From Outsourcing Your Life to Full Automation: https://t.co/skKDzsin6d
655085375287771136,2015-10-16 18:18:19,How to Protect Yourself from NSA Attacks on 1024-bit DH https://t.co/rOD5qryogD
647193800570368000,2015-09-24 23:40:00,Coinbase’s 9-patent submission to USPTO http://t.co/ybmSdWl6Hx
633023306409447424,2015-08-16 21:11:31,Guy with a Ham Radio License chats with an astronaut on ISS for 45 seconds http://t.co/pHNZDqcLTP
628706814926848000,2015-08-04 23:19:20,Everyone's having fun at http://t.co/hkDu9bOhNE's expense today. Greg Maxwell got 21MM bitcoins! Haha http://t.co/Duws2FYz5n
626819897612333056,2015-07-30 18:21:23,Ethereum launched Frontier: https://t.co/Yqj224MrpT
619981413312430080,2015-07-11 21:27:42,How does Shazam work http://t.co/4IY4ESqePl
617942760138543105,2015-07-06 06:26:49,China’s Stock Market Rout is a Double Threat http://t.co/jb8PQJtDF2
608418346686623745,2015-06-09 23:40:12,Blockstream/Greg Maxwell’s Confidential Transactions: best/cleverest from their announcement of Elements https://t.co/3bcGzDPELq
600537263697625088,2015-05-19 05:43:35,@jgarzik @DollarJones @gavinandresen @petertoddbtc This man has 9 of these in one of his many factories across China. http://t.co/y9DtiIPSvn
600449118452879360,2015-05-18 23:53:20,Welcome the Botnet 2.0: https://t.co/dqnBOEVhto
598414742521192448,2015-05-13 09:09:27,Richard Brown: World of “blockchains” is actually two worlds - Permissionless vs. Permissioned http://t.co/pg4pNFi1Im
597106613216907264,2015-05-09 18:31:24,Gavin: Why increasing the max block size is urgent http://t.co/NK9aedomY1
593123000674701313,2015-04-28 18:41:57,How Quantum Pairs Stitch Space-Time  https://t.co/Ozpje80DaN
586606293818847233,2015-04-10 19:06:53,China's Great Cannon: analysis on recent DDOS on Github  https://t.co/xrGXR2Y8XI
584204542947917824,2015-04-04 04:03:11,The Cuban Money Crisis http://t.co/r51Lzzr9T8
582616657962491904,2015-03-30 18:53:30,"Complaint about FBI Agents working on DPR case: shell companies, forge letters, offshore investments. So Hollywood!  http://t.co/tfnBap0RG5"
579051589429657601,2015-03-20 22:47:11,Detailed description of dll hijacking on OS X! NSA flash installer = nice touch ha! Gatekeeper bypass+MITM download https://t.co/3Ght6aOjjn
572976671151788032,2015-03-04 04:27:38,"TLS FREAK Attack, victims include american express, groupon, bloomberg, kohls… https://t.co/GMG7hlVqCx"
571247515640598528,2015-02-27 09:56:35,How to scale Bitcoin to 7 billion people? Lightning Network is one of very few great ideas since Satoshi's whitepaper http://t.co/IgPXp0Fsmr
566158544148242432,2015-02-13 08:54:50,Online Algorithms in High-Frequency Trading http://t.co/R1PDwYfVwi
565222548947103744,2015-02-10 18:55:31,Microsoft Research on Byzantine Consensus. One of the most entertaining papers from Microsoft for sure! http://t.co/7G76ad6e8s
562737108943925253,2015-02-03 22:19:16,Underside of an iceberg: http://t.co/qHDedHFJIl
561301936667127809,2015-01-30 23:16:24,University of Warsaw - On Bitcoin Malleability http://t.co/GMSR4AfBj4
561277471803596801,2015-01-30 21:39:11,Air-Gapped Computers Compromised Using EM Side-Channel Attacks @gtcomputing Paper was somewhat disappointing tbh http://t.co/a0i0dXrjoo
561092056001429507,2015-01-30 09:22:25,"In 3 years, fraud researchers invested $147k, returned $1.76 mil (1819%), option trading via querying internal db http://t.co/oKYH8R0IEb"
560248594402664448,2015-01-28 01:30:48,Fed’s strategies to improve current payment system https://t.co/kMXZppGB0F
559455568243326976,2015-01-25 20:59:36,“Poor people don’t plan long-term. We’ll just get our hearts broken” http://t.co/bUr7Hk9TwY
555460352549588992,2015-01-14 20:24:02,Bip 62 only solves 3rd party malleability. I was referring to something more interesting re my previous tweet :) @alness
555458975878381568,2015-01-14 20:18:34,"Tadge talks about Malleability (the REAL threat) and a soft fork to fix it, MUST WATCH: https://t.co/0qXN2CUZsQ"
552544074545508353,2015-01-06 19:15:47,Secure Secure Shell: “My goal with this post here is to make NSA analysts sad” :) https://t.co/js9GuSyyrj
548055818068033536,2014-12-25 10:01:04,Web Encryption: 2014 in Review https://t.co/oAE7jClN2X
543874272033529856,2014-12-13 21:05:05,A Novel Approach For Computer Worm Control Using Decentralized Data Structures https://t.co/yq4EoPmWqN
541041288519221248,2014-12-06 01:27:49,"Stellar had a fork... Solution? ""We will now resort to an one-validator-node consensus system""  https://t.co/QzN7NTZIMU"
540669738196545536,2014-12-05 00:51:25,"With malleability, you really cannot do anything too interesting with Bitcoin. This really should to be fixed ASAP."
539364279280218112,2014-12-01 10:23:59,Great Works in Programming Languages  http://t.co/QykYU6W3Hl
532990250222510081,2014-11-13 20:15:52,Counterparty integrated Ethereum? Ethereum hasn't integrated Ethereum yet...
530799737788968962,2014-11-07 19:11:33,"High frequency ads arbitraging, not news, but mind-boggling numbers http://t.co/8prEQ0YTFV"
530438241246519299,2014-11-06 19:15:06,"Blake aka Defcon arrested, silkroad 2.0 operator, another SF guy. http://t.co/FaZ4IxW17F"
528254394614448128,2014-10-31 18:37:16,"Virgin Galactic’s SpaceShipTwo crashes shortly after Mojave test flight, 1 fatality. http://t.co/RoTjAZvpfo"
525103182553182211,2014-10-23 01:55:29,Enabling Blockchain Innovations with Pegged Sidechains  http://t.co/Y5h2PLxwc4
523871929762320384,2014-10-19 16:22:55,"Disney renders “Big Hero 6” on a 55,000-core super computer. http://t.co/1zhOiynwbC"
522080008991670272,2014-10-14 17:42:28,Andrew Sorensen programs live music in Extempore (mixture of lisp &amp; C) https://t.co/RDU4Kd3grS
521386466039975936,2014-10-12 19:46:35,IPFS: The Permanent Web http://t.co/mQ087jN67I
520088853584297985,2014-10-09 05:50:20,What kids around the world eat for breakfast  http://t.co/NEtQVMQI7g
517366411157864448,2014-10-01 17:32:19,Common attacks from the recent Shellshock bug: https://t.co/ztOmMpVVlc
517126866050613248,2014-10-01 01:40:27,How RAM Scrapers Work: The Tool Behind the Latest Credit Card Hacks http://t.co/QenZkcRwQ6
514482708462833664,2014-09-23 18:33:30,This is why the bitcoin price jumped like 10% today? http://t.co/wXHAQS3Y7x via @coindesk
514255998052102145,2014-09-23 03:32:39,MIT Students Battle State's Demand for Their Bitcoin Miner's Source Code. Seriously? Aaron Swartz all over again.  http://t.co/73mLr73lx5
513996638524682240,2014-09-22 10:22:02,An Insider’s Account of the Yahoo-Alibaba Deal http://t.co/c11S09RBbN
512660545728565248,2014-09-18 17:52:53,VC on convertible notes and why it's bad  http://t.co/a3pBlcufai
511950065427296256,2014-09-16 18:49:41,"Byron: Draper Coin blockchain - it's earning ""interest"" as people send tiny donations in order to leave a comment. https://t.co/8cyA4J4m4O"
510189032668528640,2014-09-11 22:11:58,"Cryptomarkets are gentrifying the drug trade, and that’s probably a good thing: https://t.co/myJgYJwQwX"
510187588196786176,2014-09-11 22:06:14,Another case for the tiny home movement - Professor lives in a dumpster on campus: http://t.co/ap6XBWSTYC
509830070090092544,2014-09-10 22:25:35,IBM’s internet of things architecture: 1) Blockchain 2) DHT 3) BitTorrent http://t.co/ZhG0fdWHY8
508198673801424896,2014-09-06 10:23:00,The FBI Finally Says How It ‘Legally’ Pinpointed Silk Road’s Server http://t.co/yIpfGMos5O
507788250077872128,2014-09-05 07:12:07,Secret Network Connects Harvard Money to Payday Loans http://t.co/wn6qBXtwqH
507365773749141504,2014-09-04 03:13:21,Lending Club Can Be a Better Bank Than the Banks  http://t.co/TSone6BgNz
505404415600111616,2014-08-29 17:19:37,Inside One of the World's Largest Bitcoin Mines - 5% of all hashing power http://t.co/LYyOThLujX
505181860419223552,2014-08-29 02:35:16,remember Hal Finney: https://t.co/IhZ1P2Zm96
504122516307066880,2014-08-26 04:25:48,Teaching machines to read between the lines (and a new corpus with entity salience annotations) http://t.co/hsvSBV5V4h
502736585314426880,2014-08-22 08:38:36,What Lies Beneath Stonehenge? http://t.co/M0X1cKRigm
500335713200914432,2014-08-15 17:38:24,An amateur linguist loses control of the language he invented (2012) http://t.co/BR56jvhl5l
499316458393178112,2014-08-12 22:08:15,How come nobody realizes what a huge deal this is?! Bitcoin scaling issue doesn’t interest anyone? https://t.co/uhhvF1qrZv
498884969012666368,2014-08-11 17:33:40,Distributed systems theory for distributed systems engineer http://t.co/GqPI0wqfRA
498777618658127872,2014-08-11 10:27:05,first-person hyperlapse videos http://t.co/kpKc91z5E9
498371748870369282,2014-08-10 07:34:18,Let me know what you think about Tadge's I/O proof of work - HASHIMOTO: https://t.co/DfePT3Ycwy #bitcoin #Ethereum
497903490958499840,2014-08-09 00:33:37,"Judge rejects $324.5M settlement over Apple, Google adobe class action lawsuit. Reason: number too low.  http://t.co/kwYV1NWb6f"
497778830694576129,2014-08-08 16:18:16,How to Use Your Cat to Hack Your Neighbor’s Wi-Fi http://t.co/PNy0exHDxS
497309106147835904,2014-08-07 09:11:45,"@mifreewil go to sleep Sean, stop wasting time on twitter!"
497295289338707968,2014-08-07 08:16:50,kvm vs. docker comparison: http://t.co/LEEMroBYfR .. source code at: https://t.co/JXTCJDXbwi
496754869261570048,2014-08-05 20:29:24,"@mattetti @sandofsky I work in the area, but only went in after I started watching Silicon Valley"
496733317115699200,2014-08-05 19:03:46,Discussion about bitcoin deterministic transaction expiration: http://t.co/KrkrhRYlWk
496724895783747584,2014-08-05 18:30:18,Neglected machine learning ideas  https://t.co/vbDEHblVKl
496542482532806656,2014-08-05 06:25:27,Banks lure fintech startups with venture funds http://t.co/wn7EFkm9ke
495662858110119937,2014-08-02 20:10:09,RT @kgreenek: Here's a fun spreadsheet: Bitcoin Venture Capital Funding --&gt; http://t.co/VEW89oaOBM
494898475071311872,2014-07-31 17:32:45,"Jed's new ""secret bitcoin project"": Stellar! Like ripple 1.01 funded by stripe:  https://t.co/pdkAAup199"
494681950477504512,2014-07-31 03:12:22,NomadList – The best cities to live and work remotely in http://t.co/gHNGefQnec
494398003885535232,2014-07-30 08:24:04,@kgreenek goswift is really happening!
494373371434381312,2014-07-30 06:46:11,C and Go without CGO http://t.co/VMQEOKGcYr
493643840469733379,2014-07-28 06:27:17,Black holes might end their lives by transforming into their exact opposite  http://t.co/ytumsB9Jsg
493254518390267905,2014-07-27 04:40:16,The New York Times Calls for Marijuana Legalization http://t.co/e94G6Ooikk
492229422661922816,2014-07-24 08:46:54,India's smart shoe vibrates when you need to turn http://t.co/4eyrJ88lUN
491843092048130048,2014-07-23 07:11:45,Minimum Viable Block Chain https://t.co/4Zuyy7USvI
491357323047084032,2014-07-21 23:01:29,Ripple Labs Unveils Proposal for New Smart Contract System http://t.co/fYrekKQstC
491289552771104769,2014-07-21 18:32:11,Bitcoin: the Stripe perspective https://t.co/2KVQbuS0Y3
490599427527032832,2014-07-19 20:49:53,"Identifying backdoors, attack points, and surveillance mechanisms in iOS devices http://t.co/sTFiExguoq"
490178498892288000,2014-07-18 16:57:15,Dell Now Accepts Bitcoin http://t.co/i2sIfrr8NE
490036388117483520,2014-07-18 07:32:34,The real 10 algorithms that dominate our world https://t.co/Bq5CXw3Hvu
489934543286063104,2014-07-18 00:47:52,"@JordanSteeves Hey! Sadly I stopped working on it when I was applying to YC. Not finished, can be turned into a server pretty easily"
489844501372866561,2014-07-17 18:50:04,"@EtherCasts waterfall: http://t.co/F4UE4XIGpU way to go, Joris!"
489668029387509760,2014-07-17 07:08:50,"Gotta love hackers, free use of land for cool projects (real life farmville!):  https://t.co/FHpr9Hcxw6"
489297890230009856,2014-07-16 06:38:02,"@sge55 IMO it's a huge abuse of power by the devs, even though they did get the coins back. It sets a bad precedence."
489297281238052864,2014-07-16 06:35:37,"@FutureMoneyTren afaik, nobody knows how mtgox got ""hacked"" yet :) but I don't believe it's SQL Injection"
489114394744606720,2014-07-15 18:28:53,MintPal lost 30% (8 mil) of Vericoins due to SQL injection? wtf… http://t.co/N90yVC1TAS
488223820168175617,2014-07-13 07:30:04,Four Technologies that will Revolutionize Financial Services http://t.co/5GFNhs3X6v
488104606816149504,2014-07-12 23:36:21,Kryptoradio – A Bitcoin data transmission system http://t.co/rugNBUTMwJ
487511827429879808,2014-07-11 08:20:51,The hunt for life beyond earth http://t.co/eiysxUhmsM
487380093333819392,2014-07-10 23:37:23,"Opposite of current Proof of Works: puzzles are easy to generate, but hard to solve - wonder what we can use it for http://t.co/LWEYdi41WX"
487105669971992576,2014-07-10 05:26:56,"Discussions: Hyperledger, a more centralized payment protocol https://t.co/RR56CVQuli"
486977657775484928,2014-07-09 20:58:15,"Solitude not only improves creativity, productivity, but also empathy http://t.co/YFCrY6Hz48"
486565018314743808,2014-07-08 17:38:34,RT @ethereumproject: Vitalik Buterin (@VitalikButerin) on Proof of Stake in a new ethereum blog post: https://t.co/5jtZns1cDC
486414871752237057,2014-07-08 07:41:57,"lol wat? Fujitsu, Toshiba are now growing veggies in factories.. “Starting tomorrow, you are going to make lettuce.” http://t.co/omzunbt3Cd"
486253359650054144,2014-07-07 21:00:09,"Bitcoin 0.10 switching to flexible fees. One down, many more to go https://t.co/Gf3pXOf7vF"
485870922792845312,2014-07-06 19:40:29,Hong Kong's subway engineers work for an AI boss.  http://t.co/qDWqQ9c3hj
484957921378172928,2014-07-04 07:12:33,O Shit!!!! TJ left node?! https://t.co/zuLtHt54y5
484843785369559041,2014-07-03 23:39:01,"Lamport's paper on Time, clocks, order of events on distributed systems. http://t.co/9eRU0gRhZg"
484444170804035584,2014-07-02 21:11:05,Draper’s Bitcoin Press Conference Live Stream: http://t.co/jDpWWL49hF
484389203820957696,2014-07-02 17:32:40,Mike Hearn is releasing LightHouse in Aug? What’s going on with @swarmcorp? http://t.co/fNeTYRMZQQ
484366253646032896,2014-07-02 16:01:28,Coinbase introduces Vault http://t.co/REVWeTczuc
484366196691570688,2014-07-02 16:01:15,Venture Capitalist Tim Draper Wins Bitcoin Auction http://t.co/V9MeuZZWOc
484287449376370690,2014-07-02 10:48:20,BitAuth for Decentralized Authentication http://t.co/u5u21cPR0e
483653107901952000,2014-06-30 16:47:41,Detailed analysis of how the wealthy shield their wealth in NY real estate. http://t.co/CBCnATtZXc
483508664460779522,2014-06-30 07:13:43,Write 225 words/min with Gregg shorthand! http://t.co/Hp1X4rOam3
482296466572984321,2014-06-26 22:56:52,@gavofyork on ÐApps: What Web 3.0 Looks Like http://t.co/8l44ys8vAE
481869896880766976,2014-06-25 18:41:50,"Proof of Activity: extending bitcoin POW via POS - Iddo Bentov, Charles Lee, Alex Mizrahi, and Meni Rosenfeld http://t.co/nw05S8ipeb"
481604832122650624,2014-06-25 01:08:34,"CUCKOO: proof of work, finding len-42 cycles makes it memory hard. Verification takes ~70 bytes. https://t.co/Rsk2MPkBxz"
481134475451965443,2014-06-23 17:59:32,Halsey Minor's New Payments Platform Bitreserve = using bitcoin as ripple? why would anyone pay 0.75% for that? http://t.co/rCOLY35Gbp
481111183093551105,2014-06-23 16:26:59,Eigenmorality - using the underlying principle Of Clever and PageRank to judge morality http://t.co/BBbxe6IdB2
480126285801213952,2014-06-20 23:13:21,On Mining https://t.co/Uw5WTEdClN
480064781656002560,2014-06-20 19:08:57,On Startup Valuations - Sam Altman http://t.co/mn9971oNCj
479840331488174080,2014-06-20 04:17:04,"MIT loves Bitcoins, launching first ATM http://t.co/nzyHVndvUd"
479658531377799172,2014-06-19 16:14:40,Show HN: Dead simple Bitcoin payroll http://t.co/Rd9c3vVEI6
478960553134927872,2014-06-17 18:01:09,Javascript Cryptography - Matasano Security http://t.co/RxqzyY0E7Z
478820153681924097,2014-06-17 08:43:15,Andreessen: Turn Detroit into Drone Valley http://t.co/zIEBqbY4dk
478819055227248640,2014-06-17 08:38:53,Machine Learning for Risk at AirBnB http://t.co/wFHlOZiHBd
478597193256169473,2014-06-16 17:57:17,DAO proposal https://t.co/rgoqwMj6so
478392080301948929,2014-06-16 04:22:14,Smashing Swift http://t.co/qQkYb7Z9sa
477552014436880384,2014-06-13 20:44:07,Discussion on GHash’s 51% control over bitcoin blockchain https://t.co/IuhPLvoS2F
477232400120832001,2014-06-12 23:34:05,Neutrino: litecoin with Tor http://t.co/NTn3blRq67
476804846742679552,2014-06-11 19:15:08,Gold-Dispensing ATM http://t.co/8fgilyJW4R
476760925018394625,2014-06-11 16:20:36,Expedia Starts Accepting Bitcoin for Hotel Bookings http://t.co/kC6kOxVMUz
476405273721307136,2014-06-10 16:47:23,Gavin Andresen’s Bitcoin 2.0 without Ethereum http://t.co/Dp4LewBrPv
475367645156368384,2014-06-07 20:04:13,How dispatch_once work: https://t.co/rhiHGibKqH
474867336009097216,2014-06-06 10:56:10,Xiaomi's journey to success http://t.co/TmxMW9MYc3
474746632433434625,2014-06-06 02:56:32,TorCoin https://t.co/pGJN9FyeAr
474733960661307392,2014-06-06 02:06:11,"Lang comparison: C++ 11, Java 8, JS http://t.co/xg8IxLOie7"
473861369377218560,2014-06-03 16:18:49,SEC Charges Bitcoin Entrepreneur For Share Offering http://t.co/aGjmYT4uq5
473662437950910464,2014-06-03 03:08:20,Swift – observations from Rust’s original designer http://t.co/9IFFk1o35z
472839953752145920,2014-05-31 20:40:04,RT @queentatiana: # Bitcoin Backers Embrace Crowd Funding w “Tatiana Coin” http://t.co/xK8vvPF4bS @tatianacoin @antiwar2 @LetsTalkBitcoin @…
472410224780144640,2014-05-30 16:12:29,Become a kernel hacker: A guide to writing your first Linux kernel module http://t.co/ffjK6MA0nJ
472069632417734656,2014-05-29 17:39:05,"Go, REST APIs, and Pointers https://t.co/wsbB973LRW"
470370831202549761,2014-05-25 01:08:39,rent or buy? http://t.co/yOJYMNnAAn
469763899940536320,2014-05-23 08:56:56,Big repos with git http://t.co/iFK1b9EUHL
468333219620724738,2014-05-19 10:11:55,Zerocash: Decentralized Anonymous Payments from Bitcoin [pdf] http://t.co/CvGAe6xhLF
467950268630331392,2014-05-18 08:50:12,RT @calestous: #CreativeAfrica: #Nigerian student built wind and solar powered car from scraps http://t.co/trjbMoszmG http://t.co/97D1Xsa1X6
467831866750685184,2014-05-18 00:59:43,http://t.co/xzkAKCMn5l
467759930372399104,2014-05-17 20:13:52,"How I bypassed 2-Factor-Authentication on Google, Facebook, Yahoo, LinkedIn http://t.co/adTIFq8myH"
467757862144323584,2014-05-17 20:05:39,Algorithm appointed board director http://t.co/ZKOOGmhpVN
467356941920915457,2014-05-16 17:32:32,@AlTobey thanks man! Awesome talk
467098323233435648,2014-05-16 00:24:53,The Trade of the Century: When George Soros Broke the British Pound http://t.co/0G1d22kQSO
466987962408779777,2014-05-15 17:06:21,"Bitcoin angel investor Roger Ver launches ""Passports for Bitcoin"" http://t.co/LbeABbPmFv"
466862797653950465,2014-05-15 08:48:59,@AlTobey dude what was that tool you used to show mem usage etc. Super colorful?
466830801619779584,2014-05-15 06:41:51,SHA-256 Certificates Are Coming https://t.co/b8PIMxcCW8
466142612353605633,2014-05-13 09:07:13,"Spinjar: Bitcoin vs Ethereum, a Test Case http://t.co/7o62hDnpMc"
465192938759139329,2014-05-10 18:13:34,Bit.ly compromised – More Details http://t.co/6w95kJhOy9
464801907194994688,2014-05-09 16:19:44,WhatsApplebee's: the premiere Applebee's-based social chat app. Lol! http://t.co/ZhhW9UV7qn
464337510579974144,2014-05-08 09:34:24,Rarely Used Postgres Datatypes http://t.co/Ae6gPhh7Bm
463746746011906048,2014-05-06 18:26:54,Working from home http://t.co/pX6oTK1A7r
461919280737812480,2014-05-01 17:25:13,modern java dev http://t.co/J57fWEKI4d
461899298850893824,2014-05-01 16:05:49,Web Framework Benchmarks Round 9 http://t.co/hMcB5L8jXa
461694050840489984,2014-05-01 02:30:14,Things I Learned Writing a JIT in Go http://t.co/lbHuSAwvNi
461182930988331008,2014-04-29 16:39:13,"Comon, @gtcomputing, with alums like @bitpay we need to step it up! http://t.co/CATVLiHPQG"
461158646768885761,2014-04-29 15:02:43,Sweden: The New Laboratory for a Six-Hour Work Day http://t.co/WRPs5ay41L
460831713435058176,2014-04-28 17:23:36,Heartbleed leaked private keys http://t.co/dYm2TuOPM6
460325454667206656,2014-04-27 07:51:55,Go: Best Practices for Production Enviroments http://t.co/0vUG5JE1zp
460100441250881536,2014-04-26 16:57:48,Using Facebook Notes to DDoS any website http://t.co/nYvFB7191Z?
459723773516603394,2014-04-25 16:01:03,No Exit http://t.co/HOIGNnoLG2
459228063251709953,2014-04-24 07:11:16,AWS Elastic Beanstalk for Docker http://t.co/tfT6SfHkDH
459227926114734080,2014-04-24 07:10:44,How ACH works: A developer perspective http://t.co/XxlfTk8tiZ
458268514764083200,2014-04-21 15:38:22,UPSERTisms in Postgres http://t.co/js45sdJXh7
457962266441162753,2014-04-20 19:21:27,Powdered Alcohol. It's a real thing now! http://t.co/lpOa5eQjZd
457622698219163648,2014-04-19 20:52:08,Go Performance Tales http://t.co/aIvxQZpNG1
456663962218549248,2014-04-17 05:22:27,"The Same-Day War: Amazon, Google And Walmart Race To Bring Your Groceries. Walmart to go is amazing! http://t.co/DgCH9cjSEe"
456354762976292864,2014-04-16 08:53:48,disruptive bank: http://t.co/qwUFtMXAF2
456258854427168768,2014-04-16 02:32:42,How Being a Doctor Became the Most Miserable Profession http://t.co/K0i3RJQd92 via @thedailybeast
456257838520606720,2014-04-16 02:28:40,Network of 75 Million Neurons of the Mouse Brain Mapped for the First Time | Singularity Hub http://t.co/gz4wlJjBDC
456137907275722752,2014-04-15 18:32:06,Calendar reform http://t.co/iRZuhs2rEw
455304266626764801,2014-04-13 11:19:30,How Japan Copied American Culture and Made it Better http://t.co/QBXQPL7hDE
454953711547056128,2014-04-12 12:06:32,"Testing with Jenkins, Ansible and Docker http://t.co/xyyq1Pppg4"
454811392999051264,2014-04-12 02:41:00,Thanks for Being a Star Performer. Now I Will Ignore You. | LinkedIn http://t.co/XOlpE9VLgP
454116995768655872,2014-04-10 04:41:43,docker/lxc security: http://t.co/Gwo2d3kJDz
454070655185481730,2014-04-10 01:37:35,Why Go is elegant and makes my code elegant http://t.co/CicWptGJ68
454044682163482624,2014-04-09 23:54:22,@fredzirdung @HackReactor yall looking for instructors?
453342751321362432,2014-04-08 01:25:09,The Decline of the Mobile Web http://t.co/Xx4mk7SOwZ
453267961805955072,2014-04-07 20:27:58,"Al Jazeera - Ethereum, bitcoin’s most ambitious successor http://t.co/QmKdvkXVA8"
452121854258335744,2014-04-04 16:33:44,Jeopardy N-gram viewer lets you visualize trends across 30 years of clues http://t.co/9L4F2fc8BI
451833436823506944,2014-04-03 21:27:40,Postgres pain points https://t.co/lHRLrdOjUy
451048155019100160,2014-04-01 17:27:14,Huge piece about high frequency trading http://t.co/1StwOyF3bN
