id,created_at,text
953155390132244480,2018-01-16 06:42:08,@jon_choi_ I'd add security
953140062660698112,2018-01-16 05:41:14,@Steven_McKie @onchainfx @TokenData @coinmetrics @stefanobernardi @yanroux @wheatpond @evan_van_ness @laurashin… https://t.co/aBhz9OlnCb
953102969238560769,2018-01-16 03:13:50,@espitia7 @0xProject @espitia7 done!
953094443250233345,2018-01-16 02:39:57,@Steven_McKie @onchainfx @TokenData @coinmetrics @stefanobernardi @yanroux @wheatpond @evan_van_ness @laurashin… https://t.co/eOg7BjD7q7
953092998274826241,2018-01-16 02:34:13,"Favorite resources:

Token metrics: @onchainfx, @TokenData, @coinmetrics 

Newsletters: ""Token Economy"" by… https://t.co/llWkEpk8Z5"
953064378349137920,2018-01-16 00:40:29,@wheatpond @decredproject @SiaTechHQ @0xProject @LivepeerOrg @zcashco I've been recommending your newsletter to everyone.
952392752284577793,2018-01-14 04:11:41,@ChrisLundkvist I came across it in the technology section 🤔https://t.co/Wl1mqE7M4V
952338415986532352,2018-01-14 00:35:46,"@XRPRipple Well your Twitter name is ""MONEY"""
952323720890089472,2018-01-13 23:37:23,I respect some of the people featured in this article but I have to say this is not a good look for the community.… https://t.co/aYwqOua5nB
951934307039236096,2018-01-12 21:49:59,RT @ParadexIO: Our Mainnet beta is here! 🚀 https://t.co/1dEiHw24rc https://t.co/6WwC8WYXF2
951374742358917120,2018-01-11 08:46:28,"@bentossell Yes, I'll definitely share the final list publicly."
951373972574121984,2018-01-11 08:43:25,What’s one thing you wish someone had told you earlier when you first got into cryptocurrencies? I’m putting togeth… https://t.co/5umk87UK9t
951321380573736961,2018-01-11 05:14:26,"RT @cryptomanran: Just called my counter part in Korea, he says that the reports are FUD. The position is that the Korean authorities are c…"
951161195003756544,2018-01-10 18:37:55,@_jillruth tokendata.io
951147802968522752,2018-01-10 17:44:42,"RT @keep_project: Miners Aren't Your Friends - a guest post in the Keep #Blockchain Education Series by advisor @_prestwich 

""... try to k…"
950508201903992833,2018-01-08 23:23:09,@KyleSamani  https://t.co/yJeQ3QXaR4
950271341973749760,2018-01-08 07:41:57,"RT @juanbenet: @bedehomender @justinsuntron @IPFSbot @MineFilecoin Wow! Absurd! TRON's ""paper"" is mostly copied from other projects, or is…"
950263112485150720,2018-01-08 07:09:15,My mind is completely blown reading this r/bitcoin post from Aug 2013. It’s about a time traveler warning everyone… https://t.co/4SlvDh6alV
950255472786915328,2018-01-08 06:38:54,"RT @Melt_Dem: i was skeptical of decentralized exchanges, but @RadarRelay is starting to prove me wrong. $2M traded in last 24 hours, all f…"
950172851176292352,2018-01-08 01:10:35,RT @NTmoney: Our Process for Evaluating New Tokens https://t.co/8SLWZRboSl
949708441605455873,2018-01-06 18:25:11,RT @naval: Making money through an early lucky trade is the worst way to win. The bad habits that it reinforces will lead to a lifetime of…
949482885014110208,2018-01-06 03:28:54,“Being a Bitcoin advocate is like the veganism of the financial world. You’ll find out where I stand on the matter… https://t.co/hAqFLz34XW
949440046414798848,2018-01-06 00:38:41,@_jillruth Good point. Hadn't thought of that myself so will avoid using it.
949175329804886016,2018-01-05 07:06:48,"RT @_jillruth: How long til people are trading off of which crypto asset @ljxie is going to cover next in her beginner's guides?

https://t…"
948996127172407296,2018-01-04 19:14:42,RT @coinbase: Our process for adding new assets https://t.co/cdoA0dn1nV https://t.co/Y9NGar5dIa
948828401300791296,2018-01-04 08:08:13,RT @AndreaCoravos: .@DrSofiaWarner and I published our 1st opinion piece for @statnews 🏥👩‍💻 💊 https://t.co/l8xVobUNB5
948283005625225217,2018-01-02 20:01:01,RT @aqxu: Passionate about blockchain and decentralized exchange technology? This could be you! 😎💻 Check out our open roles for our San Fra…
948276369649106944,2018-01-02 19:34:39,@bradmillscan @scalarcapital @0xProject Thank you!
948266458479345664,2018-01-02 18:55:16,Any book @maksim_s recommends goes to the top of my reading list. I thought Shoe Dog and Homo Deus were also great. https://t.co/emvjCgxmxR
948260667135373312,2018-01-02 18:32:15,RT @twobitidiot: I just published “95 Crypto Theses for 2018” https://t.co/WKkR5oQMGF
947942876645752832,2018-01-01 21:29:28,Not all scam coins are Ponzi schemes. A Ponzi scheme is when an operator promises investors high returns which are… https://t.co/RjwD8ouZc5
947935671129219072,2018-01-01 21:00:50,"RT @fluffypony: So much for Verge $XVG and their IP address privacy, someone's publishing originating IP addresses for Verge transactions (…"
947881240320884736,2018-01-01 17:24:33,"RT @naval: @AmuseChimp I mute the nitpickers, block the outraged, like the kind, follow the insightful."
947356895928446976,2017-12-31 06:40:59,Grey area centralized exchanges will have a hard time competing with decentralized exchanges. Trustworthy/regulated… https://t.co/fWGqy0ZLEu
947352510427152384,2017-12-31 06:23:34,@CryptoBoston12 @Nneuman crypto &gt; sleep
947346421199470593,2017-12-31 05:59:22,Super interesting read by @Nneuman on how incentives change for employees of crypto projects that issue a token https://t.co/nN5xLCngJA
947296139547590656,2017-12-31 02:39:34,@aziz_mone @garrytan I believe trusted centralized exchanges and decentralized exchanges will coexist
947294711064043520,2017-12-31 02:33:53,RT @garrytan: Working at Coinbase today probably has the same financial upside as being at Google in 2002 but with the future people networ…
947201124871704576,2017-12-30 20:22:00,.@NTmoney did this for me awhile back and it was much appreciated. Here's some awesome crypto people I recommend mo… https://t.co/rkWfjLdjiz
947155890095796224,2017-12-30 17:22:16,@AriannaSimpson What books do you recommend? 😊
946632461517176832,2017-12-29 06:42:21,@ecurrencyhodler @ecurrencyhodler Followed you for DM
946616112539516928,2017-12-29 05:37:23,"@ecurrencyhodler I need help finding volunteers to be in the video, sourcing of hilarious mean tweets, and video editing skills."
946613772969320448,2017-12-29 05:28:05,@jfurgo yes!
946612005443473410,2017-12-29 05:21:03,This is great. Anyone down to help me make a mean tweets video featuring various people from the crypto community?… https://t.co/LROcIVYVHW
946585645899591680,2017-12-29 03:36:19,"RT @_jillruth: My piece for Coindesk: We may think that we are down the crypto rabbit hole, but really we are through the Wall Street looki…"
946057428109426688,2017-12-27 16:37:22,RT @NTmoney: Introducing 1confirmation https://t.co/zCIgP0cSaH
945733631707725825,2017-12-26 19:10:43,@KyleSamani That's awesome!
945713275953545217,2017-12-26 17:49:50,@lostbitcoin Not the point of my post
945712623995064320,2017-12-26 17:47:14,I just published “A beginner’s guide to IOTA.” It was my most requested cryptoasset to cover https://t.co/qSfXdbrMp7
945460757289775104,2017-12-26 01:06:25,@chjango @Steven_McKie I played support so it was witch doctor or dazzle
945024749221986304,2017-12-24 20:13:52,Nice sector breakdown of the cryptoasset market although the % of scams is a lot higher https://t.co/VXuAphkNcT
944330524171976704,2017-12-22 22:15:16,@Steven_McKie 2.5/3. Played WoW but managed to not get addicted. Dota is a different story..
944280072696954881,2017-12-22 18:54:47,"RT @willwarren89: Front-running, Griefing and the Perils of Virtual Settlement (Part 1) @0xProject https://t.co/Lt2KOdw0vb"
944278557320134656,2017-12-22 18:48:46,"RT @NTmoney: Taylor from @myetherwallet, @ljxie, @totofrance &amp; Ben from Silvergate on usability of digital assets: https://t.co/WIF1M3LaQv"
944090306160365568,2017-12-22 06:20:43,"RT @Joi: On Friday, @techreview published a piece about @iotatoken. My Digital Currency Initiative colleagues and I disagree that IOTA is s…"
943758749503692802,2017-12-21 08:23:14,"Good analogy - ""The cost for running on the Ethereum network is paid in Ether (gas)... ERC20 tokens [are] like cars… https://t.co/0FwUNT8qbt"
943384710465515520,2017-12-20 07:36:56,RT @SatoshiLite: Please read the whole post. Reddit thread is here: https://t.co/4xIZl7IC2V https://t.co/VoIlA0Xjj3
943378764804669440,2017-12-20 07:13:19,I received advice today from a very successful hedge fund manager to take time at the end of each month away from t… https://t.co/HWSFP2K4JQ
943274671687872513,2017-12-20 00:19:41,"RT @coinbase: Buy, sell, send and receive Bitcoin Cash on Coinbase https://t.co/lL3FPEzBrJ"
943184037857726464,2017-12-19 18:19:32,Yes! @dydxprotocol setting a great example. https://t.co/CO8XgxzK0H
943177527593385984,2017-12-19 17:53:40,RT @dydxprotocol: Excited to announce we've raised a seed round led by Andreessen Horowitz and Polychain Capital! https://t.co/eD8y5AS9LZ
943022206988062721,2017-12-19 07:36:29,Really hope @Steven_McKie writes a book to share his inspiring story getting into crypto. I'll be the first to buy… https://t.co/1EMMrhTu3u
943000757518794752,2017-12-19 06:11:15,@kevinakwok Is your friend open to others joining the thread? :)
942999817394970624,2017-12-19 06:07:31,"Highly recommend subscribing to @wheatpond's newsletter where 20 cryptocurrency projects (Zcash, Monero, 0x, Stella… https://t.co/bDqHAIM9ul"
942898802687492096,2017-12-18 23:26:07,RT @katie_haun: Anyone interested in privacy coins &amp; learning more about zero knowledge proofs &amp; zk-SNARKs👇by @rhhackett featuring @zooko &amp;…
942533273661476864,2017-12-17 23:13:38,@AskRohitsingh It assumes you have some experience programming in another language
942241599030902784,2017-12-17 03:54:37,I just went through my first lesson on CryptoZombies. It's such an awesome educational resource for those looking t… https://t.co/0g6O29Rl28
942185045485162496,2017-12-17 00:09:54,You should check out @CipherBrowser in the App store. It's a new mobile Ethereum wallet and Dapp browser. Really im… https://t.co/RzweITwGE6
941918265881772032,2017-12-16 06:29:49,@chrisamccoy @0xProject @KyleSamani @chrisamccoy yes saw his post awhile back but I think you're mixing up Consensus and Consensys
941916566580469761,2017-12-16 06:23:04,@chrisamccoy @0xProject @KyleSamani This check is from the Consensus conference hosted by CoinDesk
941914964712865794,2017-12-16 06:16:42,This giant check from winning the Consensus pitch competition is hanging up in the @0xProject office. It's amazing… https://t.co/JM6ZuoZ0dp
941904837557362688,2017-12-16 05:36:27,"RT @sbmckeon: I just published “Getting started with Bitcoin, blockchains, and cryptoassets” https://t.co/7cs6qtKz5F"
941398645575884801,2017-12-14 20:05:02,RT @wheatpond: I'll be posting a short newsletter with updates directly from the founders of what I believe are the 20 most important crypt…
941221593560297472,2017-12-14 08:21:29,If you're working on a charity or open source project you should apply for The Pineapple Fund. An anonymous early i… https://t.co/VIJBlMPEgP
941195755133444096,2017-12-14 06:38:49,@Nina_White_Paws @coindesk You probably still read content written by people who were trying to educate others on the space.
941047185331732480,2017-12-13 20:48:27,"@wheatpond @coinbase @jessepollak Agreed it's an incredible opportunity! @jessepollak is an amazing person, engineer, and manager."
940853451944284160,2017-12-13 07:58:37,@_jillruth @VinnyLingham @iam_preethi @Melt_Dem @AriannaSimpson @breitwoman @angela_walch @ValeBystrowicz @SHodyEsq… https://t.co/MMiazpNBmU
940832359628361733,2017-12-13 06:34:49,Remember the people who helped you learn about bitcoin and cryptocurrencies when you first started. There's a lot o… https://t.co/V5RVP343wL
940483946025857025,2017-12-12 07:30:20,RT @eladgil: Bitcoin Network Effects: https://t.co/XuPKtJ2qZi https://t.co/wigossSbtw
940372356844814336,2017-12-12 00:06:55,"RT @AriannaSimpson: 1/ I get asked about women in tech / crypto a lot, and wanted to share a couple thoughts. If you want to support women…"
939792983339044865,2017-12-10 09:44:42,RT @mikekarnj: I just published “The Beginner’s Guide to Ethereum’s 2020 Roadmap” https://t.co/Jb34kmlvr5 Thanks to @HerbertLui
939673106867634176,2017-12-10 01:48:21,@andrewchen Unchained by @laurashin https://t.co/lPdINnK9j9
939587298600951809,2017-12-09 20:07:23,@theforeignspy @theforeignspy when I wrote the article in April litecoin was $450m market cap
939238125594750976,2017-12-08 20:59:53,"RT @naval: If you’re new to cryptocurrencies, Bitcoin is just the entrance to the rabbit hole. https://t.co/9UvYEM1FJg"
939222864305127424,2017-12-08 19:59:15,@naval Great idea. https://t.co/22a9iH4Xhk
939222711808618497,2017-12-08 19:58:39,Thanks @naval for the suggestion on consolidating the guides in one place!
939222474385797121,2017-12-08 19:57:42,I put together a list of beginner's guide articles I've written on various cryptoassets. The ones I've covered so f… https://t.co/8tTTuwebXG
939055024482615296,2017-12-08 08:52:19,@mehulkar @FollowJRB @mehulkar Note taken! You might find this post by @jcliff42 useful https://t.co/94FlrpeJBC
939028590150086658,2017-12-08 07:07:16,"@Electricsheep56 Ethereum/Ethereum tokens, Monero, Litecoin, 0x, Tezos, Bitcoin Cash, Decred, Zcash"
939022192288833536,2017-12-08 06:41:51,@FollowJRB Also excuse those market cap numbers. It's ridiculously off now..
939020408438714368,2017-12-08 06:34:46,@evan_van_ness Open to non-native tokens too
939019976689696771,2017-12-08 06:33:03,@FireHellish Thanks for the suggestions. Already wrote a ZRX post https://t.co/fdeQexn3gK
939019688444436480,2017-12-08 06:31:54,@FollowJRB Monero was the second guide I wrote https://t.co/MXG9at1WyH
939018718780071937,2017-12-08 06:28:03,I'm writing more beginner's guides to cryptocurrencies. Which one would you like to see next?
938981329923796994,2017-12-08 03:59:29,It's crazy the number of times I've been at a restaurant or coffee shop in SF and overheard the table next to me talking about Bitcoin.
938833420028862464,2017-12-07 18:11:44,RT @AdamDraper: I'm pretty sure that #Bitcoin is doing so well because I just interviewed @ljxie of @scalarcapital on the @BoostVC #Podcast…
938814322901258241,2017-12-07 16:55:51,RT @zcashco: A Beginner's Guide to #Zcash by @ljxie https://t.co/hB6QwU0x26
938672993546379265,2017-12-07 07:34:16,RT @AlokVasudev: I'm skeptical that a company can retrofit an existing network with tokens. Networks are highly path-dependent and tokens n…
938632240283578369,2017-12-07 04:52:19,I'm really proud to have worked at Coinbase. Each day was exciting and I was constantly learning. They're hiring fo… https://t.co/Y5u1O6qmzM
938555762560851969,2017-12-06 23:48:25,I just published “A beginner’s guide to Zcash” https://t.co/C5bdU95o4q
938206752331382784,2017-12-06 00:41:35,"RT @myetherwallet: We’re at @token_summit! Taylor is talking Custody and Usability of Digital Assets with @LedgerHQ’s @totofrance, Scalar C…"
936699150892011521,2017-12-01 20:50:55,"RT @mattgcondon: 🥩 The Steak Network 🥩  is proud to count @rzurrer of @polychaincap , @ljxie of @scalarcapital, @mikekarnj of @TuringCapita…"
936636228719357952,2017-12-01 16:40:53,Looking forward to hosting @Truebitprotocol at the SF Ethereum Developers meetup this Sunday. Come join us if you'r… https://t.co/gpdc1C3xOv
936635076258930688,2017-12-01 16:36:18,RT @Truebitprotocol: Join the Steak Network ICS (Initial Cutting of Steak) and donate to your favorite second-layer projects like @myetherw…
936114822550257665,2017-11-30 06:09:00,@antiroyalty_ @0xProject That's amazing!
936100947142508544,2017-11-30 05:13:52,"RT @fluffypony: Awwwwww yisssss, well done @coinbase @brian_armstrong on having a more popular app than Pandora, Spotify, and Netflix;) htt…"
936084228617506816,2017-11-30 04:07:26,RT @brian_armstrong: Pleased to report a partial victory for Coinbase over the IRS subpoena from nearly a year ago. We narrowed the scope o…
935969893723332611,2017-11-29 20:33:06,RT @coinbase: We are experiencing all time high traffic at the moment – 8x the peak we saw in June
935898773544488961,2017-11-29 15:50:30,@morganpolotan @mdudas @coinbase I talk about that a little here https://t.co/fdeQexEEFk
935386590444179456,2017-11-28 05:55:16,@lindzjm @Melt_Dem Thank you! See you tomorrow 😀
935346129729974272,2017-11-28 03:14:29,RT @Melt_Dem: crypto investing power hour - the future is female! https://t.co/xzP3LlhUk6
935185138861961216,2017-11-27 16:34:46,"RT @FEhrsam: Blockchain Governance: Programming Our Future
https://t.co/EoPiDS4CuX"
935184916576460802,2017-11-27 16:33:53,RT @Melt_Dem: the future of crypto investing: 10 women to know featuring @AriannaSimpson @ljxie @sarahtavel @AMLG23 @waichi3 @suna_said @cr…
935025641933754368,2017-11-27 06:00:59,@SatoshiLite this song https://t.co/uQ2R4nWsrt
935016396634935296,2017-11-27 05:24:15,@_tessr List of common misconceptions https://t.co/61ZDYFF0H3
934974630812667906,2017-11-27 02:38:17,RT @0xProject: Check out @willwarren89's presentation from Devcon 3 to learn about the current state of the 0x ecosystem and our plans for…
934954270486663168,2017-11-27 01:17:23,@zquestz @zosegal @BlockchainCur8d Aw thank you!
934570486754959361,2017-11-25 23:52:22,"RT @brian_armstrong: We have 1 engineer full time on open source at Coinbase right now, but we'd ideally have ~5 more. Totally undirected -…"
934522725632180224,2017-11-25 20:42:35,"RT @zosegal: 🎧 Listen to ""A beginner's guide to Bitcoin Cash"" by @ljxie https://t.co/YRmCuI4RCa - The next article in our popular ""beginner…"
933501316961148928,2017-11-23 01:03:52,@DavidSilvaSmith @haydentiff I didn't even ask them if they wanted bitcoin 😅
933470883875840001,2017-11-22 23:02:56,@AltIndex64 @blackmon2_ I'm thinking ETH or ZRX this year
933451067286732800,2017-11-22 21:44:11,@danheld Yes but mainly because they forgot about it haha
933450796393414656,2017-11-22 21:43:07,@blackmon2_ Luckily I worked at Coinbase at the time and forced them all to sign up for Coinbase accounts
933449651205808128,2017-11-22 21:38:34,I was the obnoxious person that gave bitcoin as a present to family and friends for their birthdays and holidays a… https://t.co/CGA3N6t722
933208171283234816,2017-11-22 05:39:00,Helpful read for those who were looking to understand Maker and Dai at a high level https://t.co/ayCCViO51U
932851838478516225,2017-11-21 06:03:04,Decentralized exchange is one of the areas I'm most excited about. Related projects worth keeping a close eye on ar… https://t.co/iylz7Ok7kr
932338739530969088,2017-11-19 20:04:12,"""privacy works best when everyone is doing it"" - @mhluongo https://t.co/Ii0keX78n1"
931393738835767296,2017-11-17 05:29:06,@AriannaSimpson Good intro to privacy on the blockchain by @jcliff42 https://t.co/94FlrpeJBC
931286030417670146,2017-11-16 22:21:06,RT @brian_armstrong: I just published “Announcing Coinbase Custody: A Digital Currency Custodian For Institutions” https://t.co/x2TycLa1Yt
931078134979424256,2017-11-16 08:35:00,I'd love to see a debate between a Bitcoin and Bitcoin Cash supporter but they each argue the opposite of their bel… https://t.co/FmpZvmGnGm
930995790511616000,2017-11-16 03:07:48,RT @maksim_s: Two great projects by @coinbase alums: https://t.co/dIgro6AIjq and https://t.co/5cNsFqkElZ. Both focused on building long ter…
930483471000125440,2017-11-14 17:12:01,"RT @0xProject: Smart contracts should be designed as modular, unopinionated building blocks that can be assembled and reconfigured ◾️🔲 Case…"
930343359155019776,2017-11-14 07:55:16,RT @rebeccak46: Excited to band together with a group of women that I've learned so much from to help women starting the next generation of…
930329809841930240,2017-11-14 07:01:26,Verifying my Blockstack ID is secured with the address 19Y38bHZ3DQTcTvqvaWWYAYPTTNP3tUTGK https://t.co/L1hr04G9bi
929975927391404032,2017-11-13 07:35:13,"My 2 favorite newsletters for keeping up in crypto are ""Week in Ethereum News"" by @evan_van_ness and ""Token Economy… https://t.co/KpMfWQ4BpT"
929863984395649024,2017-11-13 00:10:24,"RT @iam_preethi: Coinbase mafia at #Devcon3 ☺️
@ljxie @jcliff42 @NadavAHollander Antonio Alexander, et al.

Some mafia members missing 🙃 ht…"
929574880214790144,2017-11-12 05:01:36,RT @VitalikButerin: @KumbleGp @rogerkver @JihanWu @deadalnix A key reason why I am now so confident in crypto is precisely the fact that th…
929270853988098050,2017-11-11 08:53:31,RT @_jillruth: Who-To-Follow-In-Crypto Suggestions : @neha @ElaineRShi @SHodyEsq @AmberBaldet @srolondon @angela_walch @breitwoman @_tessr…
928759848325365760,2017-11-09 23:02:58,"RT @laurashin: I know this came out last week, but wanted to mention that this is such a smart way for anyone to evaluate #crypto #tokens,…"
928646569657638914,2017-11-09 15:32:50,@_jillruth You're in luck https://t.co/D9dLaZu6eO
928510609632534528,2017-11-09 06:32:34,I really like the idea of Skepticism Sunday within r/Monero. It's a great practice to be able to openly discuss con… https://t.co/S81JJW6cId
928321193823711232,2017-11-08 17:59:54,"RT @laurashin: #Bitcoin Hard Fork Called Off, Averting Major Disruptions And Turbulence In #Cryptocurrency -- price hits new all-time high…"
928061857943896065,2017-11-08 00:49:24,"RT @Melt_Dem: in this Women in #Blockchain post, meet @laurashin, one of the leading journalists in the digital currency industry

https://…"
927797582511738883,2017-11-07 07:19:15,RT @ryaneshea: Breaking Down Blockstack. Making Internet Decentralized Again. Heres an in-depth review of the Blockstack Whitepaper https:/…
927630424129593351,2017-11-06 20:15:02,@GrahamJenson I recommend checking out these summaries for each day https://t.co/aYXyU7Lot6
927401072284532737,2017-11-06 05:03:40,"I had such a great time at #Devcon3. I'm continually impressed with how innovative, kind, and welcoming the Ethereum community is."
927390963932258304,2017-11-06 04:23:30,RT @ycombinator: The Most Important Decision is Getting Started - @LauraBehrensWu https://t.co/VpeKqRU3WB
926673692041596928,2017-11-04 04:53:19,@Megan_Hernbroth @coinbase @Priyanks1125 @carty64 Can't wait to hear what you do next. Good luck!
926319724941672448,2017-11-03 05:26:47,@rmigirov @arcalinea @CReckhow @AmberBaldet Thanks for organizing!
926299040760950784,2017-11-03 04:04:35,RT @CReckhow: #WomeninBlockchain meetup at #DevCon3 ✌️ https://t.co/VFHaU6Zyot
926144147240734721,2017-11-02 17:49:06,RT @GDAX: Announcing the GDAX Digital Asset Framework—the factors we evaluate when considering which assets to support on GDAX https://t.co…
925835430234411008,2017-11-01 21:22:22,"RT @laurashin: Exclusive: When a falsely named advisor told Tapscott he heard he'd been listed, Tapscott said, ""So bizarre."" https://t.co/X…"
925777502492155904,2017-11-01 17:32:11,RT @aqxu: Today marks the one year mark from when @willwarren89 and @abandeali1 first started working on @0xProject! What a journey it’s be…
925537306534207493,2017-11-01 01:37:44,RT @TuurDemeester: Huge. Huge. https://t.co/D0RhNCWKbC
925194768971264000,2017-10-31 02:56:36,Headed to Cancun tomorrow for #Devcon3. Would love to meet up there!
924352815459319808,2017-10-28 19:10:59,The concept of merging chains is fascinating to think about especially a token buying out another token. https://t.co/rcHmg6uFOG
923986368853712897,2017-10-27 18:54:51,@La__Cuen Awesome job moderating!
923923374685822976,2017-10-27 14:44:32,@fluffypony @BKBrianKelly And Monero has excellent vision :)
923629102027874304,2017-10-26 19:15:12,RT @0xProject: Introducing the 0x Standard Relayer API https://t.co/7nh03Puf2x
923307831440244736,2017-10-25 21:58:35,@evan_van_ness I actually dont know..
923307439771885569,2017-10-25 21:57:02,@evan_van_ness I've had a 'Dear Sir' on Linkedin
923296231262056448,2017-10-25 21:12:30,My order of Cryptoassets by @cburniske just arrived. Excited to read it! Thanks @laurashin for the awesome Unchaine… https://t.co/94NJxL7CQ4
923236387028996096,2017-10-25 17:14:42,RT @anguschampion: There’s a 30 min video of this guy hitting &amp; kicking his girlfriend 117 times and trying to suffocate her. @CoinAgenda g…
922708932052897792,2017-10-24 06:18:47,RT @laurashin: The cypherpunks who created #Bitcoin face off against the Silicon Valley CEOs who popularized it: https://t.co/0MykaBXwkZ #s…
922623475923279872,2017-10-24 00:39:12,@hudsonjameson I had no idea that was a thing! That's how I learned HTML/CSS and investing in stocks :D
922496528568147968,2017-10-23 16:14:46,RT @diogomonica: Excited to take over the Glacier Protocol. https://t.co/YZyakmGr4x
922491739549478913,2017-10-23 15:55:44,Blockchain Curated by @zosegal converts cryptocurrency articles into podcasts! You can now listen to my Beginner's… https://t.co/vff0kyoLCd
922334580958404609,2017-10-23 05:31:14,"RT @GregSchoen: I wish I had kept my 1,700 BTC @ $0.06 instead of selling them at $0.30, now that they're $8.00! #bitcoin"
922333823739686912,2017-10-23 05:28:14,@Girl_Groove @GigaBitcoin Then wrote an economics paper on it. Didn't start mining until 2015 :(
922278553827155968,2017-10-23 01:48:36,@xxz1991 Haha that's amazing!
922277057756782592,2017-10-23 01:42:40,"In the spirit of bringing back moments from 2011, here's an email I sent to remind myself to look at ""Bitcoins"" https://t.co/F1td0bBUsi"
922259425468997632,2017-10-23 00:32:36,"RT @jon_choi_: On Proof of Stake &amp; Ethereum Casper: design principles, foundational concepts, challenges, and why it all matters. https://t…"
922109124980043776,2017-10-22 14:35:22,"RT @stefanobernardi: Just published ""🏛 Token Economy #19: @tez0s, @joincolony, Crypto Acquisitions"" feat @NTmoney @ljxie @kylesamani more h…"
921911287193526273,2017-10-22 01:29:13,@carty64 So is this :D https://t.co/RIbfmQAwCw
921842817793708033,2017-10-21 20:57:09,RT @0xProject: You can check out relayer trading activity at https://t.co/nRaJXSYWps or https://t.co/t7otTNJkjg 🔧 both community created. ~…
921820905617182720,2017-10-21 19:30:05,"RT @adamludwin: I wrote a letter to Jamie Dimon (and anyone else still struggling to understand cryptocurrencies)

https://t.co/ipCKZqOW8F"
921814850220843008,2017-10-21 19:06:01,RT @NTmoney: The Slow Death of the Firm https://t.co/0tOo5a6971
921604018744545281,2017-10-21 05:08:15,@Paul__Walsh @myetherwallet @MetaCert Coinbase with @katie_haun
921499167721127938,2017-10-20 22:11:36,"RT @danfinlay: I’ve been helping at several hackathons recently, so I’ve put together this quick start for Ethereum development:

https://t…"
921461789900099584,2017-10-20 19:43:05,@evan_van_ness Aw thanks. I actually voted for you. I send everyone to Week in Ethereum News :)
921201226859077632,2017-10-20 02:27:42,@coindesk can we please get @SHodyEsq and @starkness added? Some of the most influential people in the space https://t.co/gUjNitIKmT
920435117654495232,2017-10-17 23:43:27,RT @jcliff42: Privacy on the blockchain – Jordan Clifford – Medium https://t.co/3oTbKKtIi7
920347966338207747,2017-10-17 17:57:09,"RT @ParadexIO: While we’re busy fine-tuning and adding finishing touches to Paradex, we wanted to give all of you a first look at what you…"
920113964201250816,2017-10-17 02:27:18,I just published “A beginner’s guide to Decred” https://t.co/PvKxkdPF13
920006364684017664,2017-10-16 19:19:44,"@Everipedia Wow, thank you!"
919760375809298433,2017-10-16 03:02:16,RT @liamihorne: Check out the 70 Ethereum projects that came out of @ETHWaterloo here https://t.co/frQ4eyVTU3
919735626089553920,2017-10-16 01:23:55,RT @fredwilson: So many CEOs tell me that this is a game changer for them and their companies https://t.co/tlgW7gv2Os
919730923456876546,2017-10-16 01:05:14,"RT @cryptocanucks: Well done to all the volunteers, judges, sponsors and hackers at #ETHWaterloo! Thanks for having us! @ETHWaterloo https:…"
919689519829585920,2017-10-15 22:20:43,"RT @0xProject: 1/ @ETHWaterloo was an outstanding event! 8 talented dev teams utilized 0x in their hackathon projects, competed for 0x API…"
919607030737981440,2017-10-15 16:52:56,RT @ETHWaterloo: Judging at #ETHwaterloo 🇨🇦 https://t.co/ntFGxAj6eH
919385497058856960,2017-10-15 02:12:38,It was a blast helping @jessepollak and @alvinclee get developers excited about building on @toshi. Incredibly impr… https://t.co/kzZdxADrez
918959978827919360,2017-10-13 22:01:47,"RT @0xProject: HUGE website overhaul at https://t.co/q3AAznttkN! Just in time for @ETHWaterloo, long hours by @benburnsdesign and @fabiober…"
918507282958188544,2017-10-12 16:02:55,"RT @coinbase: Excited to announce instant digital currency purchases using a US bank account

https://t.co/HybDElz7gq"
918363985711218689,2017-10-12 06:33:31,Many crazy events in crypto but @katie_haun's prosecution of corrupt gov agents in the Silk Road case remains the m… https://t.co/0ykzkN65m1
918351348092903424,2017-10-12 05:43:18,Excited to be judging @ETHWaterloo this weekend. I'll be hanging out with some of the @0xProject team. Come say hi! https://t.co/ddgcZ8SUik
918332475218128896,2017-10-12 04:28:18,@MorpheusCrypto @district0x I support more transparency from projects. Quarterly reports are a step in the right di… https://t.co/lkDor41uwx
918317097175748609,2017-10-12 03:27:12,Highly recommend this guide by @mccannatron for teams planning a token sale. Includes my input and lessons learned https://t.co/i8gGH059w4
918156748556505088,2017-10-11 16:50:02,Awesome transparency from @district0x. Would like to see more projects release quarterly reports and regular dev up… https://t.co/l50X3dtArh
917989678489522176,2017-10-11 05:46:09,"If you're looking to learn more about the Bitcoin scaling debate, check out my co-founder @jcliff42 on the… https://t.co/H4HardIpyA"
917620725476876290,2017-10-10 05:20:04,"RT @RadarRelay: Signal power achieved, the Radar Relay beta is now on mainnet: https://t.co/jcrgw0fzAh https://t.co/hvgIgnW8r8"
917601193391644672,2017-10-10 04:02:27,RT @diogomonica: Finally publishing this blog post on Crypto-Anchors. /cc @nathanmccauley https://t.co/ABiEhP3zld
917208293600149504,2017-10-09 02:01:12,Nice overview of privacy coins by @CalBlockchain along with reading guide linked in the video description https://t.co/CALCOleGcQ
916740671037308928,2017-10-07 19:03:02,RT @laurashin: What Are All These #Blockchains And #Crypto Assets Building? https://t.co/XKlu5myU8C #bitcoin #ethereum #tokens #icos
916535257083502592,2017-10-07 05:26:48,@antiroyalty_ Thanks for surfacing. I think this is advice everyone should read. It helped me a lot.
916380335432097792,2017-10-06 19:11:12,RT @La__Cuen: Crypto veterans like @AramBarnett and @ljxie could fundamentally change the way people think about hedge funds https://t.co/W…
916349599815626753,2017-10-06 17:09:04,"@SHodyEsq Thanks Sarah, that means a lot!"
915963487456714752,2017-10-05 15:34:47,RT @coindesk: Joining our Crypto Buy-Side panel is @ljxie talking about the different indicators she looks at when investing. https://t.co/…
915618212565229569,2017-10-04 16:42:47,"Great notes from @AndreaCoravos on building a dApp. Separately, it's crazy how much the market caps have changed si… https://t.co/XU5n4iFSrf"
915264498897846272,2017-10-03 17:17:15,@RonB7139 @0xProject Congrats! Really excited to keep up with your updates
915261089478144000,2017-10-03 17:03:43,"RT @0xProject: Really excited for Paradex, a new trading platform built on 0x! https://t.co/xQaaWO3Nqk"
914360169315819520,2017-10-01 05:23:47,Fascinating talk by Kim Nilsson of WizSec on investigating the stolen bitcoin from Mt. Gox https://t.co/sqvIcv75mu
913923243257470976,2017-09-30 00:27:35,RT @BitMEXdotcom: BitMEX Research has been working on this one for a while: https://t.co/wqoG4NTmLL
913803289359040512,2017-09-29 16:30:56,"RT @barrysilbert: Fantastic speakers added for Consensus: Invest

@RaoulGMI
@WhiteAdamL
Arthur Hayes (@BitMEXdotcom)
Murray Stahl (@Horizon…"
913791372699693056,2017-09-29 15:43:35,RT @tendermint_team: Consensus Compare: Tendermint BFT vs. EOS dPoS #BFR #BlockchainF***Review https://t.co/ut4j13TXDL
913788842209009665,2017-09-29 15:33:32,RT @zosegal: Excited to announce https://t.co/KCs0PDH9zU. *Listen* to the best cryptocurrency articles by industry leaders in a free weekly…
913611854647193601,2017-09-29 03:50:14,RT @RadarRelay: We wanted to give you a glimpse of our future vision for both Radar Relay and this new space in general. https://t.co/KfRQZ…
913608932039331840,2017-09-29 03:38:38,RT @brian_armstrong: So close to our month end goal on Toshi: 5k monthly transacting users. RT to help us out? Install the app at https://t…
913506234044604416,2017-09-28 20:50:32,RT @0xProject: .@ETHWaterloo attendees: check out our 0x API Prize! 🏆 https://t.co/UqR7V4FvuX
913287954964955141,2017-09-28 06:23:11,RT @Truebitprotocol: I just published “Interactive Coin Offering — A Protocol Explained” https://t.co/GqrZFHdzYh
913164976629489664,2017-09-27 22:14:30,@jvholmes87 @KimchiSocks Thanks! I own a pair of your Bitcoin socks that I got as a gift. Love them!
913086873899220992,2017-09-27 17:04:09,"@BlockchainDude I think either works but more importantly you could add info like ""Susan works at X on Y"" to make a… https://t.co/mCWJdzARRV"
913082650960654337,2017-09-27 16:47:22,"RT @FEhrsam: Why Decentralized Exchange Protocols Matter
https://t.co/rztLbqwSJm"
912949751594721281,2017-09-27 07:59:17,RT @mihar: We're hiring a Senior Backend Engineer - Payments https://t.co/jBl2DC53cP - RT please
912801853590577152,2017-09-26 22:11:35,Great educational read from @jcliff42 to help explain what's happening in the Bitcoin block size debate https://t.co/MbM5X0B9ii
912772308099489792,2017-09-26 20:14:11,RT @willwarren89: I just published “The 0x Ecosystem” https://t.co/umouprhvyk
912726549455003648,2017-09-26 17:12:21,"RT @TokenData: https://t.co/qxXP3kpH9o Linda Xie talks with TokenData.io about her career at Coinbase, token sales and what it's like to st…"
912726345964064768,2017-09-26 17:11:33,"RT @FEhrsam: dYdX: a protocol for decentralized derivatives. Enables lending, short selling, and options.
https://t.co/OSxQQk0AkQ"
912430160216956928,2017-09-25 21:34:36,Women in crypto https://t.co/mb9xeyUQOP
912097164251119616,2017-09-24 23:31:24,@taravancil Awesome picks! What are some of your favorite books? Would love to find more to add to my reading list.
910377444934287361,2017-09-20 05:37:51,"RT @SHodyEsq: Great tips for anyone who feels overly/ unfairly/ wrongfully/ criticized, regardless of how public the forum is 👌👇 https://t.…"
910264792035627008,2017-09-19 22:10:12,RT @brian_armstrong: I just published “Introducing Mainnet Ethereum Transactions on Toshi” https://t.co/xgz0jvG2Ce
909646972717428737,2017-09-18 05:15:13,@laurashin Me too! See you there :)
909641197861269506,2017-09-18 04:52:16,"""I learned something incredibly valuable, and that is when you see it, to bet big."" - Stanley Druckenmiller https://t.co/PpCdCel63c"
908582738239692800,2017-09-15 06:46:20,@makoto_inoue @ricburton Answer has to be 'no' will ask that get updated.
908298771628310528,2017-09-14 11:57:57,"RT @YourBTCC: 1/ After carefully considering the announcement published by Chinese regulators on 09/04, BTCChina Exchange will stop all tra…"
908277151153000448,2017-09-14 10:32:02,RT @0xProject: Congrats to our advisor @ljxie and @jcliff42 on the new fund!🚀 https://t.co/dFdRR8NB9M
908273762050519043,2017-09-14 10:18:34,RT @coindesk: EXCLUSIVE – Coinbase Vet Talks New Fund: Want Returns? Think Beyond Bitcoin https://t.co/Id7B66cP1C https://t.co/Mw1vwOOijD
908244385816502272,2017-09-14 08:21:50,"RT @GrahamJenson: New Post: ""Proof of Human"" securing internet communication from bots https://t.co/nJvfIZwClm #Blockchain #bitcoin #Dystop…"
907913956873822209,2017-09-13 10:28:50,"RT @AndrewSteinwold: Check out my Medium post
https://t.co/XBs42JQ6Kq"
907913673313677312,2017-09-13 10:27:42,@AndrewSteinwold Great post! Exciting stuff :)
907912440888754176,2017-09-13 10:22:48,"RT @FEhrsam: Accelerating Evolution Through Forking
https://t.co/nDo0o9ilkd"
907874293484216321,2017-09-13 07:51:13,RT @AndreaCoravos: Can a blockchain save our healthcare system? Yes and no. Let's demystify what these tools can do. 🏥 https://t.co/Js6epWX…
907873779568623616,2017-09-13 07:49:11,"RT @0xProject: Check out our updated roadmap through the beginning of 2018! 🗺️🚀
https://t.co/jlzeaMS6d2 https://t.co/QxQkCmMzjf"
907544790308229120,2017-09-12 10:01:54,RT @QuikNode: Ethereum in a nutshell: https://t.co/bpE99Tbr3M via @veenspace $ETH https://t.co/tKxCvJCEhl
907498026364690433,2017-09-12 06:56:04,"RT @hudsonjameson: Ethereum's ERC-20 token standard has been formalized as an EIP! 🍾
https://t.co/58TXuP88ih https://t.co/XJnySmg8C1"
907415652532551681,2017-09-12 01:28:45,RT @0xProject: $USD ERC20 tokens on the Ethereum blockchain!💲Incredible work by @ethfinex @Tether_to teams 🚀 https://t.co/NQ9nlXFTZt
906587725968547840,2017-09-09 18:38:52,"RT @jessepollak: super excited @toshi is sponsoring @ETHWaterloo -- and that @ljxie and I are judging.

who else is going?

https://t.co/se…"
905909559939788801,2017-09-07 21:44:04,Reflecting on 3 years @coinbase https://t.co/tVxl8GaE7N
905600407891656704,2017-09-07 01:15:37,"RT @jesseposner: It has rightly been said that cryptocurrency is more religion than it is science, and thus, in that spirit, I offer this b…"
905304840443756544,2017-09-06 05:41:08,RT @brian_armstrong: I just published “Rest” https://t.co/Pzsm8WozCI
904698623740469250,2017-09-04 13:32:15,"RT @cnLedger: 1/ PBoC bans ICO. From now on no organizations / persons in China are allowed to raise funds via ICOs.
https://t.co/gDhONqQRyy"
903764327441735680,2017-09-01 23:39:41,RT @0xProject: 0x is looking for a superstar Blockchain Engineer in San Francisco! Apply now: https://t.co/celdMvM7nK
903708720252690432,2017-09-01 19:58:43,"RT @ethfinex: Here's a look at what we're doing for the next few months. Let us know what you think! 

https://t.co/rcclIGPm4G"
903647234150895617,2017-09-01 15:54:24,RT @BancorNetwork: Many strong female leaders in blockchain! @galiabenartzi @BWarburg @ljxie @AmandaB_Johnson @breitwoman @JessVerSteeg htt…
903644335932981249,2017-09-01 15:42:53,RT @TuurDemeester: Today the SEC published a new #ICO related Investor Alert. Some of its 'possible fraud warning signs' are solid: https:/…
902657546233626628,2017-08-29 22:21:44,"RT @maksim_s: Cool web decentralization project that's not talked abt much, cuz no blockchain &amp; no tokens ¯\_(ツ)_/¯ https://t.co/porOCuu45j…"
902612972354154497,2017-08-29 19:24:37,"RT @myetherwallet: MyEtherWallet @ether_cards are now available! Get 'em while they're hot!

https://t.co/OCaOxfvaQ8 https://t.co/PUZAFKLRIT"
902293413390802944,2017-08-28 22:14:48,RT @arrington: “The difference between App Coins and Protocol Tokens” by Will Warren https://t.co/Xv3W7ZSl8c
902292951606247426,2017-08-28 22:12:58,"RT @dwr: 6 months ago, I think I had at least heard of 50% of ICOs. These are the ICOs on Mon/Fri *this week*. I'm familiar with 0 (not a j…"
902282140989046784,2017-08-28 21:30:00,"RT @the0ceandotcom: Announcing The 0cean, a new 0x-based relayer for Ethereum based ERC20 tokens @0xProject @ethereumproject https://t.co/q…"
902051257765961728,2017-08-28 06:12:33,RT @RadarRelay: Confused as to what W-ETH is? We just built a simple site to explain it. https://t.co/WoiWRsK1zZ
900777294481862657,2017-08-24 17:50:17,RT @brian_armstrong: On it :) https://t.co/KzlpC4suhD
900765399289024512,2017-08-24 17:03:01,RT @FEhrsam: Funding the Evolution of Blockchains: https://t.co/rnPYqGqs2R
900607834827640832,2017-08-24 06:36:54,@SHodyEsq @bramanathan I RSVPed. Can't wait!
900154922003333120,2017-08-23 00:37:12,RT @0xProject: Analyzing the ZRX Token Sale: Key Metrics + Learnings https://t.co/1lW61bGpwG
900100117587410944,2017-08-22 20:59:25,"RT @js_horne: Summary of Token Marketplace Models by @RadarRelay (@0xProject relay)

Relay = off chain book, on chain settlement

https://t…"
899869939221184512,2017-08-22 05:44:46,@laurashin Great read and well deserved! @NTmoney is one of the nicest and most talented people in crypto.
899796067570507776,2017-08-22 00:51:14,RT @laurashin: #Crypto Venture Fund 1confirmation Launches With Investment From Mark Cuban https://t.co/6SxuvJdMJt #bitcoin #ethereum #icos…
899699099728977921,2017-08-21 18:25:55,"RT @myetherwallet: We’d like to extend our thanks to @0xProject's team for the generous donation. 

Kindness like this keeps us going.

htt…"
899423674263928832,2017-08-21 00:11:29,@dwr @zaoyang @starkness @bitcom21 @stefanobernardi @TuurDemeester @albertwenger @muneeb @evan_van_ness @katie_haun… https://t.co/hJzzn4bPBi
899186331321892864,2017-08-20 08:28:22,RT @stefanobernardi: Token Economy #10 is out!  Feat @albertwenger @AlexRuppertVC @muneeb @0xProject @decentraland @NotionCapital more http…
899135878764781570,2017-08-20 05:07:53,@breitwoman Just signed up! 😀
898749152397414400,2017-08-19 03:31:10,"RT @Poloniex: ZRX/BTC and ZRX/ETH $0x markets added. @0xProject
https://t.co/mOLHlkebbg"
898748394734104578,2017-08-19 03:28:09,@ricburton I don't keep track of projects based on that attribute alone but it's definitely a major factor I look at!
898732290695548928,2017-08-19 02:24:10,@BitcoinHubZA Thanks for including me in this list along with @tonilanec @AlenaSatoshi @Catheryne_N @TinaHui and Cindy McAdam.
898722921928998912,2017-08-19 01:46:56,RT @jessepollak: super excited about the inclusivity-focused hiring process changes we are making at @coinbase! https://t.co/efVO33oXtS
898328386426118145,2017-08-17 23:39:12,"@asantash You're amazing, you've got this! ❤️"
898258324038307842,2017-08-17 19:00:47,"RT @metamask_io: It’s been a big week for Ethereum and the @0xProject, and it’s pushed us past 100k users!"
898203629034889218,2017-08-17 15:23:27,"RT @AmberBaldet: Thrilled to join Fortune's #40Under40 with @VitalikButerin &amp; @brian_armstrong. All three ""blockchain people"" profiled ment…"
897864458776739840,2017-08-16 16:55:43,RT @brian_armstrong: 0x is pretty interesting https://t.co/ZoTQaofLGd
897839419973136385,2017-08-16 15:16:13,"RT @0xProject: Well that was fast. The ZRX token sale has ended! Thank you to 12,000 hodlers + @infura_io @myetherwallet @etherscan for the…"
897707559729188870,2017-08-16 06:32:15,@starkness @cindygallop @stormka @tez0s @breitwoman @theinformation @Melt_Dem @jutta_steiner @neha @Catheryne_N… https://t.co/aYsCDwZA14
897247355241672704,2017-08-15 00:03:34,RT @benjennin_gs: Lionshare now available on iOS! https://t.co/p8yy3X2QfK
897173406898159618,2017-08-14 19:09:43,"RT @0xProject: The Genesis Trade - Distributing the ZRX token using 0x protocol, live on Ethereum mainnet 🚀 https://t.co/PAv4B7z0U8"
896902391584272384,2017-08-14 01:12:48,RT @sbmckeon: I just published “Traditional Asset Tokenization” https://t.co/HoXizqgv8Y
896898926795685889,2017-08-14 00:59:02,RT @muneeb: There are a lot of new crypto tokens now. Here is a mental checklist I use to filter the noise: https://t.co/6oc7RsSq4t
896897602846941185,2017-08-14 00:53:46,RT @stefanobernardi: Token Economy #8 is out! Featuring @tek_fin @licuende @eladgil @rahulsingireddy @0xProject @ScienceInc cc @yanroux htt…
896592945503236096,2017-08-13 04:43:10,"RT @0xProject: 0x Token Sale: Summary of Registration Turnout + Clarification on Token Sale Requirements 🚫🐋 13,793 Registrants 🚫🐳https://t.…"
896592781350719488,2017-08-13 04:42:31,@VinnyLingham @civickey Updated tweet https://t.co/vzmkHu4fvD
896215064755044353,2017-08-12 03:41:36,RT @TuurDemeester: @ChristopherA The paragraphs on #tokenethics meeting: https://t.co/Ku8JcjYBxv
896215054177124353,2017-08-12 03:41:34,RT @ChristopherA: Forbes article on ICO regulations &amp; standards features the results from our last #TokenEthics Salon in SF: https://t.co/u…
896191508906360832,2017-08-12 02:08:00,RT @FEhrsam: Holy crap. DOTA's @Arteezy gets owned by @OpenAI. Worlds colliding. https://t.co/MgbeTuZVqi
896182777334317056,2017-08-12 01:33:19,RT @ChristopherA: Thank you all that contributed to our very successful first #TokenEthics Salon — I look forward to collaborating with you…
895895273771155457,2017-08-11 06:30:52,"RT @AlwaysBCoding: Story Time with @ameensol : Reading through the Plasma White-Paper

https://t.co/cuoW3v8pwR"
895680423660896257,2017-08-10 16:17:08,RT @TechCrunch: Coinbase raises $100M at a $1.6B valuation amid explosive growth https://t.co/RtA994QLRz by @fitztepper
895680342064996352,2017-08-10 16:16:49,"RT @laurashin: Coinbase Becomes First #Crypto Unicorn, Raises $100 Million In Funding Amid #ICO Craze https://t.co/OIeiZVDDma #bitcoin #eth…"
895678091460096000,2017-08-10 16:07:52,RT @brian_armstrong: I just published “Coinbase raises $100M Series D led by IVP” https://t.co/dU2Zsn0BwZ
895480416903110656,2017-08-10 03:02:23,RT @VitalikButerin: And it begins... https://t.co/sThCkWnzUP @jcp
895046531543252992,2017-08-08 22:18:16,RT @brian_armstrong: I just published “How to hire executives” https://t.co/SHKLEpapx6
894357288642674688,2017-08-07 00:39:28,RT @NTmoney: On Token Value https://t.co/CRH7pgp6JS
893887296423960577,2017-08-05 17:31:53,RT @0xProject: 0x Token Sale Overview and Registration Details  https://t.co/YLtkYFa2oY
893524091918995457,2017-08-04 17:28:39,@AndreaCoravos @YasminRazavi Thanks for the encouragement! :)
893522013574369281,2017-08-04 17:20:23,A beginner's guide to Bitcoin Cash https://t.co/GF9kIEge1w
893354225098293249,2017-08-04 06:13:39,@TRWNBC This was posted on my personal blog. All opinions are my own
893350751803547648,2017-08-04 05:59:51,RT @zosegal: @ljxie Great post as usual! I recorded a quick audio version for those who'd prefer to listen: https://t.co/jJjtndoysz - feel…
893219948784267264,2017-08-03 21:20:05,"RT @coinbase: Update on Bitcoin Cash
https://t.co/FJPoc3tUih"
893193096359419905,2017-08-03 19:33:23,A beginner's guide to Tezos https://t.co/yQZh0QCizt
892913011676991488,2017-08-03 01:00:26,RT @0xProject: Excited to be collaborating with the @ethfinex team to bring decentralized exchange tech to the people! 🌍 https://t.co/owKaL…
892488228040617984,2017-08-01 20:52:29,"RT @FEhrsam: 7/ To stay out of this trap, never hold so much of one currency that accepting an alternate reality is too painful to think ab…"
892488111879462912,2017-08-01 20:52:02,"RT @FEhrsam: 1/ Cryptocurrencies create strong tribalism. Once you own a currency, your incentives are to make that currency go up in value."
892420860681740290,2017-08-01 16:24:48,RT @ErikVoorhees: SegWit2x =  SegWit and a 2MB block.  Bitcoin Cash = No SegWit and a w/ a 8MB block. Completely dif initiatives &amp; dif supp…
892252680311062532,2017-08-01 05:16:30,"@AndreaCoravos @YasminRazavi Not yet but good idea, I'll put something together :)"
892124151829241856,2017-07-31 20:45:47,RT @liamihorne: Really excited to announce @ETHWaterloo https://t.co/ePejF6SoAy! Going to the best environment to start building on @ethere…
891039938463973376,2017-07-28 20:57:30,"RT @balajis: We must be able to measure blockchain decentralization before we can improve it.
https://t.co/gTpsKCIEEk https://t.co/YssQR0nh…"
890990314776805376,2017-07-28 17:40:19,"RT @AugurProject: Serpent Compiler Vulnerability, REP &amp; Solidity Migration https://t.co/eV4HjeUfcU"
890271517413580801,2017-07-26 18:04:04,"RT @ErikVoorhees: WizSec ""Breaking open the MtGox case, part 1"" https://t.co/qIJQebNbVB  #HolyShit #bitcoin #btce"
889974264421470208,2017-07-25 22:22:54,"RT @paulvigna: To be clear, SEC also emphasized that not every token would be classified this way. Depends upon the specific features of th…"
889973828989853696,2017-07-25 22:21:10,"RT @FEhrsam: 1/ My take on the SEC’s investigation of the DAO: *some* tokens are securities, but not necessarily all."
889246852180258816,2017-07-23 22:12:25,“Cryptoeconomics: Paving the Future of Blockchain Technology” by Kyle Wang https://t.co/iPVrBtFMb1
888626184405237761,2017-07-22 05:06:06,@AlokVasudev Week in Ethereum News by @evan_van_ness and The Control by @NTmoney
888259342788550657,2017-07-21 04:48:25,"RT @sjrosenblum: Seeking an exceptional Corp Dev Associate to lead M&amp;A and strategic initiatives at Coinbase - pls share strong recs!
https…"
887934682649600000,2017-07-20 07:18:20,RT @rrhoover: Token Data: Database with 300 ICO's and token returns https://t.co/bTvXNunOHR 🤑 https://t.co/GAsf6PnNet
887891364553269248,2017-07-20 04:26:12,"RT @maraoz: The Parity Wallet Hack Explained
https://t.co/g3TCvVhvtv"
887467459590078464,2017-07-19 00:21:45,RT @dwr: Digital currency reading list I've been sharing with people via email for a while. Feedback / suggestions welcome! https://t.co/fm…
885969092548583424,2017-07-14 21:07:46,RT @0xProject: Check out our new ZRX Token Launch page! 🚀 https://t.co/5gIpIjWhIm https://t.co/PqnUgaTF7J
885889355880947713,2017-07-14 15:50:56,RT @zooko: omg Radiolab episode about Zcash!! https://t.co/avlipiy9Uh
885614245882150912,2017-07-13 21:37:44,"RT @GDAX: Read how @GDAX is preparing for the Bitcoin User Activated Soft Fork #bitcoin #UASF
https://t.co/UBNUBQpqkL https://t.co/9CmfyUGQ…"
885534903936327680,2017-07-13 16:22:28,RT @0xProject: https://t.co/i0CKxItMMO
885394842611728384,2017-07-13 07:05:54,"RT @starkness: 2017, in a nutshell. (This actually happened on live TV.) https://t.co/Y4fHlvUEqK"
885130688617304064,2017-07-12 13:36:15,RT @software_daily: [podcast] @Coinbase Currencies with Linda Xie @ljxie and Jordan Clifford @jcliff42 #bitcoin… https://t.co/zGQUTfGTvX ht…
884728133278089216,2017-07-11 10:56:39,"RT @VitalikButerin: Real Vitalik got a message from Scam Vitalik. And no, I'm not clicking on that link, and if you receive this message yo…"
884448209413611521,2017-07-10 16:24:20,RT @laurashin: Check out my cover story for this month's @Forbes about #ICOs #tokensales #bitcoin #ethereum #crypto https://t.co/66gS5thy2q…
884133392836579328,2017-07-09 19:33:21,"RT @demibrener: Since May 1st, 43 projects have raised over $1.2B worth of capital in ICOs - staggering statistics by @NTmoney at @TheContr…"
884094979529859072,2017-07-09 17:00:43,RT @software_daily: [podcast] Fighting Fraud at @Coinbase with Soups Ranjan #Cryptocurrency https://t.co/v5rqtUv7Pk https://t.co/LX3K2vmkVh
884084735349112832,2017-07-09 16:20:01,"RT @TheControI: Just published issue #22 of our newsletter, featuring @VitalikButerin, @FEhrsam, @ljxie, and @jimmysong

https://t.co/3DhKV…"
883477188640518144,2017-07-08 00:05:50,RT @Breefield: Check out the #ethereum explainer site I made: https://t.co/PvZXJUfL9s
882105277603913728,2017-07-04 05:14:21,@SatoshiLite All of the above :)
881997506007126016,2017-07-03 22:06:06,RT @asantash: Very impressed by @BlockstackOrg's choice to support underrepresented groups🙌 DM me for reserved tickets promo code! https://…
881957464811241472,2017-07-03 19:27:00,@TraderWader @0xProject @token_summit @julianzawist @NTmoney @danielzak https://t.co/XDVlxgT7eA
881939857152528384,2017-07-03 18:17:02,"RT @NTmoney: In May &amp; June, there's been ~$470M raised in ICOs. There's been ~$273M in total raised in seed VC (VC data via @mattermark)"
881939720015536128,2017-07-03 18:16:29,RT @jordanodinsky: Here's an in-depth list of the terminology most commonly used in the blockchain space. Enjoy and share! https://t.co/fzi…
881923615494520832,2017-07-03 17:12:29,"@benyben123456 Similar to the Ethereum Foundation, @0xProject will retain a portion of tokens and the incentive is… https://t.co/iNtV0tCcST"
881869126959996928,2017-07-03 13:35:58,https://t.co/akCGRGRlxt
881773468382937088,2017-07-03 07:15:52,RT @stefanobernardi: We've just published Token Economy - Issue #3! Featuring @FEhrsam @hudsonjameson @willwarren89 @joeykrug @0xstark http…
880881788658122752,2017-06-30 20:12:39,RT @alexsunnarborg: #Ethereum tokens ranked by # of addresses https://t.co/mdW2kvLVT4
880641498894680064,2017-06-30 04:17:49,RT @ryaneshea: Warning: There's a Tezos pre-sale ICO scam going around and it's very well done. Do not go anywhere except for https://t.co/…
880486903929122816,2017-06-29 18:03:31,RT @torproject: We're looking for a Developer to work on Tor Browser - help us spread the word! https://t.co/YgP85fLPyg #opensource #softwa…
880469297704849408,2017-06-29 16:53:33,RT @0xProject: Announcing the 0x Token (ZRX) Launch - https://t.co/PKCjBMzKL2
880274739482120192,2017-06-29 04:00:27,RT @GDAX: We have now credited all customers affected by the June 21st ETH-USD market event. https://t.co/yYiCsFnTNq
880256056680603649,2017-06-29 02:46:12,"RT @FEhrsam: Similar to the DARPA Grand Challenge, the Ethereum community could easily crowdfund $1,000,000+ feature bounties and let many…"
880144570134044672,2017-06-28 19:23:12,"RT @0xProject: 0x Protocol - Technical Overview at @coinbase Code School (June 23, 2017) - https://t.co/eQn2xtqeOt"
879854866637611008,2017-06-28 00:12:01,RT @FEhrsam: Scaling Ethereum to Billions of Users https://t.co/IEoDjGKvqv
879842013234946048,2017-06-27 23:20:57,@laurashin https://t.co/6NjJdl8Wxu :)
879241883129487360,2017-06-26 07:36:15,@schatzschild @QaherSalah @coinbase @GDAX Check out the article to see the list of participating exchanges you can… https://t.co/5LE2X6QiKh
879216827926102017,2017-06-26 05:56:41,@QaherSalah @coinbase Reference to the Stellar lumens distribution to bitcoin holders on June 27 https://t.co/MSbfEyk1WQ
878836373972688897,2017-06-25 04:44:54,"RT @ChrisLundkvist: Market caps:
#bitcoin: $18B
#ethereum: ~$1B

February 2017 was a loooong time ago... 😛 https://t.co/ozYJ9TVaF4"
878486304484343808,2017-06-24 05:33:51,RT @juanbenet: Wow! Amazing outcome! Kudos to everyone @coinbase &amp; @GDAX for taking customer relationships and trust so seriously. Didn't h…
878389681351569408,2017-06-23 23:09:54,"RT @GDAX: Update from @GDAX regarding ETH-USD trading: 
https://t.co/UEFQeBq6AR"
878092248180707328,2017-06-23 03:28:00,"RT @NTmoney: Just published ""Antifragile Cryptoeconomic Systems"" https://t.co/BpQts6Znth"
877756964154916864,2017-06-22 05:15:42,@Zoe_Chaves It was good meeting you too! Keep up the great work on Splitwise! Love the product.
877755923304824832,2017-06-22 05:11:34,"RT @GDAX: Update on ETH-USD market. We are continuing to investigate and will keep customers updated.
https://t.co/GeCzP77gZ1"
877755839448141826,2017-06-22 05:11:14,RT @brian_armstrong: I just published “In Q3 we’re going to focus on the fundamentals” https://t.co/5ERxXXtmuj
876457736451391488,2017-06-18 15:13:02,"RT @alexisohanian: This article by @brian_armstrong will be one of those we read 5 yrs later + think ""wow they did it""
https://t.co/9KHUtnb…"
875959280762998784,2017-06-17 06:12:21,RT @SatoshiLite: Litecoin just reached $2B marketcap for the first time ever! The little chikun that could! 😄
875402816709251073,2017-06-15 17:21:10,"RT @freeCodeCamp: There are a ton of job opportunities at startups in the cryptocurrency space. Here's how to get in, by @ljxie https://t.c…"
875250457337151489,2017-06-15 07:15:45,"@ossia Done, thank you!"
875242629432090624,2017-06-15 06:44:38,"@ossia Yes, that would be great!"
875197546687156228,2017-06-15 03:45:30,RT @coinbase: Excited to announce Kathryn Haun has joined the Coinbase Board of Directors https://t.co/Fk1x84UT6K
873933435462721536,2017-06-11 16:02:22,https://t.co/tqpc0Z3Fb5
873752839935229952,2017-06-11 04:04:45,RT @VitalikButerin: I talk about token sale mechanisms: https://t.co/78GAPVzcvG
873337423274459136,2017-06-10 00:34:02,RT @tokenbrowser: Congrats to the Token Hackathon winners! https://t.co/oHWChux8YQ
873262333396647936,2017-06-09 19:35:39,"RT @joeykrug: ""Augur Master Plan"" https://t.co/xuT5dAe3Kp #ethereum #augur #blockchain"
873161603272761344,2017-06-09 12:55:23,RT @jerrybrito: Here is video of @valkenburgh describing Ethereum and Zcash in Congress today. #ethereum #zcash https://t.co/xseagWqRwc
871835465157984257,2017-06-05 21:05:47,RT @AdamDraper: .@BoostVC is sponsoring a prize! Really excited to see what comes out of this hackathon. https://t.co/G2GPFJugxH
871571886223839233,2017-06-05 03:38:25,RT @brian_armstrong: I just published “The Token Hackathon Is Underway — Here’s What You Need To Know” https://t.co/LKZ7lVbaxI
871502200308023298,2017-06-04 23:01:30,RT @tokenbrowser: New partner prize for the Token Hackathon! Acceptance into @BoostVC and $25k seed investment for the biggest vision. http…
870008868759150592,2017-05-31 20:07:32,RT @0xProject: @NTmoney @stefanobernardi @dwr @brave @ljxie @1protocolinc @LivepeerOrg @tez0s @ethstatus Distribution &gt;&gt; $-raised. Money is…
869715542260686849,2017-05-31 00:41:58,"RT @brian_armstrong: Token hackathon June 3-9, open to the world, $25k in prizes https://t.co/4uaIjpzO4X Register &amp; help us build an open f…"
868229810715283457,2017-05-26 22:18:12,"RT @brian_armstrong: .@coinbase had 40,000 new users sign up in *one day*, or approximately one San Francisco Giant's Stadium. https://t.co…"
868168705968152576,2017-05-26 18:15:23,RT @0xProject: @0xProject advisor @ljxie discussing blockchain governance at the sold out @token_summit event. #tokensummit https://t.co/Sf…
867164636847779841,2017-05-23 23:45:35,RT @coindesk: Consensus 2017: Decentralized Exchange 0x Wins Proof-of-Work Startup Competition https://t.co/Xi8AY4TE5w https://t.co/7TwhuQN…
867153640393453568,2017-05-23 23:01:53,"RT @jessepollak: with cryptocurrencies going wild, there's no better time to tell the world that i'm joining @coinbase!

https://t.co/aApQR…"
866643184151080960,2017-05-22 13:13:31,https://t.co/OEjmQzWwMB
865972923286208512,2017-05-20 16:50:08,RT @tokenbrowser: I just published “Announcing the Token Hackathon” https://t.co/SZ3xcnAKyS
865603769945305088,2017-05-19 16:23:15,"RT @DharmaProtocol: Thrilled to announce the Dharma Project.  Excited to hear the community's feedback at last.

https://t.co/QZfAkq4fq9"
865599235755880448,2017-05-19 16:05:14,RT @bramanathan: Some thoughts about the structures of token sales https://t.co/6W90DaWmHj
865226530338648072,2017-05-18 15:24:14,RT @0xProject: Announcing 0x OTC! https://t.co/G7KRjMBeox
863512017306435584,2017-05-13 21:51:22,RT @TheControI: Token Summit Session 12: Blockchain Governance in the Age of Token Sales w/ @zooko @danielzak @ljxie and @julianzawist http…
861623863884496897,2017-05-08 16:48:32,"RT @Melt_Dem: new women in #blockchain ft. @ljxie, PM @coinbase, advisor @0xProject - ""We’re no longer in a world of only Bitcoin""
https://…"
861427559682134017,2017-05-08 03:48:29,"@MattAKline @blakeir In a year you might be saying ""Eth market cap $8B"" if only.. :)"
861427306299932672,2017-05-08 03:47:29,@blakeir Thanks for sharing these!
861427154306740224,2017-05-08 03:46:52,"RT @blakeir: A beginner's guide to:
- Ethereum 
https://t.co/a5SEUCQnry
- Litecoin 
https://t.co/zey3CrH0Aq
- Monero
https://t.co/9TIeJChcV…"
860965126060376064,2017-05-06 21:10:56,RT @brian_armstrong: .@waitbutwhy article on NeuraLink was one of the best things I've read in a *long* time https://t.co/ayYjQfg1RS incred…
860921532691783680,2017-05-06 18:17:43,"RT @NTmoney: Just published “Tokens, tokens, and more tokens” https://t.co/1HEwPAEvrA"
860368392275939328,2017-05-05 05:39:44,"Excited about upcoming Ethereum project Dharma, a decentralized protocol for p2p lending https://t.co/2nHwdoeyZX"
860330587143286784,2017-05-05 03:09:30,"RT @14lox: Get hyped! @SIavaKim and I have built @getlionshare for iOS. 

DM if you want to be part of the public beta.

🦁 https://t.co/hAg…"
860259841582837760,2017-05-04 22:28:23,RT @benjennin_gs: People often ask me about buying digital currency 'at the right time'. I think it can be a whole lot less stressful: http…
860190982771310592,2017-05-04 17:54:46,"RT @brucefenton: It took 7 years for the value of all cryptocurrency to hit $10 billion, another year to hit $20 billion &amp; 3 more months to…"
859839019567300608,2017-05-03 18:36:11,"RT @coinbase: Coinbase adds support for Litecoin
https://t.co/pFmLyuoWyx"
859604632313643008,2017-05-03 03:04:49,RT @brian_armstrong: Thank you Greg Maxwell for the excellent talk on confidential transactions at @coinbase! https://t.co/ZuDCOeLGbY
859067501287690244,2017-05-01 15:30:27,"RT @coindesk: Blockchain VCs Back 0x, The Protocol That Lets You Trade Ethereum Tokens For Free https://t.co/y0TQyv725I https://t.co/IpPBlC…"
859064194661994497,2017-05-01 15:17:19,RT @willwarren89: 0x is Laying the Foundation for the Token Economy https://t.co/mXwJhzdBFA
858863423274205184,2017-05-01 01:59:31,“My guide to securing your digital life” by Piper Merriam https://t.co/149oDcX3Jb
857012827961180160,2017-04-25 23:25:55,"RT @TheControI: A search engine for the decentralized web: https://t.co/GztX0UyIpH

Another useful project from an ex @coinbase eng https:/…"
855167640142086144,2017-04-20 21:13:48,RT @laurashin: Why #Bitcoin's Greatest Asset Could Also Spell Its Doom https://t.co/dkPVJjndAW #cryptocurrency #hardfork #blocksize
854923161191596034,2017-04-20 05:02:19,RT @ArthurB: “Scaling Tezos” (In which we do not pursue sharding as a scaling technique) https://t.co/mdl4rjAVV9
854887024578265089,2017-04-20 02:38:44,"RT @brian_armstrong: Excited to roll out this new project we've been working on: Token! https://t.co/KLq1jh1Pqh Developer preview for now,…"
851863514213777409,2017-04-11 18:24:23,A beginner's guide to Litecoin https://t.co/UEbEQmX2MD
844793987378532352,2017-03-23 06:12:36,RT @WIRED: Silicon Valley now sees a new way of building markets that predict the future: the blockchain https://t.co/PgNp3BgQhQ
842400107257454594,2017-03-16 15:40:11,RT @wmougayar: .@ljxie @ErikVoorhees @DavidVorick @willwarren89 among the speakers at the https://t.co/uVDSVrPPyz. More to be announced nex…
842397843797110784,2017-03-16 15:31:11,@southeth Just keep in mind a trollbox doesn't represent the entire Monero community :)
842394172678008832,2017-03-16 15:16:36,@southeth I wanted to help clarify that's not the focus of Monero.
842387764075094016,2017-03-16 14:51:08,Beginner's guide to Monero another digital currency I'm really excited about https://t.co/nBBoLCMr5p
837218263448727555,2017-03-02 08:29:23,@iamcalvincraig @Medium thanks!
837217024073859072,2017-03-02 08:24:27,"@rcasseus @Medium no problem, thanks for reading!"
836479737136467968,2017-02-28 07:34:45,@m_muuto of course!
834832393554964480,2017-02-23 18:28:47,I’ve been getting a lot of questions on what Ethereum is so I wrote a beginner’s guide for anyone who is interested! https://t.co/pNcwh44qWQ
834446148953743360,2017-02-22 16:53:59,RT @0xProject: https://t.co/xIU97mkxMm
827058921378451456,2017-02-02 07:39:47,RT @0xProject: I just published “The difference between App Coins and Protocol Tokens” https://t.co/B2fTTJm9An
739233117374840832,2016-06-04 23:11:24,"RT @FEhrsam: ""Ethereum is the Forefront of Digital Currency” https://t.co/A0QIj7GZmR"
731686104995241985,2016-05-15 03:22:16,RT @NathalieMcGrath: So proud of this amazing team @coinbase https://t.co/afQ7ghGXrh
708754435959197696,2016-03-12 20:40:00,"RT @ethereumproject: Excellent explanation: ""What is Ethereum?"" by @VitalikButerin https://t.co/TvLv8qCkRO #blockchain #explain"
