id,created_at,text
952530161479639042,2018-01-14 13:17:42,RT @BitPay: How Payment Protocol Is Eliminating Costly Bitcoin Payment Errors: Stats and Results | The BitPay Blog https://t.co/QFk78hUIyH…
951458713969283072,2018-01-11 14:20:09,RT @BitPay: BitPay and Copay Wallet Users in Brazil Can Now Buy Mercado Livre Gift Cards In-App | The BitPay Blog https://t.co/VJaAPnnoQW #…
950135202004848640,2018-01-07 22:40:59,"We deliberately moved to 6 decimal places on @BitPay invoices so that we could eventually drop the leading ""0."" and… https://t.co/wgj1H8swfv"
938451196624465920,2017-12-06 16:52:55,https://t.co/uKpKpKXu3u
928319914884108306,2017-11-08 17:54:49,"RT @CharlieShrem: BREAKING: ""SegWit2X Suspending plans for the upcoming 2MB upgrade."" #Bitcoin
https://t.co/9eWcFOBm2A"
928311825510420481,2017-11-08 17:22:41,I just published “Segwit2x Should Be Canceled” https://t.co/0xn0iwjx5f
915560113053868032,2017-10-04 12:51:55,"BitPay’s Bitcoin Payments Volume Grows by 328%, On Pace for $1 Billion Yearly https://t.co/Ls3S8Ce1zZ via @bitpay"
908822695210553344,2017-09-15 22:39:50,https://t.co/PfqurZAAXx
908376357322797061,2017-09-14 17:06:15,“How B2B Bitcoin Payments Are Opening International Markets to US Businesses” by @BitPay https://t.co/XaAShQFa6o
906862922361696256,2017-09-10 12:52:24,https://t.co/lGnUSziHLI
901455944722329600,2017-08-26 14:47:00,"""About one in three graphics cards sold at retail, to OEMs or businesses was used for cryptocurrency mining."""
901455379518849025,2017-08-26 14:44:45,incredible: https://t.co/V0e6fYecbX
901453834324672513,2017-08-26 14:38:36,will electricity eventually only be sold for #bitcoin?... we'll know this is happening when miners start buying electric companies
901175985046990849,2017-08-25 20:14:32,I just published “BitPay’s Perspective on Segwit2x” https://t.co/lVgHVtrqXp
900463551881654273,2017-08-23 21:03:35,love hearing #bitcoin stories like this: https://t.co/9f2VdchFsj
898557412466184192,2017-08-18 14:49:16,the scale that #bitcoin mining has reached is impressive: https://t.co/haXqbchEQk
897178515862376448,2017-08-14 19:30:01,I just published “Bitcoin is 24x7: Why BitPay Didn’t Stop for the Bitcoin Cash Fork” https://t.co/V2kqfaGN92
890988940945227777,2017-07-28 17:34:51,"RT @BitPay: BitPay Does Not Plan to Suspend Service on August 1st
 | The BitPay Blog https://t.co/pd5dRaHIJp #Bitcoin"
890988901187432448,2017-07-28 17:34:42,RT @BitPay: What BitPay and Copay Users Need to Know About the Bitcoin Cash Fork | The BitPay Blog https://t.co/YD1dwGctRv #Bitcoin #Bitcoi…
877845355886465024,2017-06-22 11:06:57,https://t.co/sADzBN6bNL #bitcoin
873400974941073408,2017-06-10 04:46:34,RT @BitPay: BitPay investor Ashton Kutcher dropped by our office this week to talk to our team &amp; share insights on taking #bitcoin payments…
865407692537380864,2017-05-19 03:24:07,"@lightcoin it's more like a stock split than inflationary...the proposal is to fork the current chain, not create a new one"
865322633830821896,2017-05-18 21:46:07,@SatoshiLite we used to say this about people that didn't mine
865317494625619970,2017-05-18 21:25:42,interesting idea: https://t.co/dv5b3dPomK
865264953040805889,2017-05-18 17:56:55,I just published “Our Conspiracy with Bitmain” https://t.co/DEc7zGyQWk
865032057038278656,2017-05-18 02:31:28,@mdotbit hehe ... I totally forgot about that!
865030104027717632,2017-05-18 02:23:42,"here's an idea, #bitcoin holidays to let the transaction backlog clear"
864997845480292354,2017-05-18 00:15:31,"to clarify BitPay's stance, we assumed this was segwit+2mb HF by @SDLerner ... not a rehash of the HK consensus (wh… https://t.co/Luhqhdp95J"
864956021072162821,2017-05-17 21:29:20,"posted on internal @BitPay chat: ""BitPayers talking in #support-pit about who’s answered the most tickets: https://t.co/RB6QHB1Vtf"""
864909449135304715,2017-05-17 18:24:16,@SatoshiLite is Litecoin going to have a trademark issue with Miller?
864887682383716352,2017-05-17 16:57:46,"@NikoYounts my view has not changed, I've not said anything inconsistent with this"
864885970730188807,2017-05-17 16:50:58,"RT @paullinator: Staff at @Airbitz all get paid in #bitcoin. With fees skyrocketing, we may have to switch to @litecoin or @ethereumproject…"
864885675925098501,2017-05-17 16:49:48,"best plan: 8mb hard fork on #bitcoin now, test segwit on litecoin"
864846598341349376,2017-05-17 14:14:31,asking someone to run UASF is like asking them to put a gun to their head and threaten everyone they'll pull the trigger
864846188209733633,2017-05-17 14:12:53,"UASF is not a grass roots effort, it is an astroturfing effort"
864809897640251392,2017-05-17 11:48:41,"@nitroXplicit not opposed to it, unfortunately it is too late for segwit ... bigger blocks are needed now, segwit .… https://t.co/QsjGF3iVNx"
864808645216935937,2017-05-17 11:43:43,"@adam3us we are a large part of the ecosystem, we represent millions of users"
864806785579978753,2017-05-17 11:36:19,"@adam3us yes, it does help"
864804086604079104,2017-05-17 11:25:36,"@adam3us @BitGo no, it really would not immediately help"
864803315078635520,2017-05-17 11:22:32,...or miners hard fork to bigger blocks
864803133482049536,2017-05-17 11:21:48,great visual ... #bitcoin fees will continue to rise indefinitely until enough people stop using it https://t.co/8dDlZ2ihjx
864801057213493248,2017-05-17 11:13:33,@adam3us it's too late for segwit unfortunately ... would not help this situation
864798401912856576,2017-05-17 11:03:00,"a typical #bitcoin transaction costs $1.80 now, &gt;200k unconfirmed transactions, time for a hard fork to larger blocks ... 8mb please"
864633849447424000,2017-05-17 00:09:08,it's good to test segwit on litecoin for a while before it is deployed in #bitcoin
864576704316145665,2017-05-16 20:22:04,@Adrian_Xt @MortuusBestia agreed ... we have gamed out that scenario
864559829809082369,2017-05-16 19:15:00,"@ytrius ""miners know *that*"""
864559187262664705,2017-05-16 19:12:27,"@ytrius off chain ... it is not smart to force a fee market in this way right now ... miners know they, they're just being patient"
864558677705076738,2017-05-16 19:10:26,@ytrius that's a good question
864557914173865985,2017-05-16 19:07:24,@Adrian_Xt @svnlyte I don't think it's a good idea for consensus rule changes to play out on the network
864543696552955905,2017-05-16 18:10:54,I could support the simplest HF to 2mb soft limit / 8mb hard limit for #bitcoin (w/quadratic hashing protection)
864543129411694593,2017-05-16 18:08:39,@MortuusBestia ok ... but in its own tweet
864539100447199233,2017-05-16 17:52:38,@hitchslappy the capacity increase in segwit is maybe a 6 to 12 mo reprieve ...and that's assuming people start using it quickly
864537621229424640,2017-05-16 17:46:45,@hernzzzzzz @alansilbert @sthenc I can't speak to motivation and I don't know to what degree social media is being manipulated
864535540170936320,2017-05-16 17:38:29,"@hernzzzzzz @alansilbert @sthenc Yes, this is true ... we see it with our own customers"
864534772252594176,2017-05-16 17:35:26,@hitchslappy not opposed to segwit
864534645437812736,2017-05-16 17:34:56,@alansilbert @sthenc it isn't
864534465674186753,2017-05-16 17:34:13,@svnlyte I don't think BU is a good idea ... EC is not the right way
864531361264218112,2017-05-16 17:21:53,@sthenc no
864523737055580160,2017-05-16 16:51:35,the truth about scaling #bitcoin ...very well written and spot on: https://t.co/9WnJ4W2Kio
862989385540800514,2017-05-12 11:14:37,good article on how #bitcoin is crowd funding capital flow: https://t.co/HpKrXGPb0M
860456206321823744,2017-05-05 11:28:40,this is a nice overview of the #bitcoin extension block proposal: https://t.co/GLRsFkLObm
857014345947111424,2017-04-25 23:31:57,@avibryant @TangerineBank Use #bitcoin
856549746709843968,2017-04-24 16:45:48,the @Bcoin testnet for #bitcoin extension blocks went live this weekend ... @BitPay plans to test: https://t.co/0isUbfMzmO
855538805931212800,2017-04-21 21:48:41,@_chjj impressive!
854144085900308480,2017-04-18 01:26:33,Awesome video on accepting #bitcoin with @BitPay checkout app: https://t.co/2kVBnnkUHW
852160130296762369,2017-04-12 14:03:02,@EphraimScript @BitPaySupport to be more specific we do not support UASF of segwit ... BIP148 is too easily gamed a… https://t.co/OLAQWNlysa
852159194778275840,2017-04-12 13:59:19,@EphraimScript @BitPaySupport No
849228784184299521,2017-04-04 11:54:54,here is another good article on the #bitcoin extension block proposal by @PurseIO: https://t.co/Spvs3NI85M
849226785350975488,2017-04-04 11:46:58,excited about this #bitcoin proposal from the @PurseIO team (and good @Forbes article) https://t.co/42RlqwiaWW https://t.co/87gBVWCZqN
847528101596848128,2017-03-30 19:17:00,Atlanta ranks 3rd among technology boom towns: https://t.co/9saOQwJ4VP
847054373461147650,2017-03-29 11:54:34,"in the future, the vast majority of #bitcoin transactions will be off-chain"
847052704685965313,2017-03-29 11:47:56,@adam3us indeed ... I think just about nothing short of a failure in ECDSA will stop #bitcoin
844968748981334018,2017-03-23 17:47:03,RT @BitPay: .@Deloitte just launched a BitPay #bitcoin payment option in their Toronto office cafe: https://t.co/GFR3bduSly
844566535431733250,2017-03-22 15:08:47,the Copay #bitcoin wallet gets a major performance boost today ... new version of @BitPay app too: https://t.co/GkjewoSEUN
843939263838347265,2017-03-20 21:36:14,great article on @BitPay team member Liya in Amsterdam https://t.co/Wx3MDFFUaX #bitcoin
842471827704299520,2017-03-16 20:25:10,Here are some of my thoughts on a safer way to upgrade #bitcoin https://t.co/xQmqgABM9v
842470558512168960,2017-03-16 20:20:08,I just published “A Better Way To Upgrade Bitcoin” https://t.co/xQmqgABM9v
842180758869557248,2017-03-16 01:08:34,great article on @BitPay transaction growth and #bitcoin https://t.co/t1Im8N8wOv
839209088907161600,2017-03-07 20:20:13,Thoughts on rapidly rising #bitcoin miner fees and what they mean for @BitPay and the Bitcoin network: https://t.co/DXtlc70TIw
837170965184401408,2017-03-02 05:21:26,"RT @SatoshiLite: I changed my mind. /r/bitcoin is also a cesspool. It's a BU-bashing, Core-praising censored echo chamber. /r/btc is much b…"
837170919831392257,2017-03-02 05:21:15,"RT @SatoshiLite: Sadly, /r/btc is becoming a cesspool. It's basically a Core/Blockstream/SegWit-bashing, BU-praising echo chamber. /r/bitco…"
836708482086764545,2017-02-28 22:43:42,#bitcoin transaction fees under $100 seem like a bargain now
836707090001444864,2017-02-28 22:38:10,@PeterSchiff @BKBrianKelly how many people price things in gold ounces? thanks for the @BitPay mention on @CNBCFastMoney!
836251740286648320,2017-02-27 16:28:46,"RT @BitPay: BitPay's @spair and @TonyGallippi speak today at #DistMarkets on #bitcoin, payments, &amp; smart contracts: https://t.co/5Mt7aydEfG"
831162193806761984,2017-02-13 15:24:43,really nice overview of the @BitPay #bitcoin app https://t.co/0R9TNPzUjO
826490281423937537,2017-01-31 18:00:13,Very excited to have Carl Stern join the @BitPay team: https://t.co/FuUQpBhBv9
822252508492005376,2017-01-20 01:20:49,RT @BitPay: New to paying with #bitcoin? Check out our short guide to getting started: https://t.co/YPonSrz0Yz https://t.co/Stw3NwI8xx
822252448001703936,2017-01-20 01:20:34,"RT @BitPay: BitPay Wallet v1.3.0 Adds Coinbase #Bitcoin Exchange Support, New Language Translations | The BitPay Blog https://t.co/COkSOFY0…"
821112139935088640,2017-01-16 21:49:24,RT @BitPay: We've been nominated for the @FinTechNL #Fintech Awards. You can vote for #bitcoin #payments here: https://t.co/nUQwRanQl6  #DF…
821098465203781632,2017-01-16 20:55:04,RT @alistairmilne: Bitcoin's hashrate (security) is exploding ... estimated +13.5% increase in this adjustment period (2016 blocks). Hashra…
811953871492907009,2016-12-22 15:17:42,BitPay – Secure Bitcoin Wallet: Manage your bitcoin finances in one app on @ProductHunt https://t.co/YaQHwbrZNk
810864791510253568,2016-12-19 15:10:06,We're fortunate to have great advisors like Arthur! https://t.co/kMVTLOemr0
808645710749040640,2016-12-13 12:12:16,RT @ErikVoorhees: Why Affiliate Networks Are Adopting Bitcoin https://t.co/KZoFdxm1eD via @bitpay
807583013441830913,2016-12-10 13:49:29,a #bitcoin segment on Stossel talking about Venezuela: https://t.co/72clt9RPSv
806481760565547008,2016-12-07 12:53:30,"if you are looking for a good #bitcoin wallet, consider using the BitPay app https://t.co/5Y03Wtf8PX"
802506392422776832,2016-11-26 13:36:48,it's great to see E&amp;Y using Copay for their #bitcoin wallet: https://t.co/SZ6RrbNRhE
801172365375700992,2016-11-22 21:15:51,https://t.co/7mAkeJkd4E
798992738976833537,2016-11-16 20:54:48,RT @barrysilbert: Incredibly excited to lead the seed round for @YoursNetwork and to help @ryanxcharles &amp; @clemensley bring their vision to…
798709653056192512,2016-11-16 02:09:55,this is an amazingly good description of #bitcoin https://t.co/LqwuwEbsvo
798645607560683520,2016-11-15 21:55:25,by far the most comprehensive and practical advice for securing your online identity ... follow it: https://t.co/zREcFDOJAE
796707121584803840,2016-11-10 13:32:34,"We just launched the BitPay app, a new way to store, spend, and secure #bitcoin. Check it out: https://t.co/4WMgDxRtUV"
793483940707303426,2016-11-01 16:04:48,RT @BitPay: Introducing BitPay – Secure #Bitcoin Wallet for Mobile and Desktop | The BitPay Blog https://t.co/NlhYmg1FIw https://t.co/TOxog…
791392313591341056,2016-10-26 21:33:25,https://t.co/bTbiRRaZNO
791391415305695232,2016-10-26 21:29:51,RT @JamesLWalpole: Found in a random Atlanta gas station – a genuine #bitcoin ATM. https://t.co/cjs4TVsuwr
791321688008974336,2016-10-26 16:52:47,great article about our new #bitcoin app https://t.co/0oV91OAfMp
790725883246080000,2016-10-25 01:25:16,"@lightcoin yes, we'll have a blog post soon ... Copay will get all the improvements we've made"
790232044966072320,2016-10-23 16:42:55,Bitcoin ATM at the D hotel in Las Vegas is a popular spot! #bitcoin https://t.co/k5POUa03CK
784725826982084608,2016-10-08 12:03:11,RT @SDLerner: MimbleWimble blows my head off. I'll push it into the 2.0 release of Rootstock as a smart-contract (or core feature). #scalin…
784116700258140161,2016-10-06 19:42:44,@twobitidiot he's not betting against them figuring things out...he's betting that they *will* figure things out
781132525951447040,2016-09-28 14:04:41,a very good illustration of why SMS is a bad idea for 2fa: https://t.co/bA6BZfxQMG
780910214820290565,2016-09-27 23:21:18,“Introducing Bcoin” by @PurseIO https://t.co/fQSutWjXv0
773971801894449156,2016-09-08 19:50:31,"RT @bitwala: Everybody is excited about Altcoins, but nobody is using them! #bitcoin #blockchain https://t.co/L77zyXlHeE"
768978119919296512,2016-08-26 01:07:25,this is an exciting new development in #bitcoin mining https://t.co/kERzPI2W5j
768082826126299136,2016-08-23 13:49:50,Very cool to see #bitcoin companies starting to turn 5 years old! https://t.co/MBKTFWaZRw
765660310963388416,2016-08-16 21:23:38,RT @DgtlCrafts: Does your business accept #Bitcoin? Thanks @BitPay for hosting an awesome workshop for our @DgtlCrafts #builders! https://t…
765660178347859968,2016-08-16 21:23:06,"RT @BitPay: ""[I]f BitPay can handle American customers as well as they have handled me, they are the global card of the future."" https://t.…"
765638511353589761,2016-08-16 19:57:00,"RT @BitPay: Buy Amazon Gift Cards with #Bitcoin in Your Copay Wallet | The BitPay Blog 
https://t.co/SZr95rmvYU https://t.co/bkDKJRkL2O"
761649937314611200,2016-08-05 19:47:50,@KimDotcom you need to change your name to BitKim :)
761529544188780544,2016-08-05 11:49:26,beware of fake wallet apps on iOS that steal #bitcoin ... how could these possibly get through Apple review? https://t.co/ar8oKlqT9c
758305627563319304,2016-07-27 14:18:44,@bamos01 @desantis tokens that are valid in both forks are worth more than ETC and ETH...the arb is that exchanges don't recognize that
758296058552254465,2016-07-27 13:40:43,this is an arbitrage that will force the price of ETC and ETH lower until most tokens are valid in only one chain https://t.co/ZxdI07uqKX
757908557949984769,2016-07-26 12:00:56,the #bitcoin core developers deserve a lot of credit for sticking to their guns on the block size issue
757906848267825153,2016-07-26 11:54:08,"in this #bitcoin crypto currency gold rush, I see fool's gold everywhere"
752545947301867524,2016-07-11 16:51:50,Seafile is now accepting #bitcoin https://t.co/r4uJQWg7n2
751016115388706816,2016-07-07 11:32:49,"if you haven't seen it yet, the new landscape mode in Copay v2.2.0 on desktops is great https://t.co/d3tkOMB7MO"
750767500850266113,2016-07-06 19:04:55,here's an excellent tutorial on programming #bitcoin in JavaScript with the #bitcore library https://t.co/iaDyN0dqzo
750320535863689216,2016-07-05 13:28:50,this #bitcoin enthusiast created a great getting started video tutorial for Copay https://t.co/pYo40hXTQk
748307704561700864,2016-06-30 00:10:34,RT @BitGiveOrg: Our new @BitPay Visa worked like a charm when we needed new printer ink! Love buying office supplies with #bitcoin ! https:…
746839081632444416,2016-06-25 22:54:47,"@twobitidiot for #bitcoin marketing, it would be good to start with renaming @Consensus2016 to @Bitcoin2017 ;)"
746003685818437633,2016-06-23 15:35:13,“Ethereum is the OP_EVAL of cryptocurrency” by @_chjj https://t.co/8H6BWjvYyF
745624937843523584,2016-06-22 14:30:12,good analysis by @coincenter of the annual FSOC report as it relates to #bitcoin https://t.co/f7jQiJuLVF
743859966977662976,2016-06-17 17:36:51,glad to see CPFP (child pays for parent) finally implemented in #bitcoin https://t.co/YOcCyI9llu
743789230510510080,2016-06-17 12:55:46,really excited to see people finding the @BitPay card useful https://t.co/T6FGlzPWrT #bitcoin
743085170274799616,2016-06-15 14:18:05,good talk by @VitalikButerin on crypto 2.0 https://t.co/Xcms08rypN
732610982531452928,2016-05-17 16:37:24,RT @BitPay: You can use #bitcoin to buy a #BitcoinPizzaDay slice for kids at @RMHAlbanyNY: https://t.co/a1EjZp3lOz Order here: https://t.co…
732594606936842240,2016-05-17 15:32:19,RT @NYBitcoinGroup: You can now buy a slice of Papa John's #pizza via #bitcoin for the children &amp; families of the @RMHAlbanyNY - @BitPay ht…
731118251401445377,2016-05-13 13:45:49,"the game theory here is interesting, it's not clear the a patent on #bitcoin mining hardware has any value https://t.co/8DEug5ZeW5"
731115008852103169,2016-05-13 13:32:56,nice demo of a payment from a @BitPagos customer to a @BitPay merchant using #bitcoin https://t.co/N7CJBbqBoS
727837912868503552,2016-05-04 12:30:55,@keranm @BitPay not yet
727605096813608960,2016-05-03 21:05:47,We just launched the the first US-wide Visa debit card you can load using #bitcoin. Check out the @BitPay Card! : https://t.co/MUWInDK7JU
727494973264936961,2016-05-03 13:48:12,@Jorj_X_McKie @lightcoin @BitPay me too
725822960628584448,2016-04-28 23:04:13,here is a great example of the unique requirements of #bitcoin inspiring innovation in the software field https://t.co/xZw3fjB1LC
725744286478692354,2016-04-28 17:51:36,RT @BitPay: Want to try out @steam_games's new #bitcoin payment option? Here's what you need to know: https://t.co/YPonSrz0Yz https://t.co/…
724679162825441281,2016-04-25 19:19:10,RT @PanteraCapital: Portfolio Company @Bitstamp Becomes First Nationally Regulated #Bitcoin Exchange. Read more: https://t.co/y9FVe9WoyI ht…
723175328932225024,2016-04-21 15:43:29,RT @BitPay: Buy and Sell #Bitcoin in Copay With Your @Coinbase Account | The BitPay Blog https://t.co/i3IbVVs2bl https://t.co/h48ChzjWZE
720789498225946628,2016-04-15 01:43:02,great video that shows just how easy it can be to accept #bitcoin https://t.co/no1z3rEiIK
719956151190888449,2016-04-12 18:31:37,good article about #bitcoin on seeking alpha: https://t.co/PoeRW21APx
719924594195480576,2016-04-12 16:26:13,“https://t.co/mbVXyoNMTb Abandons Proprietary Backend in Favor of Open Source Bitcore” by @satoshilabs https://t.co/5sNycGz7BD
713038845508452354,2016-03-24 16:24:43,RT @BitPay: Play the lottery on your smartphone using #bitcoin – meet our new merchant @JackPocketApp: https://t.co/451mzCTgqj https://t.co…
712326124056006656,2016-03-22 17:12:37,"analysis, code, and BIP on the #bitcoin adaptive block size: https://t.co/rKJz58tlpV"
710705416712417280,2016-03-18 05:52:30,@zooko I don't see why this is so much an attack on #bitcoin as it is a defense of the bolivar
710680046218838016,2016-03-18 04:11:41,Venezuela gov't defends its currency https://t.co/JDwowAu9zI #bitcoin
710501250463174656,2016-03-17 16:21:13,great article on #bitcoin in Latin America: https://t.co/sCo5URybYW
709817930192723968,2016-03-15 19:05:56,I'm speaking at #Consensus2016! Register with 20% discount code “C16BitPay20OFF” to #MakeConsensusGreatAgain! https://t.co/PuP0pJdnOu
707958948704473088,2016-03-10 15:59:01,RT @CoinTelegraph: The result of “Satoshi Roundtable” #satoshiroundtable https://t.co/qXe8NzzUa5 @gavinandresen @spair #Bitcoin https://t.c…
706934919403065344,2016-03-07 20:09:53,what I learned at the #bitcoin @SatoshiRoundtbl https://t.co/HyaD3bcFng
705542823358160896,2016-03-03 23:58:12,B2B billing is an important (often overlooked) service that @BitPay offers...we've recently enhanced it: https://t.co/PZYNZauTAd #bitcoin
705383295459131392,2016-03-03 13:24:17,very happy with how well Copay (https://t.co/d3tkOMB7MO) has handled #bitcoin network congestion ...its dynamic fees seem to be working well
705240167783768064,2016-03-03 03:55:33,It seems to me that #bitcoin is learning how to upgrade itself...its wild success is a forcing function
704677770077540353,2016-03-01 14:40:47,"yesterday, #bitcoin set a new all time high number of transactions on the network ...that's very exciting to see"
704641091258216448,2016-03-01 12:15:02,"good report, but wrong about SPV, which is less private than full nodes, @copay is meant to run with your own node https://t.co/yh2bWYlI43"
704341960518201344,2016-02-29 16:26:24,"in 140 characters, the #SatoshiRoundtable was a very productive waste of time ... @brucefenton deserves a lot of credit for organizing it"
701855493019541504,2016-02-22 19:46:04,op'ed by NASDAQ on the implications of the Apple court order on #bitcoin https://t.co/vnBW7PRS7h
701793260046565377,2016-02-22 15:38:46,a pretty good analysis of #bitcoin by @joi Ito: https://t.co/bLYKxeOVbn
700301452770672640,2016-02-18 12:50:51,"if Apple did their job well, it would be impossible to comply, it's like asking them to make 1+1=3 https://t.co/LVw0Glan58"
699963544243204100,2016-02-17 14:28:08,"@aantonop @BitPay yep, follow these instructions https://t.co/mirXtElhPK"
699629139687567360,2016-02-16 16:19:20,@ErikVoorhees @BitPay thanks Erik! ...everyone really appreciated this comment
698856292123865088,2016-02-14 13:08:18,"silly argument, #bitcoin is the longest chain, and Bitcoin 0.8 was a hard fork (albeit accidental): https://t.co/nyBTmPNpZ8"
697957291291709440,2016-02-12 01:36:00,bitcoin miners are asking the bitcoin core project to provide a plan for a 2mb hard fork upgrade to #bitcoin https://t.co/IQ7GzwWfPe
697114164154785793,2016-02-09 17:45:43,Read about BitPay's support for Opt-In RBF for #bitcoin here: https://t.co/ShgoUXhgks
690702916517269504,2016-01-23 01:09:42,Jamie Dimon does a 180 on #bitcoin https://t.co/dQ8tqKWZt7
689092913733722114,2016-01-18 14:32:08,very good advice from @Falkvinge for the #bitcoin community https://t.co/ZlNsDLReAM
687980581041344512,2016-01-15 12:52:07,if I only had a #bitcoin for every time someone declared it to be dead https://t.co/K0XKfmImkK
685109164503396352,2016-01-07 14:42:08,read our current thoughts on the #bitcoin block size limit here: https://t.co/S0MTg351uf
684741637390643200,2016-01-06 14:21:42,"I've posted an article on #bitcoin scalability, hard forks and fee markets: https://t.co/036AOsa88Z"
684425906098712576,2016-01-05 17:27:06,RT @BitPay: Our #Bitcore team joins @TWiT's @FLOSSWeekly in 10 min to discuss our #OpenSource platform for #bitcoin development: https://t.…
684425548878233600,2016-01-05 17:25:41,catch bitcore.io live on FLOSS weekly today #bitcoin ... https://t.co/5ndHC9yxkn
684424289974644736,2016-01-05 17:20:41,excited to have bitcore.io nodes running on #Microsoft #Azure #bitcoin https://t.co/nSw2dARruP)()
684384680909606912,2016-01-05 14:43:17,I've posted a few thoughts on #bitcoin as a settlement system: https://t.co/xHEzD1YzbR
684360308324958208,2016-01-05 13:06:26,"@AaronvanW @gavinandresen Gavin is saying the same thing, miners control the bitcoin rules but miners can't force people to use it"
684358695556374530,2016-01-05 13:00:02,"@el33th4xor miners control bitcoin in the same way Apple controls the iPhone...of course, as I stated, users can vote with their feet"
684065878376353792,2016-01-04 17:36:29,@randomdross @BitPay it does
684030408099495936,2016-01-04 15:15:32,posted an article about the role miners play in controlling #bitcoin https://t.co/XCwALOuXLo
683451679807766528,2016-01-03 00:55:53,"@balajis makes total sense, I've come close to implementing this exact thing for mongo"
682929628885954562,2016-01-01 14:21:26,"RT @barrysilbert: Hmm..Bloomberg named bitcoin worst performing currency in '14, but excludes in '15 when it was best cc @julieverhage http…"
681916062045224961,2015-12-29 19:13:53,"good article discussion the #bitcoin block size limit
https://t.co/VrTaM0s1J1"
681211347628077057,2015-12-27 20:33:36,"@brian_armstrong yep, bitcoin users can simply run BU and let miners figure out for themselves how to coordinate on a limit"
676975990782959621,2015-12-16 04:03:48,"the best bitcoin wallet is even better, Copay 1.6 is primarily a UI enhancement release...address book is great too: https://t.co/6rFu85ljzO"
676209488706199552,2015-12-14 01:18:00,"If history is any guide, #bitcoin will not likely become a settlement system unless it first has widespread adoption as a payment system"
676192197377589248,2015-12-14 00:09:17,Good article if you're considering #bitcoin as an investment https://t.co/bS0M5GwbjA
672157166682288128,2015-12-02 20:55:31,RT @BitPay: Canadian #bitcoin users (all provinces but Quebec) can now sign up for @GlideraInc via Copay to buy/sell BTC in-app: https://t.…
670585207414722560,2015-11-28 12:49:06,update from @21dotco ...these guys may single handedly change the economics of the Internet #bitcoin https://t.co/npvW6bm52X
666768284403019777,2015-11-18 00:02:01,RT @BitPay: Copay users in supported areas can now sign up for @GlideraInc to buy/sell #bitcoin in-app – no beta invites needed: https://t.…
664426428058857472,2015-11-11 12:56:19,"I see a parade of articles suggesting #bitcoin is not usable or being used as a currency, and yet the facts on the ground suggest otherwise"
662431320530784256,2015-11-06 00:48:28,there is nothing more powerful than an idea whose time has come https://t.co/cRcyLSyvAI
661669306200035328,2015-11-03 22:20:30,sending money to China? right now #bitcoin is the best way to do it... you will get paid ~5% ...ask MoneyGram for a price match ;)
659370558144933888,2015-10-28 14:06:06,"RT @BitcoinMini: Evaluating @BitPay's #bitcore. Very cool. 
#bitcoin #buidl"
659270007503716352,2015-10-28 07:26:33,"RT @FirstData: Thx to panellists @beakermaster, Lily Liu of @21dotco, @johnmcd3 &amp; @spair for talking #blockchain w/ @VinnyLingham. Great st…"
658768507966894080,2015-10-26 22:13:46,RT @IngenicoMobile: Curious about accepting #Bitcoin #payments? Head over to @Bitpay's booth &amp; see a demo of our terminal. #money2020 https…
657901031054012416,2015-10-24 12:46:43,RT @maraoz: BitPay put up a tutorial on how to build a desktop version of Proof of Existence using bitcore :D https://t.co/ciIKCppD0T
657211712462913537,2015-10-22 15:07:37,"Bitcore 1.0: full node, block explorer, wallet server, and payment acceptance ...built on bitcoind #bitcoin https://t.co/FwQ7vLzyDh"
656646145695981569,2015-10-21 01:40:15,The latest release of copay adds support for buying and selling #bitcoin (among other things): https://t.co/OUIpZ5J15H
654335233588895744,2015-10-14 16:37:31,RT @money2020: @spair @bitpay Check out the Bit(coin) World track video http://t.co/eacZ1b8w7g
651865193983668225,2015-10-07 21:02:27,"RT @NickSzabo4: Best of Bitcoin (currency and settlement system) + best of Ethereum (smart contract programming environment): 
https://t.co…"
649282995464085505,2015-09-30 18:01:43,"@orionwl BitPay used to be accessible on hyperboria. ...don't think anyone used it, but I loved the idea"
646708145901993985,2015-09-23 15:30:11,we released a new version of #copay today https://t.co/wihGbPoR5c #bitcoin
646304081896734720,2015-09-22 12:44:35,"Exciting.  In a couple years, 21 may have what every chip manufacturer is going to need https://t.co/khSWRLvmOY #bitcoin #IoT"
646137892016885761,2015-09-22 01:44:12,I'm excited to see https://t.co/CQe331FcfD make a public announcement about their service #bitcoin #bitcore #copay
645601190646935552,2015-09-20 14:11:33,Big-O and #bitcoin http://t.co/p0vvQ0nwMQ
644690475757121536,2015-09-18 01:52:41,this was a potentially very significant development http://t.co/0ulyoEq4me
644545482736410624,2015-09-17 16:16:32,I just posted a Statement Regarding Last Year's Theft: https://t.co/fJYpH5Ovf6
643499881722724353,2015-09-14 19:01:42,agree https://t.co/mTLl7rtAYE
643213520130150401,2015-09-14 00:03:48,The #ScalingBitcoin conference was one of the better #bitcoin conferences I've been to ...optimistic about #Blocksize issue
641335834952749056,2015-09-08 19:42:33,We've enhanced multi-user support for @BitPay merchants accepting #bitcoin https://t.co/jmBeZ9yB5o
640482137544617984,2015-09-06 11:10:15,Colu talks about colored coins support they've built for #copay #bitcoin http://t.co/7s3FUimQKY
635853976618070016,2015-08-24 16:39:36,"RT @OneMorePeter: We support BIP101 alongside @wences, @spair, @johnmcd3, @kncminer, @mikebelshe, @jerallaire and &amp; @psneville. http://t.co…"
634829363641344000,2015-08-21 20:48:09,@adam3us @jgarzik @BitPay I think Jeff is moving his schedule around to go...I may be there as well (not sure though)
634460940524781572,2015-08-20 20:24:10,Copay should be ready for the next #bitcoin stress test https://t.co/5D4xPTOvLa @BitPay
634174754879078400,2015-08-20 01:26:58,We support the adoption of BIP 101 for increasing #bitcoin's #blocksize limit @BitPay https://t.co/4jrFQnQHPY
633696477274095616,2015-08-18 17:46:28,see our video of new #bitcoin merchant features we just released @BitPay https://t.co/QJS1TQen4T ..and the blog post https://t.co/0iQn7Q1t9q
633664537758179328,2015-08-18 15:39:33,@bitpay merchants now have some excellent new tools to handle #bitcoin payment exceptions https://t.co/nyJGf4Xe1c
631816870354546688,2015-08-13 13:17:35,RT @AlenaSatoshi: @Datavetaren @Multipool yes @slush_pool is also in favor of 8MB but not including this into our blocks yet.
624562495433404416,2015-07-24 12:51:17,"@brian_armstrong you are crazy, it won't take anywhere near that long"
621727727637258241,2015-07-16 17:06:56,Please help support @BitGiveOrg ...here's a video highlighting some of their charitable work https://t.co/P6N95a94PA
621717907056111616,2015-07-16 16:27:54,well said http://t.co/gfFOfDhC8y
621096731485212672,2015-07-14 23:19:34,Wedbush Analyst recommends #Bitcoin Investment Trust (GBTC) http://t.co/Xcci4XdCJH
620639905950121988,2015-07-13 17:04:19,Former @WSJ reporter @mikejcasey joins the @medialab Digital Currency Initiative via @brianforde http://t.co/lHGX9UQlZm
619531828769226752,2015-07-10 15:41:12,The best bitcoin wallet just got a little better http://t.co/EBcVo2KB43
618197298279923712,2015-07-06 23:18:16,The tourism and export industries in Greece should start using #bitcoin immediately. #GreekCrisis
615967217528774656,2015-06-30 19:36:43,The tourism industry in Greece should experiment with accepting #bitcoin ...it would be a great way to earn bitcoin from foreign visitors.
613527994884190209,2015-06-24 02:04:07,"great quote: ""Everybody who does not own a payments rail ...is going to coordinate around bitcoin"" - @balajis"
611537345255485440,2015-06-18 14:13:59,"@BitPay has not pivoted, never even considered it...every line of code we write is about extending our lead in payment processing"
609058962961510400,2015-06-11 18:05:47,"Last week we launched Copay, our open source #bitcoin wallet, out of beta. Ask Me Anything! https://t.co/CnggfDQzdQ"
608073439295893505,2015-06-09 00:49:40,"part of the beauty of #bitcoin is that users will ultimately make the decision on important matters like block size, not developers"
606208002299805696,2015-06-03 21:17:05,we released the Copay 1.0 #bitcoin wallet...I really love this wallet and think many others will too: http://t.co/EBYAjPg9q1
603248123520163840,2015-05-26 17:15:35,Gavin on block size analysis http://t.co/IdWERykRUg #bitcoin
601485804729442305,2015-05-21 20:32:45,"RT @jgarzik: Streamium from @maraoz: https://t.co/8tnttimxZ0
Broadcast live video. Charge per minute. Zero signup. 
#Bitcoin payment channe…"
601101999292178432,2015-05-20 19:07:39,RT @BitPay: Our CEO @spair &amp; @ematiu are live on @FLOSSWeekly discussing our Copay #bitcoin wallet. Watch: http://t.co/ZqwR024byv http://t.…
601098011213766656,2015-05-20 18:51:48,"@TheBlueMatt @BitPay a chaindb block has value (otherwise no one will bid to create them)...could be fees, but non necessarily"
601027640590467072,2015-05-20 14:12:10,RT @WiproOS: Watch @Wipro #opensource director @webmink on Copay-Bitcore with @merlyn @spair @ematiu @FLOSSWeekly today 16:30 UK. http://t.…
600997781860409344,2015-05-20 12:13:31,"@TheBlueMatt @BitPay you mean conflicting chaindb transactions?  if so, that would be an invalid block"
600830841867116544,2015-05-20 01:10:10,@TheBlueMatt @BitPay 140 characters is really limiting to answer these questions
600830713215242241,2015-05-20 01:09:39,"@TheBlueMatt @BitPay yes ...you could effect a double spend like attack (where ""double spend"" is generalized to ""conflicting updates"")"
600829360237600768,2015-05-20 01:04:17,"@TheBlueMatt @BitPay chaindb doesn't have miners, it has bidders, bitcoin miners can create chaindb blocks (if it's a public chain)"
600828847462981632,2015-05-20 01:02:14,@TheBlueMatt @BitPay it's not an altcoin framework
600828588758302720,2015-05-20 01:01:13,"@TheBlueMatt @BitPay yes, randomized selection mitigates but doesn't eliminate this issue (exploring ideas to up the cost of this attack)"
600827879916773376,2015-05-20 00:58:24,@TheBlueMatt @BitPay yes (but this is not a big of a deal as many might imagine)
600827633887248385,2015-05-20 00:57:25,@TheBlueMatt @BitPay correct (though some chains might need even less frequency)...but definitely no more than one per bitcoin block
600827462721867776,2015-05-20 00:56:44,@TheBlueMatt @BitPay actually reorgs of the bitcoin chain are expected and cause corresponding chaindb reorgs
600827103311994880,2015-05-20 00:55:18,@TheBlueMatt @BitPay that's an artifact to trying to get the essential ideas across without getting mired in the implementation details
600821218745425920,2015-05-20 00:31:55,@TheBlueMatt @BitPay post questions here and we'll answer them https://t.co/HHeGKJfedw
600694862627926017,2015-05-19 16:09:50,RT @yvonneastro: Try Bitcore http://t.co/JDV3PZXtli if you haven't. Really nice documentation too! @BitPay @martindale @jflowers1974  https…
600694035876093953,2015-05-19 16:06:33,We've published a paper on ChainDB's consensus mechanism and are seeking feedback https://t.co/q88T0YK9S1 #bitcoin @bitpay
596504169973944320,2015-05-08 02:37:31,I agree with Alan here: http://t.co/qZrWk3PGWU
595588210564075520,2015-05-05 13:57:49,Gavin's proposal to increase the #bitcoin block size would happen in March 2016 ...that's a much longer comment period than bitlicense ;)
595341090317799424,2015-05-04 21:35:51,Agreed (but optimistic this will be the last and only time block size needs to increase) http://t.co/o3kMtEkm0x
593973889715326978,2015-05-01 03:03:05,BitGo thing got me thinking ... https://t.co/olMHWaI8HY
593212569357262849,2015-04-29 00:37:52,@alansilbert @jgarzik @barrysilbert @CharlesSchwab yes other OTC stocks can be traded...they must have to explicitly enable it
593197792186802176,2015-04-28 23:39:09,"@DoctorBitcoin @barrysilbert @CharlesSchwab no, I think it just means I need a new brokerage"
593196684391411712,2015-04-28 23:34:45,@barrysilbert called @CharlesSchwab about $GBTC ...they said that they haven't enabled trading because bitcoin is too risky ...gee thx :/
591064900614631425,2015-04-23 02:23:48,"beware, someone created a pgp key for an email address similar to mine ...only trust keys you've personally verified"
582887409651576833,2015-03-31 12:49:22,wow ... http://t.co/4qMcf6ph9v
582186165572259840,2015-03-29 14:22:53,yes...there are some apps where RBF is useful (but you would only apply RBF to specific types of transaction) https://t.co/DAXGhToFDG
581651223146721280,2015-03-28 02:57:12,we need a decentralized github http://t.co/Ow1mrex4zk
581631352044322816,2015-03-28 01:38:15,bitcoin can also fix vulnerable systems; digital currencies == applied mathematics http://t.co/DdNbJrpNlg
577507150441750528,2015-03-16 16:30:08,good crowd at @BitcoinSXSW ...the audience had a lot of people new to #bitcoin
577261272665845760,2015-03-16 00:13:07,Got a a thumbs up from a couple on a bike in ATL...must have seen the the BitPay plate...just the pick me up I needed...thank you! #bitcoin
575807497493053440,2015-03-11 23:56:20,RT @coindesk: Former JP Morgan Exec Blythe Masters Swaps Wall Street for Bitcoin http://t.co/zJWhCw3M3L http://t.co/lGhMM4hPDr
575807417507651585,2015-03-11 23:56:00,RT @the_intercept: The CIA has waged a secret campaign to defeat security mechanisms built into Apple devices. http://t.co/a8kN5pHHtu http:…
575807256870047744,2015-03-11 23:55:22,RT @coindesk: Goldman Sachs Report Says Bitcoin Could Shape 'Future of Finance' http://t.co/2kC9af4Czw http://t.co/J8ZalP6s9o
575805541726863361,2015-03-11 23:48:33,RT @jonmatonis: ArtForz figured out months before anyone else how to leverage the capability of GPUs for bitcoin mining http://t.co/0WlLI6L…
575801432047144962,2015-03-11 23:32:13,RT @barrysilbert: Public posting of BIT's ($GBTC) Financials &amp; Disclosure Statement completed today as part of our application to OTCQX htt…
575795109804929024,2015-03-11 23:07:06,Coming to @SXSW? Check out @BitcoinSXSW event.  I'm on the first panel.  RSVP &amp; let others know: http://t.co/I1ZuWbKZzx #SXSW #SXSWi
574582507099832321,2015-03-08 14:48:39,neat idea... http://t.co/2otK2Hq8oZ
571284408331866112,2015-02-27 12:23:11,"RT @gavinandresen: Today was a productive coding day: 60x faster, 10x less memory, 1 new unit test, in 41 fewer lines of code. https://t.co…"
569928704454995971,2015-02-23 18:36:06,"RT @brian_armstrong: Ripple, Stellar, and Altcoins are all a distraction. Bitcoin is way too far ahead. We should be focused on bitcoin and…"
564832573512511489,2015-02-09 17:05:54,unfortunately I think this article is correct https://t.co/NnGtPYquk8 #bitcoin
559500698359173120,2015-01-25 23:58:56,who is @ToTheMoonGuy ?
559186198602592259,2015-01-25 03:09:13,one of the more meaningful #bitcoin charts: http://t.co/HNMPEcU04i
558380864036294656,2015-01-22 21:49:06,Very good analysis and summary of the impulse protocol...really enjoyed reading it: https://t.co/gP1KBwAWH5
555588810298642433,2015-01-15 04:54:29,"people say #bitcoin will be very stable once a lot of people use it ...I sometimes think that too, then I look at the price of oil"
552642648943910913,2015-01-07 01:47:29,"""The Block Chain"" has been nominated for ""The Best Technology Achievement"" Crunchie ...go vote! #bitcoin http://t.co/FsvNe2w4im"
550302271410798592,2014-12-31 14:47:40,@paulvigna @JoshMetnick @coinbase @BitPay @pmarca open a bitpay support ticket with the txid and we'll get to the bottom of the issue
543068267288342528,2014-12-11 15:42:19,@ChangeTip @grahvity haha...thank you!
543063593630334977,2014-12-11 15:23:45,So...of course the first thing my kids asked for this morning was Xbox points.
541591905856139264,2014-12-07 13:55:47,"flaws in ripple aside, ripple is missing the most important feature of #bitcoin, zero trust history http://t.co/bjdtgYDycA"
537779553041915905,2014-11-27 01:26:51,In early 2009 we began recording human history in an unalterable digital form #bitcoin
530837207096250368,2014-11-07 21:40:27,"According to Pantera's Bitcoin Report, Bitcoin investment has exceeding that of the Internet as of 1995: https://t.co/oLv6SWpOmS"
528363817797812224,2014-11-01 01:52:05,we just had one of the highest transaction volume days in bitcoin https://t.co/rWtTPFILcm
524568616566419457,2014-10-21 14:31:18,looking forward to this panel tonight: http://t.co/6uHiFHPCTM
523106229422669824,2014-10-17 13:40:18,RT @gavinandresen: The new BitLicense would force Bitcoin services to spy on their customers. Help stop it:  https://t.co/2Ah70xXZNE via @e…
522907950047059968,2014-10-17 00:32:25,"RT @PlayerCT: Join @GTBN Tues, 10/21 for “Startup Buzz” panel: @kyleporter @spair @sanjay &amp; Prof Ray Vito  http://t.co/vRVdswYj8E #startup"
522869982191824897,2014-10-16 22:01:32,@Founders_Forum #FeedProjects
522843788616552448,2014-10-16 20:17:27,@Founders_Forum #MIT
522793462631256064,2014-10-16 16:57:29,@Founders_Forum #Nest
520750847027085312,2014-10-11 01:40:51,"Tesla is not about gas savings, it's about time savings.. 15min/wk to be exact.. oh, and fastest sedan in the history of man kind ftw"
519936906021203968,2014-10-08 19:46:33,"heh...Fred Wilson doesn't pull any punches: ""Has Paul Krugman been right about anything in the last decade?"" http://t.co/kyPo2ipE36"
519472583369318400,2014-10-07 13:01:29,"""We can reinvent the entire thing"" ...yes we can http://t.co/qbjpgR5LYH"
514102693162647552,2014-09-22 17:23:28,RT @BitPay: Bitcoin 101 at @georgiatech on the 24th with @pheevaWallet &amp; @BTC_Society! Come join the conversation: http://t.co/7jz0ipbHCg #…
511875937625858048,2014-09-16 13:55:08,good essay by bitgo on multi-sig and moving beyond cold storage https://t.co/RstyadzyBu
505716755969216512,2014-08-30 14:00:45,great article on #bitcoin price and merchant adoption (it increases the value of bitcoin ...duh!) http://t.co/ON0xu0kXvZ
499685143032786945,2014-08-13 22:33:16,we made a video to help explain how we help businesses use bitcoin http://t.co/ophV5e9Z8m #bitcoin @bitpay
498478128550146048,2014-08-10 14:37:01,bitcore.io discussed on FLOSS weekly http://t.co/UtoTcP2i4S #bitcoin #bitcore
497029089132175360,2014-08-06 14:39:03,it's easier than ever for merchants to accept bitcoin http://t.co/77w8GIA0z3 @bitpay #bitcoin
494477511313465344,2014-07-30 13:40:00,been looking forward to this day for 3 year …the end of processing fees: http://t.co/0yw28s24nc
492420010451558401,2014-07-24 21:24:14,get paid in bitcoin with zuman … https://t.co/otiugUoMkM
491282365482663936,2014-07-21 18:03:38,really exciting about the rapid uptake of http://t.co/6A7IFSyMd7 …nearly 1000 users in the first day
486878414662430721,2014-07-09 14:23:54,BitPay announces an open source multisig @bitcoin wallet http://t.co/W3Dtw4zQvV
485406899370602496,2014-07-05 12:56:37,this is not an uncommon story …and I'm sure we'll here a lot more like it http://t.co/jOX17hyhgj #bitcoin
484686653131616256,2014-07-03 13:14:37,can't wait until you can get a shave and a haircut for 2 bits #bitcoin
483942383453626369,2014-07-01 11:57:10,bitpay launched 3 years ago today …and today newegg begins accepting bitcoin @BitPay @Bitcoin
479291130543345665,2014-06-18 15:54:44,http://t.co/j5se8ByE9J
478603602382966784,2014-06-16 18:22:45,Bitcoin 101 talks about bitcore https://t.co/nEOrhJgaCM #bitcoin #bitpay #bitcore
478210340548009986,2014-06-15 16:20:04,"beware, there re reports of an email to download your bitpay wallet, this is phishing attempt #bitpay #bitcoin"
476769753449508864,2014-06-11 16:55:41,"RT @pitchforkmedia: Also, you can buy Mastodon's new album using Bitcoin http://t.co/6yd6qYFbKX"
469451118700154880,2014-05-22 12:14:03,Marc Andreessen interview …some of the best comments on Bitcoin I've heard from him: http://t.co/HBWiSALeiM
469220829348495362,2014-05-21 20:58:58,This is a great talk by the founder of Xapo on Bitcoin and its historical context. https://t.co/lqWAWTDjPy
469165007734050816,2014-05-21 17:17:09,Euro Pacific Metals now accepts bitcoin with BitPay http://t.co/VqVldD0moG
466956370986541057,2014-05-15 15:00:49,@ruima @blockchain @coinbase @anxbtc how about http://t.co/DLtGgE1vzO?  have they blocked it?
1246234245,2009-02-24 20:15:16,"@turff yes, I'm following BSG...the last 3 or 4 seasons have been a bit of a train wreck"
1032982871,2008-12-01 21:24:01,wondering the best way to get Facebook status and Twitter updates sync'ed
909850171,2008-09-04 20:32:17,just posted my thoughts on Google's Chrome: http://tinyurl.com/5dwq2g
873963840,2008-07-31 19:32:28,"@ScottBourne hold the comment, but recommend they start a thread somewhere else and offer to link to it"
873103582,2008-07-30 23:43:36,Playing with twitterific on iphone http://twitpic.com/5ym5
868086511,2008-07-25 13:43:19,"whoa, is the end of software patents near? http://tinyurl.com/559bko"
828663924,2008-06-06 21:33:11,@avibryant come on..3G coming Monday...accident? that's awfully convenient ;) but you should have waited till Monday to break it
828661882,2008-06-06 21:29:55,one of those days where nothing seemed to go right...rushing out code with little or no test coverage is never a good thing
828476748,2008-06-06 14:57:55,twit.tv turned me onto http://pandora.com ...yes!  this is an awesome way to listen to music (now if only I could get that on my iphone)
826281966,2008-06-03 20:43:02,uggg...IBM bureaucracy getting to me...may be time to get serious about a career change
818629247,2008-05-23 21:01:49,test http://tinyurl.com/yq6oo7
818621073,2008-05-23 20:48:34,"@kevinrose holy crap, google is amazing: http://tinyurl.com/654eah"
818610766,2008-05-23 20:32:36,"actually, probably 6pm"
818610510,2008-05-23 20:32:16,looks like me&fam are hitting Johnny's in Hickory Flat ~6:30pm ...assuming this storm doesn't turn cranky
818594986,2008-05-23 20:08:55,"whoa, twin tornados in Cali: http://tinyurl.com/62l8f4"
818315459,2008-05-23 14:09:41,"wondering how to get my non geek friends to join twitter...I like the ""I'm going for a beer"" use case and want to start using it"
818277760,2008-05-23 13:20:09,wondering if I should block them
818277047,2008-05-23 13:19:12,hmmm...so now I have some follows that I don't know...is this the Twitter form of spam?
818274644,2008-05-23 13:15:49,"@merlyn does this qualify as ""in to your IM""?  listened to the Dan Ingalls Floss this morning...is great to hear all that history"
816245079,2008-05-21 03:24:28,woohoo...power restored...air conditioning: quite possible the best invention ever
816198904,2008-05-21 02:04:11,"hot, humid, fog, dark and dead silent...eerie"
816198093,2008-05-21 02:02:42,Golf ball hail shredded all the screens on the back windows
816198078,2008-05-21 02:02:40,Golf ball hail shredded all the screen on the back windows
816193556,2008-05-21 01:55:15,"tree down in back yard, large and laying over another about 20ft up...uggg"
816192848,2008-05-21 01:53:58,"just confirmed, a tornado did touch down within a mile or so from my house"
816192379,2008-05-21 01:53:05,http://twitpic.com/1alo - feel like I'm in another era when the power goes out
816192195,2008-05-21 01:52:46,looks like edge goes down when the power goes out
816189803,2008-05-21 01:48:59,http://twitpic.com/1ali - Looks like a low grade tornado came through...time to get a chain saw
815261382,2008-05-19 21:50:53,http://twitpic.com/191q - Testing twitpic
815241290,2008-05-19 20:40:47,"playing with iPhone camera+flickr+twitter ""icamflitter"": http://www.flickr.com/photos/spair"
815184411,2008-05-19 19:16:21,saw a pro-wakeboard tour at Allatoona Lake Saturday...impressive...kids had a blast in the sand and water
812992228,2008-05-16 18:28:35,working on a presentation for work and looking forward to weekend...eating in tonight
812991971,2008-05-16 18:28:11,figured it was about time to give Twitter a try
