id,created_at,text
1128980484657156099,2019-05-16 11:08:17,Pleased to report that @Ripple is one of @Inc Magazine's Best Workplaces of 2019! This is thanks to the amazing… https://t.co/rbxvCKg31n
1091091040293945344,2019-01-31 21:49:10,"Welcome to Team Ripple, Stu! So glad to have such an esteemed financial and legal expert on this wild journey with… https://t.co/OKN6NidpHi"
1085925290759471104,2019-01-17 15:42:19,"RT @Ripple: Real people, real businesses seeing real-world benefits from our technology! https://t.co/yM221qy3qf"
1082668706419769344,2019-01-08 16:01:49,"RT @Kr00ney: Ripple is looking to shake up a $2T global payment biz that hasn't changed much in 45 years. At the same time, it's constantly…"
1075933474903646208,2018-12-21 01:58:24,"Could not be more proud of the @Ripple team! With focus, determination, and an amazing group of partners and custom… https://t.co/ErdIrfDSAx"
1072993032125870081,2018-12-12 23:14:08,"RT @Ripple: Our final AMA of 2018 featuring @bgarlinghouse and @MonicaLongSF is next week, 12/18 at 10:30am PST. Mark your calendars and sh…"
1070385137039228929,2018-12-05 18:31:18,"I've long said that blockchain experiments are not a business model. That's why from day one @Ripple, we found the… https://t.co/xqMPKE5sil"
1065490141479763969,2018-11-22 06:20:20,Being a great place to work starts with the people. #thankful for the outstanding team @Ripple for bringing the pas… https://t.co/O0IvzZ7TfS
1057340626004373504,2018-10-30 18:37:04,RT @Ripple: It’s faster to get on a plane and fly money across borders than it is to send it as a digital payment. @Ripple is changing that…
1046918549426462720,2018-10-02 00:23:27,"Truly a record year here at @Ripple - our network reaches across 40 countries and six continents, and now today we… https://t.co/jUDjhXs8uU"
1045395270987653120,2018-09-27 19:30:29,"RT @chrislarsensf: The #InternetofValue is not about disruption, it's about completion - making globalization better for everyone. Ripple f…"
1037731187039514624,2018-09-06 15:56:09,I’m incredibly proud of the team here @Ripple - we’re lucky to have the best and brightest working tirelessly to ma… https://t.co/DGNwBUnBTQ
1032318590458818560,2018-08-22 17:28:26,.@joelkatz speaks the TRUTH on XRP Ledger! Brilliantly designed to be inherently decentralized. More on this during… https://t.co/drJBQc7pw8
1017047230048493571,2018-07-11 14:05:30,David and Kahina both have proven track records of success that will be instrumental in forging @Ripple’s path ahea… https://t.co/0c3rx4BM2R
1003571443999764480,2018-06-04 09:37:32,"RT @Ripple: Change of plans: #Ripple CEO @bgarlinghouse takes the Ringside stage at 1:05pm CEST to talk #blockchain, digital assets and rei…"
996487821157335040,2018-05-15 20:29:45,".@Ripple has been on the frontlines of deploying #blockchain to solve real customer problems.  Not hype, just resul… https://t.co/yYq0X99rfd"
996024436968120321,2018-05-14 13:48:25,"RT @Ripple: Excited to announce Xpring, a new initiative that supports businesses growing on the XRP Ledger, and initial investments in @SB…"
996013781149999106,2018-05-14 13:06:05,"RT @justmoon: Excited to launch @Coil_, a new startup building #micropayment applications on #XRP and @Interledger. We're creating a new bu…"
994571445857542144,2018-05-10 13:34:45,"@twobitidiot Ryan, you demonstrate in this comment how little you understand about xRapid and Ripple's products.  I… https://t.co/gMY3k2u8xN"
984539182079983616,2018-04-12 21:10:07,Proud to support @bancosantander’s cross-border payments with @Ripple’s #xCurrent solution https://t.co/srOXwqsHNy
978984954184044544,2018-03-28 13:19:36,Too many great teachers to thank in one tweet. Very grateful for team @Ripple paying it forward and a massive thank… https://t.co/uIkjWQm3Ic
974822826413830144,2018-03-17 01:40:47,"Thanks #M2020Asia for hosting team Ripple this week. From Seoul to Singapore and across the globe, interest in the… https://t.co/v46sDqvDWP"
966422027878875136,2018-02-21 21:19:01,RT @Ripple: Five new financial institutions have joined RippleNet and will use xCurrent or xVia to strengthen emerging markets access into…
962103829410951168,2018-02-09 23:20:02,"RT @RMac18: Are you seeing Elon Musk, Donald Trump, and Jeff Bezos asking you to send them bitcoin? It's a scam. And one that's backed by t…"
962029007708438532,2018-02-09 18:22:43,Good explainer from @NewYorkFed highlights common problems with crypto for payments - one of the reasons $XRP stand… https://t.co/mQp53sysUQ
961735920134316032,2018-02-08 22:58:06,"RT @RyanZagone: .@ripple viewpoint: Consumer protection is needed, but banning underlying tech destroys all potential for future innovation…"
959485434807033857,2018-02-02 17:55:28,"After a successful pilot, @santanderuk is rolling out its @Ripple-powered mobile app to customers this quarter, let… https://t.co/bxpjsDHBkG"
958380359971782657,2018-01-30 16:44:18,Pleased to announce that SBI Virtual Currencies will be the first in the world to list $XRP as its primary fiat pai… https://t.co/cJ8ofnIZIF
956187400522252288,2018-01-24 15:30:16,More evidence Bitcoin isn’t the golden ticket to solve the payments problem. https://t.co/dImMlxnuWq
956185557503164416,2018-01-24 15:22:56,"RT @patgriffin9: Pleased to share the 2017 Q4 $XRP markets report. What an exciting quarter it was, not to mention the strongest one yet fo…"
954433696701886465,2018-01-19 19:21:40,"RT @Ripple: We put the spotlight on Sr. Director of Engineering, Raghu Battula, to share his perspective on the transformative and rewardin…"
953676992313872384,2018-01-17 17:14:48,A good read on why fostering a healthy $XRP ecosystem is a top priority at @Ripple. https://t.co/IUyyCrnQLx
951461582424358912,2018-01-11 14:31:33,@MoneyGram @Ripple And to be clear: @MoneyGram announcement is one step in a marathon ahead to truly make $XRP the… https://t.co/KORY7Zf0ja
951458079777763328,2018-01-11 14:17:38,@MoneyGram @Ripple We’re proud to work with companies like @Moneygram that value innovative payments solutions – an… https://t.co/UBwgrZKkWs
951457716660142081,2018-01-11 14:16:11,I'm pleased to be able to share @MoneyGram has partnered with @Ripple to use $XRP in their payment flows.
950402980527747072,2018-01-08 16:25:02,"RT @JoelKatz: Coinmarketcap's decision to exclude Korean prices from the displayed XRP price made the price appear to drop, likely triggeri…"
949346890046255104,2018-01-05 18:28:31,Was a pleasure speaking with @paulvigna about $XRP and @Ripple – this is a fair and balanced piece I can get behind. https://t.co/bhSHfAJt68
948978500509220864,2018-01-04 18:04:40,"I’ve been getting a lot of questions about $XRP this week - can’t imagine why! 

The team here at @Ripple put toget… https://t.co/OmEMPu0cig"
948594824596213762,2018-01-03 16:40:04,Caught up with @joelcomm and @teedubya on @badcrypto about $XRP and how its real use case sets it apart from other… https://t.co/I2Sc8Ee4wh
947893299632893952,2018-01-01 18:12:28,"RT @qz: Here are the top 10 cryptoassets of 2017 (and bitcoin’s 1,000% rise doesn’t even make the list) https://t.co/Yo5CCzSwFb"
946956278768713728,2017-12-30 04:09:05,"RT @VitalikButerin: *All* crypto communities, ethereum included, should heed these words of warning. Need to differentiate between getting…"
946850607289077760,2017-12-29 21:09:11,@haydentiff @MohmdTBA @GeneFojtik @Ripple @JoelKatz @Hodor7777 so are marriages ;)
946850388384276481,2017-12-29 21:08:18,@z____a____k @Ripple no.  Q4 XRP markets report will be published in Jan.  We always publish it in the first couple… https://t.co/dBl90QvFB8
946475077708730368,2017-12-28 20:16:57,RT @ashgoblue: .@Ripple does @jimmykimmel Mean Tweets https://t.co/CLG9NbkQOY
945792913543434241,2017-12-26 23:06:17,"I appreciated all of the compliments on our Team #Ripple jackets from my AMA. It's the season for giving, so we're… https://t.co/E8XWoCGvqA"
944693722779922433,2017-12-23 22:18:29,RT @ashgoblue: My interview with @JoelKatz is up on insights @Ripple https://t.co/H3PG6Cr2HM
944325730338357248,2017-12-22 21:56:13,"I’ll let the headline speak for itself. $xrp 

https://t.co/RqtnvZWd0d"
944325257514455040,2017-12-22 21:54:20,Props to @chengevelyn – one of the first to go beyond the surface and catch the stats that prove $XRP is the best p… https://t.co/qZHsYPYtUC
943894539386830853,2017-12-21 17:22:49,$XRP is now on 50 exchanges around the world! Team Ripple will continue to champion additional listings to foster a… https://t.co/XyPeMukBG8
942791722576199681,2017-12-18 16:20:37,@brunogunn @haydentiff @Dizer_Y @Ripple @miguelvias @MonicaLongSF I'll make sure the team gets you all taken care of!
941747806183743488,2017-12-15 19:12:28,"@ChainShah @Ripple @PanteraCapital @BNN Vishal, it's irresponsible to pontificate without knowledge.  If you'd like… https://t.co/30PWibM3ye"
941375649549246464,2017-12-14 18:33:39,Bloomberg welcomes $XRP to @theterminal and gets it right – #2 market cap behind $BTC at ~$80B! https://t.co/m9sFdKhXNR
941196471214288896,2017-12-14 06:41:39,Today $XRP was officially more popular than both Kylie Jenner and the Rock and Roll Hall of Fame! (and far more use… https://t.co/2gixNFFSAv
940806146092396547,2017-12-13 04:50:39,@brooksethomas 4/ we are also starting to proactively work with others in the industry to leverage $XRP given its i… https://t.co/rZdcs6zb0v
940805844035342337,2017-12-13 04:49:27,@brooksethomas 1/ a healthy $XRP market and healthy $XRP ecosystem is CRITICALLY important to me.  And it is indeed… https://t.co/EoXTLd6SfI
940663812142727168,2017-12-12 19:25:04,RT @justmoon: Practically anyone can claim they’re faster and cheaper than BTC - but proof-of-work chains provide no incentive to be good f…
940271720887447552,2017-12-11 17:27:02,Historic day for crypto – demand for bitcoin futures is so high it 'breaks the internet'! But critical to remember:… https://t.co/UWB1VNVpoO
938933791145336832,2017-12-08 00:50:35,"Boom! 55B $XRP now in escrow. Good for supply predictability and trusted, healthy $XRP markets.  Glad to finally le… https://t.co/D6dkvLseGG"
938653678377955328,2017-12-07 06:17:30,@Xi_195 @Ripple I said as much at the #MITBlockchain event this evening.  In fact Ripple is partnering and will inv… https://t.co/IgXg2BfG01
938652808609271808,2017-12-07 06:14:03,"RT @Xi_195: 1/ While x-border payments is @Ripple‘s laser focused use case for $XRP, @bgarlinghouse &amp; co. need to publicly acknowledge that…"
937931668089856001,2017-12-05 06:28:30,"If cuddly kittens have ""hastened the #ethereum scaling crisis"" it's nearly impossible to imagine how the many… https://t.co/rnVtvcrSd7"
935622897447530496,2017-11-28 21:34:16,Whoa! $100M #XRP fund courtesy of tech visionary @arrington. One of the largest crypto funds ever. https://t.co/sHIOJDniPZ
935225940845711366,2017-11-27 19:16:54,"Ripple &amp; $XRP are giving businesses ""what they want in a #blockchain"" https://t.co/b6q6ZXFtie"
933437163445743616,2017-11-22 20:48:56,"Holiday, schmoliday!  Team Ripple is absolutely committed to building XRP liquidity - and in that context...

Very… https://t.co/syLwVOM277"
933367641435230210,2017-11-22 16:12:41,@HunainNaseer If you believe that then you don’t understand Ripple’s strategy
933345393953222657,2017-11-22 14:44:17,"It may be a holiday week in the US, but Team Ripple is not resting!  Another corridor going live... amazing progres… https://t.co/eP4r0RYyc0"
931232398724939777,2017-11-16 18:47:59,"Thrilled to welcome @AmericanExpress to @Ripple's blockchain network, partnering with @SantanderUK to make instant… https://t.co/qcXD3slAXE"
930896248961359873,2017-11-15 20:32:15,"""That’s the scale legitimacy investors need to consider, because Ripple is not trying to burn down the existing fin… https://t.co/5gGGS5yZgt"
930205857874288641,2017-11-13 22:48:53,proud to have led the Central Bank Summit where Ripple gathered central banks from around the world to discuss the… https://t.co/KMA9DeXpu6
920686716842803200,2017-10-18 16:23:13,RT @Ripple: Here's a link to the recorded Q&amp;A w/ @bgarlinghouse.  We apologize for the technical difficulties. https://t.co/6JEpNl0MdC
920017169894793216,2017-10-16 20:02:41,@BLR13 @Ripple Honored to have hosted @benbernanke at #SwellbyRipple and enjoyed hearing his thoughts on @Ripple an… https://t.co/XUijxfB1CS
920017078052098048,2017-10-16 20:02:19,RT @BLR13: Bernanke at @Ripple Event: #Blockchain Has 'Obvious' Benefits in Payments https://t.co/lxgwWh1x8G Not so much #bitcoin... #Swell…
919258602216423425,2017-10-14 17:48:24,RT @smarquer: Ripple looks to drive bank adoption with $300m XRP rebate programme https://t.co/kGysy4t15M via @Finextra
919257811715891200,2017-10-14 17:45:15,"RT @ashgoblue: Bitcoin (BTC) is setting records, even after Jamie Dimon's biting criticism — Quartz.  https://t.co/mUVO0jo4B0"
918928671175426048,2017-10-13 19:57:22,@inside_r3 1/ The fact is the suit @inside_r3 brought against @Ripple in Delaware court was thrown out. We have yet… https://t.co/WnWcMY54vI
918876945806327808,2017-10-13 16:31:50,BREAKING NEWS: @Ripple has prevailed in lawsuit brought by @inside_r3 !  Delaware judge has just ruled and thrown out case against Ripple.
917753627472621568,2017-10-10 14:08:10,RT @FinancialTimes: Blockchain company Ripple says it has $15bn war chest https://t.co/N9eDLEmciT
915372959430270988,2017-10-04 00:28:14,Had fun taking your questions live from the @Quora hot seat this morning! In case you missed it - answers are here: https://t.co/RB3p1nLmL9
913955905439281153,2017-09-30 02:37:22,Been saying this from the beginning - #XRP is dramatically faster &amp; dramatically cheaper than BTC https://t.co/gHcZtc4cHZ
910342338123251712,2017-09-20 03:18:21,"Totally agree. If Bitcoin's a 'fraud,' why are banks &amp; central banks adopting blockchain w/positive results? And Bi… https://t.co/v0csUxr1eb"
906252091487870977,2017-09-08 20:25:10,RT @miguelvias: (3/4) Important to note: R3’s agreement was subject to sales restrictions of 50bps of daily volume on the XRP Ledger.
900827340585877504,2017-08-24 21:09:09,RT @Ripple: This year in Toronto is about serving our customers &amp; modernizing global payments at BOTH #SwellbyRipple &amp; #Sibos https://t.co/…
900825433574260736,2017-08-24 21:01:34,RT @warpaul: Building networks is about bringing people together who otherwise wouldn't interact. @Ripple does this better than most #Swell…
900556869181120512,2017-08-24 03:14:23,"#XRP's value lies in its utility as the best asset for payments, not one specific event or rumor https://t.co/XPcI59nozG"
896822426134302721,2017-08-13 19:55:03,RT @chrislarsensf: Excited to see @UniofOxford getting into #fintech &amp; honored that @Ripple will be included in the inaugural course https:…
892497536476340224,2017-08-01 21:29:29,This time peanut butter wasn't spread too thin... maybe they used a Bitcoin fork to spread it? https://t.co/2DG8z0uhA4
890249871478767617,2017-07-26 16:38:04,"Some in Bitcoin and Ethereum communities have been anti-bank, anti-regulation, anti-fiat currency– total opposite of our worldview at Ripple"
890249641605738497,2017-07-26 16:37:09,"The name ICO doesn't help...  sounds like IPO – if it walks like a duck and talks like a duck, it is a duck!"
887726642507825152,2017-07-19 17:31:39,"RT @FortuneMagazine: Bitcoin, Pot Startups Embrace Regulations to Succeed https://t.co/mXBA5iJm8U https://t.co/XruMj0tNTM"
887174362733924352,2017-07-18 04:57:05,Looking forward to talking @Ripple strategy on working alongside regulatory &amp; government bodies #fortunebrainstormtech tomorrow
886804443949400064,2017-07-17 04:27:10,macro dynamics continue to bode very well for digital assets at large - and XRP's better positioned than any alternative. #xrpthestandard
886804374936276996,2017-07-17 04:26:53,"XRP has a real use case with adoption building, 5 yr track record without governance issues, scale that tops all digital assets (1500 TPS)."
886804190684737536,2017-07-17 04:26:09,"not surprising to see profit taking, especially w/tokens with no specific use case and those with an uncertain regulatory picture (ETH/ICOs)"
884978440616726530,2017-07-12 03:31:17,"RT @wsculley: The @bankofengland concludes: 
1. @Ripple &amp; @Interledger are promising right now
2. #blockchain tech isn't

https://t.co/6E1v…"
880598634441490432,2017-06-30 01:27:29,#Ripple’s now powering real-time remittances from Japan to Thailand through #SBIRemit and @scb_thailand. https://t.co/m2sXmE9Vua #blockchain
880394174293463040,2017-06-29 11:55:02,RT @justmoon: Did you know? @Ripple #xrp processes more transactions than #bitcoin and #ethereum combined - at 1/100th the cost per tx. #Un…
880276570279038977,2017-06-29 04:07:43,"RT @AkikoFujita: ""Digital assets are in a position to be more valuable than gold."" My conversation with @Ripple CEO @bgarlinghouse @CNBCi h…"
879693042420137984,2017-06-27 13:28:59,#XRP has remained fairly steady while some digital assets plummet this week. Shows it matters to have real-world us… https://t.co/olphg0eLKa
878110578698403840,2017-06-23 04:40:51,RT @Ripple: How Ripple is achieving the vision of instant cross-border payments outlined in the latest IMF paper. https://t.co/FjsiEKQiLB
877986340406665216,2017-06-22 20:27:10,"@Ripple @justmoon To date, Ethereum has closed less than 4M blocks compared to @Ripple's 30M+ ledgers closed. #xrp"
877986146881462274,2017-06-22 20:26:24,@Ripple Slowness is a direct result of proof of work approach. ICYMI @justmoon gave a full rundown on how it impact… https://t.co/u3j5TBKnMM
877985932196040704,2017-06-22 20:25:33,"Backlogs started with 300k tx in 1 day. To compare, @Ripple can process 10s of thousands of transactions in seconds. https://t.co/cfyqjFXSAk"
877586565412696068,2017-06-21 17:58:36,RT @pierregramegna: Good meeting  in San Francisco with the CEO of @Ripple who obviously likes @Luxembourg ( see his glasses) and where the…
868574258582007808,2017-05-27 21:06:55,RT @adamnash: Digging the new @Ripple HQ. https://t.co/snlzQg6kPq
867592943720214528,2017-05-25 04:07:31,"RT @nbougalis: #Ripple closed ledger 30,000,000 as #Consensus2017 was winding down. https://t.co/hoRqVIS0Hg"
866796011338977280,2017-05-22 23:20:48,"RT @Ripple: ""We believe that we can get the industry behind a standard that facilitates instantaneous payments"" -@joelkatz #Consensus2017 h…"
866795896503099393,2017-05-22 23:20:20,"RT @warpaul: In case you missed it, check out @justmoon @JoelKatz &amp; @patgriffin9 demo &amp; talk @Ripple #XRP &amp; @Interledger at #consensus2017…"
866498203704729600,2017-05-22 03:37:25,Great evening with friends of @Ripple - kicking off #consensus2017 in NYC @coindesk https://t.co/rzegPNdX9O
865264727080943616,2017-05-18 17:56:01,"RT @patgriffin9: Kraken Introduces New Fiat Pairs for XRP Trading!  USD, JPY, CAD, EUR @Ripple
https://t.co/ZYC4BmUzrK"
864682891812290560,2017-05-17 03:24:01,"""What appears to have finally tipped bitcoin below the 50% mark is the 24% surge of XRP, the token of the Ripple ne… https://t.co/3mKrTrN2iv"
864542215288246272,2017-05-16 18:05:01,RT @Interledger: 1st #ETH -&gt; #XRP Interledger escrow payment just went over the live networks! Tx details: https://t.co/B8ae40OXxm @Ripple…
864511703613972481,2017-05-16 16:03:46,We're putting the FUD to rest – @Ripple is placing 55B #XRP into escrow to show our commitment to stable supply https://t.co/3MyW2aq0Mh
861677568495415296,2017-05-08 20:21:56,RT @Sonnenshein: congrats to our friends @RippleLabs on @ripple becoming the 2nd largest digital currency by market cap! $XRP cc: @bgarling…
859090258796756993,2017-05-01 17:00:53,Market is recognizing that 3.6 transactions/sec and $0.48 per tx will not scale to deliver on the future of payments #Ripple #XRP
859090163841982464,2017-05-01 17:00:30,Amazing to see #BTC at all time high- but yesterday was all time low relative to total Crypto market (less than 60% for the first time ever)
857369243372863488,2017-04-26 23:02:11,"RT @TheHatchAgency: “It’s no longer a science experiment. It’s not theory, it’s very real.” @bgarlinghouse on 75+ customers using @Ripple’s…"
857345957452668928,2017-04-26 21:29:39,And don't miss video of our CTO @justmoon on digital currencies - enterprises need stability and #XRP has built a r… https://t.co/zrGWHLjnAg
856024545383206912,2017-04-23 05:58:50,RT @Ripple: #Ripple's Antoinette O'Gorman spoke at @bis_org's Fintech Task Force Meeting on the impact of #fintech on banks’ business model…
855459428153212928,2017-04-21 16:33:15,Excited to welcome @BBVA to Ripple’s growing network of real customers using #blockchain to move money in seconds: https://t.co/IeA7NE6nFp
852241686193250304,2017-04-12 19:27:06,"RT @Ripple: Pleased to welcome Marjan to the team to ""help the banks cope with the future requirements of the #payments space"". https://t.c…"
852241605050466306,2017-04-12 19:26:47,Thrilled to welcome Marjan to @Ripple! Leaving #SWIFT gpi behind to help bring banks into the future of #payments. https://t.co/3nxAQsYZdx
851588873780158465,2017-04-11 00:13:03,RT @miguelvias: 2) #XRP up nearly 500% year to date. April volume already $700 million! https://t.co/PyTUg3xPjW #xrpthestandard @xrpchat
851588804997677056,2017-04-11 00:12:47,RT @miguelvias: 1)Guys is this #fakenews if it doesn't include the TOP digital asset in market cap growth over past 4 weeks??? #XRP @iamjos…
849113423254175744,2017-04-04 04:16:30,RT @nbougalis: Very proud of @Ripple team for delivering two huge features: Escrow and Payment Channels. #xrp #bitcoin #lightning https://t…
849055171707404290,2017-04-04 00:25:02,"As bitcoin transactions get slower with more volume, we’re matching the throughput of Visa. Welcome to the… https://t.co/gvd68vyqE9"
847878235526275073,2017-03-31 18:28:18,3. Avg XRP fee: $0.00031. Avg BTC fee: $0.48. #fasterandcheaper
847878168010661888,2017-03-31 18:28:02,2. XRP saw nearly 70K transactions with an average time of 3.7 seconds. Compare that to BTC's avg transaction time of two hours.
847878068043563008,2017-03-31 18:27:38,1. Exciting week in crypto markets. XRP at two year high! https://t.co/gfux4RL1Il
847538205641416704,2017-03-30 19:57:09,"World’s 3rd largest bank, MUFG, has joined #Ripple’s growing # of customers moving actual $ across borders instantly https://t.co/X2X64UutKc"
845360030215917568,2017-03-24 19:41:51,"RT @Ripple: The price of #XRP continues to surge, showing that people are looking for #bitcoin alternatives via @CharlesLBovaird https://t.…"
842697764668674048,2017-03-17 11:22:58,"Proud of @Ripple’s continued work with @bankofengland, and being chosen for its #FinTech Accelerator
https://t.co/IAHP6hlxie"
841925790770069508,2017-03-15 08:15:25,"RT @Ripple: Packed house for @miguelvias #SXSW #Blockchain Q&amp;A panel w/ @Docusign, @LendingRobot &amp; @Visa https://t.co/ojvY07ObOg"
841471973553250304,2017-03-14 02:12:06,#Bitcoin-ers wanted to have their cake and eat it too!  SEC sees through it.  Can't pick and choose when you want t… https://t.co/LbyIr3m57o
840005729125769216,2017-03-10 01:05:47,@BTCoinInformer @Ripple as others have already corrected you (but for the record) XRP is not centralized:  https://t.co/pidVhdlJUR
839929056829149184,2017-03-09 20:01:06,"#Bitcoin transaction uses 4,000x more energy than a credit card and costs 200,000x more than an #XRP transaction!… https://t.co/mIRY8aF5Jd"
837317266525978626,2017-03-02 15:02:47,RT @coindesk: 47 Banks Complete DLT Cloud Pilot With Ripple Tech https://t.co/P2w3Zh6RoC https://t.co/CBAx9OmOB2
837114256285847552,2017-03-02 01:36:06,"Plenty of consortiums, but this one w/ 47 banks ACTUALLY moving blockchain into production using @Ripple!!
https://t.co/ZOl2aOdezR"
836722798017961985,2017-02-28 23:40:35,.@Ripple is now sustaining 1000 transactions per second! #XRP.  Compare that to #Bitcoin’s 8 per second… https://t.co/XGoZdsgaDr
834861380696145923,2017-02-23 20:23:58,.@nathanielpopper  Yes!  Team @Ripple could not agree more!!
834854059194605568,2017-02-23 19:54:53,"Thrilled to welcome a new @Ripple Board member, Ken Kurson! https://t.co/PEr8zV8gag"
832726404043190274,2017-02-17 23:00:20,RT @Ripple: Our CEO @bgarlinghouse spoke at the #GSTech2017 conference this week– check out what he had to say. https://t.co/CRKPHcs6lo
832106109888405504,2017-02-16 05:55:31,@Ripple joins forces with @BitGo to make leveraging #XRP for global transactions easier for businesses. https://t.co/wQ8MAAlpgT via @ripple
831944619818569728,2017-02-15 19:13:48,RT @Ripple: Our CEO @bgarlinghouse was interviewed by @CarolineHydeTV yesterday at #GSTECH2017. Full episode: https://t.co/Q4FGn2gy4X
830923843627790337,2017-02-12 23:37:36,"RT @Ripple: Gautam Jain, @StanChart: ""You wouldn't wait 5 sec for a web page to load. Why wait 3 days for a payment?"" https://t.co/orBDBud9…"
830878601645957122,2017-02-12 20:37:50,RT @Ripple: Banking and the three little pigs. https://t.co/HWJQLV765M
826858455420002304,2017-02-01 18:23:12,RT @Ripple: National Bank of Abu Dhabi: First Middle East Bank to Use Ripple for Cross-Border Payments https://t.co/T0k5rjaHOf
819791552855687168,2017-01-13 06:21:51,"RT @Ripple: .@Bitstamp, one of the world’s leading digital asset exchanges, will launch trading of XRP. https://t.co/suz3Ikdx0x"
819791484450803714,2017-01-13 06:21:35,RT @Ripple: SWIFT’s 40-year old empire is attempting to patchwork over an antiquated system. https://t.co/vVd7tMWwK0
812877336584523776,2016-12-25 04:27:14,RT @warpaul: YoY improvements for @Ripple Consensus Ledger &amp; XRP as a native digital asset (source: https://t.co/e6JpR3mVx6) a lot of work…
797548640126414848,2016-11-12 21:16:28,RT @Ripple: Global Head of Strategic Accounts @marcus_treacher  will deliver a keynote address at the Middle East Banking Forum. https://t.…
793543880889085952,2016-11-01 20:02:59,"Humbled &amp; excited to take on the CEO role @Ripple, continuing to work with @chrislarsensf. Rippler's, prepare for a new reign of terror!"
792134019638960128,2016-10-28 22:40:42,RT @Ripple: Will banks get on board with cryptocurrencies? It's already happening. https://t.co/Tu9Kz9N7Nz via @GreenwichAssoc
781753105339654144,2016-09-30 07:10:39,"RT @Ripple: Gautam Jain, @StanChart: ""You wouldn't wait 5 sec for a web page to load. Why wait 3 days for a payment?"" #Sibos https://t.co/o…"
781187684911943680,2016-09-28 17:43:52,RT @Ripple: Rude? We think it's quite friendly of us to educate the world's banks on the limitations/weaknesses of #SWIFTGPI! https://t.co/…
779317600903831553,2016-09-23 13:52:49,"In the world of payments, this is HUGE! BAML, Santander, Unicredit, @StanChart, @Westpac, @RBC create @Ripple GPSG https://t.co/4rbEFwaojE"
776418208874061825,2016-09-15 13:51:40,I joined this amazing team 18 mos ago. So impressed with the team and the progress: @Ripple announces $55M Series B https://t.co/WzjydEnfzX
755576358013591552,2016-07-20 01:33:36,RT @Ripple: Japan trade ministry explores the future of #blockchain https://t.co/AQzm4BUBBy
755439096923877378,2016-07-19 16:28:10,Momentum is accelerating!!  Top 20 global bank Mizuho to pilot @Ripple for x-border https://t.co/vtRXpf3W4Z (and great coverage in Nikkei)
753982731554435072,2016-07-15 16:01:06,"$1,000 from Canada to Germany in seconds, not days: the speed of Ripple.  https://t.co/GWLn3KrzHB  @ripple"
749270095579402248,2016-07-02 15:54:46,RT @warpaul: Why I'm Joining @Ripple &amp; Doubling Down on the Internet of Value https://t.co/cC7tMfB4N7 https://t.co/rrbA8Zm38w
745640646568873984,2016-06-22 15:32:38,RT @Ripple: Seven Leading Banks Join Ripple’s Global Network https://t.co/ae2U5tggmj
734789438685876224,2016-05-23 16:53:48,RT @Ripple: Interview: @Interledger is a 'network of networks.' https://t.co/ZTPw3q6PDn
715433713027264512,2016-03-31 07:01:03,"RT @Ripple: There won’t be one #blockchain to rule them all, says Marley Gray, from @Microsoft @Azure. https://t.co/UUL2mxh9af https://t.co…"
715433673370120192,2016-03-31 07:00:54,RT @Ripple: Interoperability: the next financial frontier. https://t.co/vkz0hgtaf3 https://t.co/otDZ70go2R
710325616915034113,2016-03-17 04:43:18,RT @Ripple: There’s a revolution happening in financial technology— in part driven by distributed ledgers like #blockchain: https://t.co/cf…
707938396824403969,2016-03-10 14:37:21,"RT @Ripple: Our SF office has 3 spaces named for great women economists: Phyllis Ann Wallace, Barbara Bergmann, Elinor Ostrum. #Internation…"
704178913832873986,2016-02-29 05:38:30,RT @Ripple: The Federal Reserve is reviewing faster payment strategies like Ripple for interoperability. https://t.co/UalwsXyZjH via @FedPa…
702499855831166976,2016-02-24 14:26:32,RT @Ripple: Banks Could Boost Earnings by $500 Million a Year via @Accenture: https://t.co/kKRRJVoqVS https://t.co/pZKRwsVho3
697473005652307968,2016-02-10 17:31:37,@Earthport bringing distributed ledgers to global banking partners with @Ripple https://t.co/eLDfll0Ztt
658709744320774144,2015-10-26 18:20:15,@Santander shares why they invested in @Ripple. In sum: team + product + customers + credibility with regulators. https://t.co/VWncxKaXIk
628945281841692672,2015-08-05 15:06:55,Proud to see @RippleLabs awarded as @techpioneers by @wef for ability to transform #payments with @Ripple http://t.co/KzQT52FPU4
605409188433436672,2015-06-01 16:22:53,Former @The_DTCC CEO Don Donahue joins @RippleLabs as an advisor http://t.co/tqoG8IkIJo  #IoV #Ripple
588703394308562944,2015-04-16 14:00:01,"Excited to learn from the brightest in #cryptography, #banking and #fintech at @RippleLabs. @Ripple #myheadhurts http://t.co/gF6p4xd1Si"
