id,created_at,text
1129140074430500870,2019-05-16 21:42:26,"RT @JacobArluck: New Twitter bot that tweets everytime that someone votes on @tezos 

@TezVoteBot https://t.co/MDLY08LyM9"
1129002218898776066,2019-05-16 12:34:39,"RT @csoreff: Discussing institutional custody, staking, and voting services for #Tezos $XTZ provided by @coinbase with @brian_armstrong.

h…"
1128734733297438721,2019-05-15 18:51:45,"RT @BradyDale: Final session of Changelog, @tezos and @TezosFoundation 
""Like all great projects, we are named after a French aristocrat,""…"
1128458345235587074,2019-05-15 00:33:29,RT @TQTezos: Celebrating one year of the #Tezos ecosystem https://t.co/8JiqMpudTr
1127955663274090497,2019-05-13 15:16:01,"RT @jeffjohnroberts: Crypto breakthrough: Whole Foods, Starbucks et al now take Bitcoin via in-store scanners with @Gemini doing the back-e…"
1127325301032267781,2019-05-11 21:31:11,RT @zooko: “What’s Holding Back Bitcoin in Venezuela? This Group Is Investigating”—https://t.co/cxHJkQ7TQp via @CoinDesk
1126762367465865216,2019-05-10 08:14:17,"It's deeply, deeply satisfying to work with someone you have boundless interest in. Tezos allowed me to build a bet… https://t.co/T6kEEEBq7Z"
1126564471240105990,2019-05-09 19:07:55,"RT @TezosCommons: What was the first thing @AMangiero, president of @TQTezos said when she read about #Tezos Governance model? (hint, its t…"
1125785710424928256,2019-05-07 15:33:24,RT @tezos: Follow the final phase of Athens voting: https://t.co/E9UJ6gwH2V
1124750464321560582,2019-05-04 18:59:42,RT @ArthurB: @latetot @glebowski00 @simonpolrot @econoar Which Tezos plutocrat has 80% of the votes and can prevent hard forks?
1123550567995822082,2019-05-01 11:31:44,"RT @paddykcl: Two cool events in London tonight:

ZKP meetup with @feministPLT and Harry Roberts https://t.co/egfpH1qxAA …

Offchain BTC/ET…"
1121463592312872960,2019-04-25 17:18:50,"RT @PennBlockchain: Networks and Ecosystems: @breitwoman, co-founder of @tezos, @BhatiaKishore of BCG Ventures, @KarenOttoni of @Hyperledge…"
1121440525209485313,2019-04-25 15:47:11,"RT @lugaxker: Tezos, l'étoile montante https://t.co/dTVaYL70bA"
1120765743874887682,2019-04-23 19:05:50,"RT @wisercharlie: ""Why Tezos is the Best Platform for Tokenized Assets""

https://t.co/jzx9T7fnxw"
1120429126320574464,2019-04-22 20:48:14,"RT @leboncoincrypto: #Blockchain #Crypto #Bitcoin #Ethereum #Trading #21MILLIONS - Épisode 20 - Tezos, la dernière des cryptomonnaies ? (av…"
1119213671262105600,2019-04-19 12:18:27,"RT @everstake_pool: While everyone's enjoying #TQuorum, we're getting ready for #Tezos Kyiv Meetup. Join us on April 23 and get one of thes…"
1118974100251250692,2019-04-18 20:26:29,@ArthurB @TokenHash ETC is still around?!
1118953934620483589,2019-04-18 19:06:21,@DragonMasterXTZ I expect to see a lot more of this from the fanboys of stagnating projects while the Tezos network… https://t.co/d68CtqPsPX
1118862416039821314,2019-04-18 13:02:42,RT @coinscrum: Coinscrum {Presents} :: Public or Private? With @tezos' @ArthurB &amp; @inside_r3' @gendal :: LDN :: 07/05 :: @monzo :: Register…
1118644110057885697,2019-04-17 22:35:13,RT @ArthurB: There's an efficient frontier for the decentralization / efficiency trade-off. What does a network like EOS looks like when pr…
1118514375348948992,2019-04-17 13:59:42,@Goltra ... also relevant Tezos gif https://t.co/sklMPzdWit
1117826601964777479,2019-04-15 16:26:44,"RT @clairebelmont: Tezos on the Road ""Baking Day"" is coming to Berlin June 15th! 

Join our one day workshop where you'll learn how to set-…"
1117825439869952000,2019-04-15 16:22:07,RT @coindesk: JUST IN: A million-dollar $BTC treasure hunt just launched with hidden clues scattered around the world. https://t.co/dQ675wE…
1117774033213427712,2019-04-15 12:57:51,"""Je pense notamment à Tezos et qui permet le développement d’un protocole blockchain palliant les défauts connus de… https://t.co/RtPzIGN2WC"
1117738991992881153,2019-04-15 10:38:36,"RT @Economie_Gouv: 📹 #Blockchain  
Arthur Breitman @ArthurB, co-fondateur de @tezos répond à nos questions :
Comment la blockchain apporte-…"
1117441954843910146,2019-04-14 14:58:17,"RT @wheatpond: As a gamer (was the worst player on a fairly competitive CS team in high school, hundreds of hours on a WoW account, etc.) I…"
1117081118031925248,2019-04-13 15:04:27,RT @ArthurB: Recent talk / Q&amp;A at the #Tezos Boston Meetup: https://t.co/6O0BUoNRYz
1116814179413970947,2019-04-12 21:23:44,"RT @JacobArluck: To celebrate the 100th cycle of @tezos, we're holding a NYC meetup in NYC on April 25:

3 talks:
- I'll present on lessons…"
1116736672916545536,2019-04-12 16:15:45,"RT @JacobArluck: Update on #Athens with 7 hours left in the Exploration Vote...

Nearly 87% of the Tezos stake, represented by 192 bakers,…"
1116373549097324544,2019-04-11 16:12:49,@juliankoh I have 0 xtz but maybe someone else will front me :-P
1116343088446955521,2019-04-11 14:11:47,"@juliankoh Don't be a copy cat, be Tezos sign guy"
1114163219579514882,2019-04-05 13:49:46,RT @ArthurB: Tezos could prooobably have launched with PoW years ago. A good part of the rationale for starting with PoS on day one is and…
1113486252198776832,2019-04-03 16:59:44,"RT @KenGarofalo: It has been my pleasure to organize, host and grow the Tezos Boston Community over the past year. Join us tomorrow for a p…"
1113435115068301312,2019-04-03 13:36:32,"RT @spencernoon: Tezos smashed through its quorum today with 82.44% of all stake voting in its first exploration vote.

You really couldn't…"
1113114734356844544,2019-04-02 16:23:27,"RT @ArthurB: If you're around Philadelphia, I'll be talking about #Tezos, proof of stake, randomness and a few other topics at the Penn blo…"
1113077904416669697,2019-04-02 13:57:07,"RT @artcrimeprof: Tonight! Come hear me make jokes about the Male Mona Lisa, a fake mummified penis, and how to get the Metropolitan Museum…"
1111696066565599239,2019-03-29 18:26:11,"@brian_armstrong @tezos You're making me blush. Thank you, Brian!"
1111695835551674371,2019-03-29 18:25:16,"RT @brian_armstrong: Thank you @breitwoman and @tezos team for being an innovator in crypto governance, and having such tenacity/determinat…"
1111675432456343552,2019-03-29 17:04:11,"RT @obsidian_llc: Kiln can now bake on the @tezos blockchain! #XTZ #tezos 

Help us test while we package it for even easier use!

https://…"
1111647062305705984,2019-03-29 15:11:27,"RT @coindesk: BREAKING: @CoinbaseCustody has launched staking services for institutional clients, starting with Tezos and touting 6.6 perce…"
1111631089917931521,2019-03-29 14:07:59,"RT @CoinbaseCustody: Coinbase Custody offers staking support for our first asset, $XTZ from @tezos: https://t.co/hLWYnNbas6 https://t.co/FE…"
1111604153334317056,2019-03-29 12:20:57,"""Coinbase’s staking service will start with only one cryptocurrency, called Tezos, which launched last year."" https://t.co/WhJwRCzpsj"
1111602018446123008,2019-03-29 12:12:28,"RT @tezosbulletin: “Coinbase Custody launches staking support for Tezos, MakerDAO governance to follow” by Sam McIngvale 

https://t.co/y5h…"
1109517573090009088,2019-03-23 18:09:37,"RT @KenGarofalo: Come Join us on April 4th 2019 at District Hall, Boston, MA for Tezos Boston Meetup #6 featuring the Founders of #Tezos #X…"
1109141877490499584,2019-03-22 17:16:45,"RT @KevinNielsen94: @LabosNomades recently included an example invoice for 100 XTZ as part of the Athens upgrade proposal on @tezos, showca…"
1108705505013174272,2019-03-21 12:22:45,"RT @LabosNomades: Meanwhile at Nomadic: efforts on consensus and formal verification. #Tezos
https://t.co/x6IU4Scd7A"
1108476289852174336,2019-03-20 21:11:56,"RT @tezosbulletin: Welcome to Athens, history has been made. #tezos 

https://t.co/1tm6NJ5vv2"
1108091061367246849,2019-03-19 19:41:11,"RT @TQTezos: Have you ever wondered how an operation in @Tezos actually works? 

Check out this piece by our team member @panghal_ for an i…"
1106354698230087680,2019-03-15 00:41:29,"RT @tezos: Introducing LIGO: a new smart contract language for #Tezos

https://t.co/2Ut7lyFwW0"
1106345550100811777,2019-03-15 00:05:08,"RT @TQTezos: Watch @JacobArluck discuss recent #Tezos developments on today's @cheddar episode! #CheddarLive

Discussion begins at 12:30: h…"
1106256497657479168,2019-03-14 18:11:16,"RT @draper_u: Draper University and @TezosCommons  present a day of curated 15 minute talks about Tezos and the Future of the Commons, Marc…"
1106256063542767616,2019-03-14 18:09:33,"RT @TQTezos: Last month we announced our work with @b9lab to support their @Tezos Blockstars Program.

Today we are proud to announce that…"
1105474604276072448,2019-03-12 14:24:19,"How a Bitcoin Evangelist Made Himself Vanish, in 15 (Not So Easy) Steps https://t.co/i7K1Ge1JW7 

Props to @lopp fo… https://t.co/aDZ4X0NexQ"
1105135685491662849,2019-03-11 15:57:34,"RT @MindsFiction: If Tezos is successful it will be because of raw merit, and community hustle. Rather than marketing, with hypeware."
1104707625634222080,2019-03-10 11:36:37,RT @edt8: Waves of misinformation seem to hit the shores of the #Tezos project time and time again from those involved in a larger beauty c…
1104203786271277058,2019-03-09 02:14:32,@sbkunwar1 @EricyuanY @crainbf @tezos *blushes*
1103352332358742018,2019-03-06 17:51:09,"RT @adrian_brink: @Tezos meetup in Paris is starting soon in a beautiful French venue!!!
If you are in town come by! @LabosNomades @TezosFo…"
1103025875333931009,2019-03-05 20:13:56,RT @SmartPy_io: We can't wait to launch SmartPy to improve #Tezos smart contract development via a partnership with @TQTezos! Check out the…
1101561182358507521,2019-03-01 19:13:46,"RT @PeterMcCormack: WBD081 is available, Bitcoin Rationalism with my new favourite person, Lily Liu, @calilyliu. We discuss:
- How Silicon…"
1101201956792659969,2019-02-28 19:26:20,"RT @obsidian_llc: The first #tezos proposals have been submitted by @LabosNomades! Here's how to vote on them with your @Ledger Nano S:
htt…"
1100876140166680578,2019-02-27 21:51:39,"RT @ArthurB: The whole approach of EOS is to run a fast database and highly available servers and, as @VitalikButerin puts it, to punt *as…"
1100873008770633734,2019-02-27 21:39:13,"RT @ArthurB: Hope EOS manages to resolve its current issues, these things happen. In the meantime, this may be a good opportunity to point…"
1100155719016427520,2019-02-25 22:08:57,"RT @JacobArluck: For those in NYC, I'll be presenting about Athens and Tezos more broadly tomorrow night!

Event details here: https://t.co…"
1100122393371119616,2019-02-25 19:56:32,Nice little thread about one of my favorite features of Tezos https://t.co/RvugDQ3Yb1
1100097145628172290,2019-02-25 18:16:12,"RT @JacobArluck: My overview of Athens, @LabosNomades' upgrade proposals for @tezos which will be injected later this week:

https://t.co/S…"
1100054872257253378,2019-02-25 15:28:14,RT @LabosNomades: Athens: Our Proposals for the First Voted Amendment #Tezos https://t.co/NhY43jHeQr
1099077065050148865,2019-02-22 22:42:46,It's easy to play this game when your name peaked in popularity ~70 years ago. https://t.co/40DDYeD1H3
1098950392988225536,2019-02-22 14:19:25,RT @andimule: Great comprehensible comparison of Proof-of-Stake implementations in #ethereum #tezos #cardano and #EOS by @FelixLts from @Ch…
1098656333166006277,2019-02-21 18:50:56,RT @brian_armstrong: I wrote a post on Fortune about some misconceptions related to hot vs cold storage of crypto assets https://t.co/BSFRG…
1098625649588211714,2019-02-21 16:49:00,RT @JacobArluck: Reminder: we will be doing a TQ AMA on r/Tezos starting at 1pm EST. Look forward! https://t.co/V1buykb84K
1098444975895760898,2019-02-21 04:51:05,@csoreff @danielletichner @acryptler @tezos @TezosFoundation @ArthurB @_Kevin_Pham It's completely within my model… https://t.co/yOMYRNOShu
1098224891705393152,2019-02-20 14:16:32,RT @bernd_oostrum: For all the new Tezos enthusiasts out there after the last big updates: I have written this article about why @tezsure i…
1097634758484475904,2019-02-18 23:11:34,RT @TQTezos: Still confused by the #Tezos amendment process? Check out our new animation for a visual overview. https://t.co/awEpVqYBwe
1097578711107424258,2019-02-18 19:28:51,"RT @staked_us: A few interesting @Tezos statistics:

- Current stake rate: 79.38%
- Total staking balance: 503,747,789.60 XTZ
- Total full…"
1097540044389339136,2019-02-18 16:55:12,RT @LabosNomades: An in-depth overview of how amendment works in #Tezos  https://t.co/MVA1n8c8C1
1096755629836914689,2019-02-16 12:58:13,"RT @_ajustice8: after successfully completing private beta with 200+ questions within three weeks, #tezos Stack Exchange site will be open…"
1096438305355386880,2019-02-15 15:57:17,"RT @Globalcoinrsrch: We are excited to work with Tezos to present you Tezos in Asia, a podcast featuring the growing communities in Asia.…"
1095440957699473410,2019-02-12 21:54:11,@LeahWald @CitezenB @Sawcruhteez @coingecko @saifedean Tezos predates R3 but I think I'm cool with not winning Saifedean over
1095288784311275522,2019-02-12 11:49:30,"Tezos has the best critics, don't @ me. https://t.co/pFVSUvKo3q"
1094991244529463298,2019-02-11 16:07:11,RT @spencernoon: Tezos just secured one of the biggest security token deals ever as @securitize_io pledges to tokenize $1B in real estate o…
1094988611450298368,2019-02-11 15:56:43,RT @carlosdomingo: Securitize and Elevated Returns to Use Tezos to Tokenize $1 Billion of Real Estate | Crowdfund Insider https://t.co/gqLO…
1094965424968609794,2019-02-11 14:24:35,"RT @philliplord1: #seamico #tezos #Crypto #SecurityTokens #blockchain 
https://t.co/eBfgyuXgQv"
1094950454369366016,2019-02-11 13:25:06,"RT @csoreff: Elevated Returns and Securitize to Tokenize USD $1B of Real Estate on $Tezos, Will Build New Compliant Security Token Issuance…"
1093205450009600001,2019-02-06 17:51:04,RT @FTesseract: “Serokell teams up to work on Tezos ecosystem” by Serokell #Tezos  https://t.co/SJpfD1szTp
1092474772418641920,2019-02-04 17:27:37,"RT @tezos: Check out this piece by Gabriel Alfour for an introduction to Marigold, a layer-2 scaling implementation for Tezos.
https://t.co…"
1092144753771249665,2019-02-03 19:36:15,RT @BlockchainFsdm: Pietro Abate is now presenting #tezos at the #blockchain dev room at #fosdem19 https://t.co/y0T5Rh5CUG
1091449468472446976,2019-02-01 21:33:26,"RT @staked_us: The number of @Tezos bakers per day keeps on growin'.

+33% since December 1, 2018. https://t.co/84U70yENbK"
1091400500900229122,2019-02-01 18:18:51,"RT @clairebelmont: Tezos Berlin meetup ""Tech Intro for Developers"" planned for Feb 13th. Help us spread the word! 
@FactoryBerlin @TezosCom…"
1090365203433304065,2019-01-29 21:44:57,RT @_ajustice8: Tezos Stack Exchange site is now LIVE in private beta! Sign up or contribute at https://t.co/bYJ7vbB7zJ #tezos #development
1090341264292220928,2019-01-29 20:09:49,"RT @tezos: In NYC tonight? Check out the #Tezos NYC meetup at Distributed Global to hear from @camlCaseTech, @TezosCommons, @CryptonomicTec…"
1090270630061199360,2019-01-29 15:29:09,"RT @JovanTezos: An Interview with Sabita Furtado, co-founder of Kalhatti, a startup on the Tezos blockchain. by @kate_sills https://t.co/Dx…"
1090011502336245762,2019-01-28 22:19:28,"RT @PBWSummit: Speaker Intro #1: ⁦@ArthurB is the Co-Founder of @tezos , a  self-amending cryptographic ledger. It achieves consensus not j…"
1088443456890912771,2019-01-24 14:28:37,RT @asbjornenge: Fantastic to see the #tezos community using @KialoHQ to discuss the upcoming protocol amendment proposals 🎉 Excellent plat…
1088105626482429953,2019-01-23 16:06:12,"RT @ArthurB: https://t.co/4hHhVY2cN2

The #Tezos Stackexchange proposal  has finally reached 100% of the commitments it needed. Thank you t…"
1088086891960958979,2019-01-23 14:51:45,"Most people know that Tezos has attracted awesome engineers, fewer people know that it has attracted awesome politi… https://t.co/gO5s3kmh2F"
1088086578076049410,2019-01-23 14:50:30,"RT @AMangiero: Excited to launch @TezosTQ to advance the #Tezos ecosystem. We named the organization after Alexis de Tocqueville, who repor…"
1088079861112029184,2019-01-23 14:23:49,RT @TQTezos: We’re thrilled to launch the Tocqueville Group (TQ) - an entity formed to advance the @Tezos ecosystem by creating open-source…
1088076363557421057,2019-01-23 14:09:55,RT @LedgerHQ: We are thrilled to welcome a new crypto asset to the Ledger platform with @tezos. The Tezos app is now available on Ledger Li…
1088067019415711745,2019-01-23 13:32:47,RT @ColeGotTweets: The number of Tezos bakers per day has increased 600% over the past six months. https://t.co/nqqxScZaB1
1087907514706997248,2019-01-23 02:58:58,RT @zcashco: Introducing a new series of profile pieces about the talented people behind Zcash technology! Today we feature Daira Hopwood (…
1087889938878734337,2019-01-23 01:49:08,RT @kate_sills: What are your favorite examples of composable contracts on Ethereum?
1087692087242428423,2019-01-22 12:42:56,RT @Tezos_Korea: Special Tezos wine is waiting for all attendees at #Tezos #Blockchain Talk :) https://t.co/WfdO8SqAVX
1087520641820041216,2019-01-22 01:21:40,I'm delighted to see the Tezos community using @KialoHQ to debate proposals. To join in on the conversation:  https://t.co/grM1nlbHyk
1087466651380080640,2019-01-21 21:47:08,"RT @JacobArluck: @LabosNomades has announced their first on-chain amendment proposals for Tezos!
https://t.co/wKtHSJTQsj"
1086017122889801730,2019-01-17 21:47:13,"RT @brianeha: New 12,000-word feature by Gideon Lewis-Kraus, whose last big feature was the Wired cover story on Tezos. Sounds like he has…"
1085754351057076224,2019-01-17 04:23:04,@mahbodmoghadam @tezos I'm kinda cool with a renowned shoplifter hating my guts.
1085305660454113280,2019-01-15 22:40:08,Good on the Ethereum team for being responsible and security minded. I hope Constantinople goes smoothly. https://t.co/RlzM8F0wue
1085027559337852929,2019-01-15 04:15:03,RT @JacobArluck: There are now @tezos development teams on 5 continents https://t.co/nHMdDn1aa3
1084847598526173184,2019-01-14 16:19:57,RT @FortuneMagazine: Winklevoss Twins: Bitcoin can overtake gold with the right rules https://t.co/I00ojVn46Q
1083785556188901376,2019-01-11 17:59:47,"RT @ArthurB: Tacos and Tezos, a classic pairing!

(P.S now that I have your attention, take a minute to commit to the Tezos Stackexchange p…"
1083737441918509057,2019-01-11 14:48:35,RT @Tezos_Korea: #Tezos #Blockchain Talk will be held on 26th January. Tezos Blockchain Talk is a casual conference in Seoul by Tezos Korea…
1082411944907223040,2019-01-07 23:01:32,"RT @ArthurB: A formalization of Michelson in Coq
https://t.co/XG7Mkdi04i

A useful starting point for proving properties about #tezos smart…"
1082281617639407616,2019-01-07 14:23:40,"RT @Tezos_Korea: #Tezos Blockchain Camp in Seoul just kicked off today. 
#테조스 블록체인 캠프가 오늘 시작되었습니다. https://t.co/ZFvzATK0fB"
1081997179374325760,2019-01-06 19:33:24,RT @ArthurB: #Tezos 2018 reflections &amp; 2019 excitement https://t.co/XlajWub4BW
1081648109661442048,2019-01-05 20:26:20,RT @asglidden: I think that's where Tezos comes in. https://t.co/3VmwOjacLo
1080532764519288832,2019-01-02 18:34:21,"RT @TezosInsider: Interview: Tezos Insider speaks with @ArthurB about @Tezos development, zk-SNARKs, #baking, smart contract tools, and mor…"
1078817372423766018,2018-12-29 00:57:59,"@maradydd The name is revenge for the English ""bit"""
1078617498268913665,2018-12-28 11:43:45,"RT @TIME: ""Why Bitcoin matters for freedom"" https://t.co/jKBAroePsc"
1077017229810696192,2018-12-24 01:44:52,"RT @peterktodd: Really interesting fraud.

to;dr: Zcash clone Bitcoin Private secretly created an extra 2 million coin premine for the foun…"
1076457188074373120,2018-12-22 12:39:27,"RT @Tezos_Korea: &lt;Tezos Blockchain Camp&gt;에 지원하세요!
✔️ 서울대, 고려대, 한양대 최고의 교수진
✔️ 함수형 프로그래밍과 블록체인 입문자 환영
✔️ 블록체인 비즈니스와 법률 강의까지
⏰ 선착순 50명에게 전액 무료…"
1075841666953736194,2018-12-20 19:53:36,RT @TezosFoundation: Learn more about how @ClauseHQ is building on #Tezos in the latest episode of our Grantee Spotlight series. Check out…
1075534708191178753,2018-12-19 23:33:51,RT @obsidian_llc: Coming soon: Voting on @tezos proposals with your @LedgerHQ Nano S! #tezos https://t.co/DMXBlfCask
1075429883445166080,2018-12-19 16:37:19,"RT @tezos: Nomadic Labs, a world-class team that has been instrumental in the development of #Tezos, has officially launched! Check out Nom…"
1074437940581937153,2018-12-16 22:55:41,"RT @web3foundation: .@JacobArluck from @tezos presents their 'purest' philosophical take on what governance means at #PolkadotSF
https://t.…"
1073248408645787648,2018-12-13 16:08:55,"RT @Shaughnessy119: 🎙️Tezos' @JacobArluck on the future of governance!

Our conversation covers the importance of governance and how the pr…"
1072244889444708352,2018-12-10 21:41:17,"RT @BreakerMag: Vinay Gupta helped manage @Ethereum’s launch, and developed the most innovative housing at Burning Man. Now he’s set on tok…"
1072235160655998976,2018-12-10 21:02:38,RT @JacobArluck: Details of the @tezos amendment process are now in the documentation page: https://t.co/50tHtf1EUc
1071201123753705472,2018-12-08 00:33:44,"RT @chritcu: A talk about F* I recently gave at Tezos is now on YouTube:
https://t.co/8W9UIhNAuR"
1070672804926971905,2018-12-06 13:34:23,RT @Tezos_Korea: English version of #Tezos amendment process by Tezos Korea Community :) https://t.co/AHXQin9FRV
1069947067148132353,2018-12-04 13:30:34,"RT @Tezos_Korea: #테조스 의 프로토콜 개정 절차에 대해 설명한 인포그래픽입니다 : )
#Tezos amendment process by Tezos Korea Community https://t.co/ittMpuvql9"
1068934448949805056,2018-12-01 18:26:47,RT @weareblox: Fresh perspectives on #money &amp; #bitcoin with Arthur Breitman (co-founder of @tezos) @ArthurB https://t.co/eWcIMQateC
1068268109755166720,2018-11-29 22:18:59,"RT @el33th4xor: Fork idea: EOS, but with the EOS Constitution replaced by the Ferengi Rules of Acquisition https://t.co/dFXNY6u0tL"
1068256741962334208,2018-11-29 21:33:49,RT @zooko: “Coinbase Announces Support for Zcash”—https://t.co/R7I7bI0MrG
1068236653221707776,2018-11-29 20:13:59,"RT @tezos: Amending Tezos: traversing the amendment process, by @JacobArluck

https://t.co/QofkWH73Ps"
1068117468185452544,2018-11-29 12:20:23,"RT @AsiaTezos: Happening now! #Tezos developer meetup in Taipei - introducing why the industry needs formal verification, (liquid) proof of…"
1068064710363205632,2018-11-29 08:50:45,@csoreff @MProchshenko @GuardaWallet @tezos @CallistoSupport @KomodoPlatform We reached a consensus on outsourcing
1068019064986001408,2018-11-29 05:49:22,@csoreff @MProchshenko @GuardaWallet @tezos @CallistoSupport @KomodoPlatform We do have a lot of differences in opi… https://t.co/c0HKMPPSWX
1067991528474198016,2018-11-29 03:59:57,RT @FaridRached: @jurajselep from @simplestaking talking about using @Trezor with @tezos smart contracts at the first edition of VALIDATE i…
1066390656388616193,2018-11-24 17:58:39,"RT @tezos: This patch also adds new RPC endpoints to support voting, a step toward enabling on-chain governance and amendment proposals for…"
1066390645353472000,2018-11-24 17:58:37,RT @tezos: An important patch addressing “dust account creation spam” and error handling is available. All bakers should patch as soon as p…
1066341710135992321,2018-11-24 14:44:10,@babushka99 @ArthurB @tezos Always great to see you and talk payments!
1065291474101829632,2018-11-21 17:10:54,RT @tezos: Bakers: Join the @obsidian_llc baking Slack channel to keep track of the latest @tezos network updates https://t.co/3TDu2CgcK9
1065219556971606016,2018-11-21 12:25:07,RT @CryptiumLabs: In #Tokyo today where @awasunyin is presenting #tezos to the Japanese @tezos community. Thank you @TezosJapan for hosting…
1065218669482045442,2018-11-21 12:21:36,"RT @Tezos_Korea: 어제 #테조스 코리아 파운데이션과 연세대학교가 블록체인 인재양성을 위한 MOU를 체결했습니다.
Yesterday, #Tezos Korea Foundation signed on MOU with #Yonsei Univers…"
1064806005459075072,2018-11-20 09:01:49,"RT @Hassan_NY: Upbeat #tezos meetup in #nyc with founders tonight, helps separate the platform from the #crypto price action. T-shirt quote…"
1063187802655985666,2018-11-15 21:51:39,"RT @obsidian_llc: Introducing Kiln, the #tezos monitoring tool that lays the groundwork for our baker https://t.co/RoV6rWLQnB"
1063025778030452736,2018-11-15 11:07:50,RT @clairebelmont: Organizing Berlin's first Tezos meetup Tue Nov 27th with @JacobArluck &amp; more. We're building a community in Berlin and w…
1062060961174044679,2018-11-12 19:13:59,RT @TezosFoundation: We are pleased to announce our partnership with @b9lab to continue to grow and empower the #tezos community and larger…
1061797255450107905,2018-11-12 01:46:07,"RT @JacobArluck: Update on @tezos baking based on a snapshot for the upcoming cycle 50

There are 45,435 rolls (i.e. 454,350,000 xtz) in th…"
1060985983989104640,2018-11-09 20:02:25,An exceptionally thorough introduction to #Tezos https://t.co/WZdQuQ3mK0
1059857579814178816,2018-11-06 17:18:32,RT @emmaikawa: #Tezos #japan #wework #blockchain #ブロックチェーン https://t.co/AXq0HiYwFA
1059542359413669888,2018-11-05 20:25:58,"RT @eriktorenberg: Spoke about On-Chain Governance with @tonysheng, @JacobArluck of Tezos, and Peter Czaban of Polkadot.

https://t.co/O22h…"
1059521438409846784,2018-11-05 19:02:50,"RT @ArthurB: While I frown at the appropriation of common names for specific entities (""The DAO""), I must say I'm glad @blockchain has mana…"
1059231347565195264,2018-11-04 23:50:07,RT @JvdollaJovan: They finally came in! University of Illinois Alumni Tezos Vanity Illinois State License Plates! Multi-Party Single Baker…
1058901457649336320,2018-11-04 01:59:15,RT @naomibrockwell: Bitcoin celebrate its 10th anniversary this week! I chat to @ShapeShift_io CEO @ErikVoorhees about how far it’s come in…
1058444767577563136,2018-11-02 19:44:32,"RT @_jillruth: We're back and this week @Melt_Dem and I are grinding on
🧐 the real meaning of censorship resistance
🦄 my sense of ETH envy…"
1058056249558757376,2018-11-01 18:00:42,RT @AdrianaHamacher: Tezos has gone from near disaster to success in six short months. Co-founder Arthur Breitman tells @Decryptmedia what’…
1057789892384645120,2018-11-01 00:22:17,"RT @WSJPodcasts: Bitcoin was meant to be a payments network. But that's not exactly how it's turned out for the digital currency, now ten y…"
1057462255959199745,2018-10-31 02:40:23,RT @JacobArluck: One very exciting trend in @tezos so far has been the number of bakers interested in creating open-source tools to make ba…
1057311752184942593,2018-10-30 16:42:20,RT @laurashin: Great episode with @nathanielpopper and @paulvigna on tomorrow's 10-year anniversary of the Bitcoin white paper! We compare…
1056432307362381825,2018-10-28 06:27:44,RT @HayekLab: 62.9 Million XTZ will be constantly frozen at *all time* in (bond) security deposit by the Tezos Network starting around Janu…
1056262357796540416,2018-10-27 19:12:25,@ClassWithNoble @hashnode @tezos @DuckDuckGo Arthur's technically an ex-Xer
1056210864867397632,2018-10-27 15:47:48,RT @hashnode: Ask Arthur Breitman anything on Hashnode! He is a co-founder of @tezos and an ex-Googler with experience in both software and…
1056174031299203072,2018-10-27 13:21:26,"5 Reasons Why Tezos Rocks https://t.co/id9nOV7SCo

(The headline was supposed to be a joke but #4 actually did shoc… https://t.co/yNOw4MSGOq"
1056015616576901120,2018-10-27 02:51:57,RT @ArthurB: @HowdyD00die @Bancor Gave cover to Johann when his legal duty was to oust him. Buried an audit. Publicly lied about it. Crept…
1055825072844238851,2018-10-26 14:14:48,@mdudas @ArthurB @HM64259860 @BreakerMag @tezos @Reuters @ofnumbers @annairrera That was an accident. I was very tired.
1055643246657908737,2018-10-26 02:12:17,@Cryptonaire @PeterMcCormack @ArthurB @mdudas @BreakerMag @tezos @Reuters That sounds awesome. There's no Keebler in France :-(
1055641373779517440,2018-10-26 02:04:51,@PeterMcCormack @ArthurB @mdudas @BreakerMag @tezos @Reuters They were also dying to publish the salary of a young… https://t.co/krIU1SDzul
1055607873567305728,2018-10-25 23:51:43,@HM64259860 @ArthurB @mdudas @BreakerMag @tezos @Reuters https://t.co/uiEQRFroCK
1055606023795302400,2018-10-25 23:44:22,@mdudas @tezos You can tag me next time so I can see your breathless reaction. My goodness.
1055595007271362560,2018-10-25 23:00:36,"RT @ArthurB: @mdudas @BreakerMag @tezos @Reuters Emailing old friends, acquaintances with the tagline ""tell us what you know or we'll write…"
1055594995128791040,2018-10-25 23:00:33,RT @ArthurB: @mdudas @BreakerMag @tezos @Reuters Outing people with young children who wanted to keep their ownership of cryptocurrencies p…
1055594979488198656,2018-10-25 23:00:29,"RT @ArthurB: @mdudas @BreakerMag @tezos @Reuters In all seriousness, we were fucked relentlessly by a trio of shady journalists looking for…"
1055594283493773317,2018-10-25 22:57:43,@ArthurB @mdudas @BreakerMag @tezos @Reuters That's because @mdudas will never do anything interesting or provocati… https://t.co/7WJdSPGLUn
1055593353830526976,2018-10-25 22:54:02,"@mdudas @ArthurB @tezos We just sit around, waiting for people to say dumb shit. That's the secret to our success."
1055592816259194880,2018-10-25 22:51:54,@juliankoh @mdudas @BreakerMag @tezos @Reuters I build awesome things. Nothing to apologise for there.
1055589848348733440,2018-10-25 22:40:06,@mdudas @ArthurB @tezos So you do know how to tag me!
1055589695638298624,2018-10-25 22:39:30,"@mdudas @BreakerMag @tezos @Reuters You can tag me next time, pal. Given The Block's standard for reporting, I'm no… https://t.co/0pran2wtt1"
1055588619690246145,2018-10-25 22:35:13,"@KyleSGibson @mdudas @BreakerMag @tezos @Reuters I've worked with two Pulitzer prize winners, none of which resorte… https://t.co/zhKyvtv99m"
1055588446192848897,2018-10-25 22:34:32,@ArthurB @mdudas @BreakerMag @tezos @Reuters Couldn't even tag me while he was talking shit...
1055482372202758144,2018-10-25 15:33:02,"RT @brianeha: ""I like to think of myself as a yenta for the network,"" Kathleen Breitman (@breitwoman) told me. The @tezos co-founder and I…"
1055056771302219776,2018-10-24 11:21:50,"@Goltra My name is Caitlin, adjusted for Boston"
1054742400009150465,2018-10-23 14:32:38,"RT @MaciejHirsz: @arthurb at #Web3summit : #tezos on-chain governance is not about democracy, it’s about preventing social attack vectors.…"
1054681742085373952,2018-10-23 10:31:37,"@SuMastodon @catswithforks @_jillruth Well, while I have experienced mild slights about my marital status, I don't… https://t.co/g4YeHx51XE"
1054397924782862337,2018-10-22 15:43:49,"RT @JacobArluck: ""we are running the largest staking node in the world on @tezos"" - Olaf from @polychaincap at #Web3Summit https://t.co/1WK…"
1053287415316652032,2018-10-19 14:11:03,RT @AsiaTezos: Inaugural #Tezos Masterclass commences in Singapore this weekend at Nanyang Technological University! We are honored to have…
1053009922982600704,2018-10-18 19:48:24,RT @CryptoLiveLeak: We had the pleasure to interview Arthur and Kathleen Breitman recently - #Tezos #XTZ #TezosNews #Governance @ArthurB @b…
1052601767110660096,2018-10-17 16:46:32,"RT @JDNebusiness: Arthur Breitman (Tezos)  : ""Une quarantaine de développeurs travaillent à plein temps sur Tezos"" https://t.co/EZOFyrVNbO…"
1052168238962884608,2018-10-16 12:03:51,"RT @JacobArluck: Cool interview with Edward Tate, who's working on a Tezos implementation of @el33th4xor's Avalanche!  https://t.co/QuKELcJ…"
1052035955564208128,2018-10-16 03:18:12,"RT @CryptonomicTech: Friends, let's get commitments for a Tezos Stack Exchange going! 17% down already! https://t.co/K4tJiq8sMQ 🚀"
1051543559843676160,2018-10-14 18:41:36,@ahcastor @ArthurB @annairrera @stecklow @johanngevers @dylan20 @glichfield @Melt_Dem Flattered by this extensive r… https://t.co/5l2OWk3nrV
1051522382266028034,2018-10-14 17:17:26,"RT @ArthurB: If you're interested in building on Tezos, and especially if you are familiar with the Stack Exchange ecosystem, please suppor…"
1051487426760171521,2018-10-14 14:58:32,"@octal No, go skiing but lurk in the chalet and drink hot chocolate with me. I'll make you glühwein!"
1051051791356481537,2018-10-13 10:07:29,"RT @MIT_CSAIL: True story: a kid saw this and said, ""oh, you 3D-printed the 'Save' Icon."" https://t.co/JQBeSVLoYX #tbt (credit @Bill_Gross)…"
1050914655605010432,2018-10-13 01:02:33,"RT @ArthurB: @IOHK_Charles @breitwoman @zmanian @_jillruth I chose not be paid upfront, and you called that ""greedy"". Tezos actually delive…"
1050913394075811840,2018-10-13 00:57:32,"RT @ArthurB: @breitwoman @zmanian @_jillruth ""The Cardano Foundation is an independent legal entity governed by its council, thus the Carda…"
1050901566214086656,2018-10-13 00:10:32,RT @TezosToronto: Please sure to join us on Sunday Oct-14 to talk #Tezos and meet with developers extraordinaire @CryptiumLabs. There is st…
1050722259503988736,2018-10-12 12:18:02,RT @asbjornenge: Currently hacking away https://t.co/rqfudCu3pX #tezos ❤️🚀
1049903472227885056,2018-10-10 06:04:28,RT @DatNguy14944798: Feeling great to meet one of the  main developer of #Tezos #xtz Mrs.Quyen. getting a lot of knowledges about #tezos an…
1049766148991008768,2018-10-09 20:58:48,What's in a name? Consider making IOHK a more inclusive place for women by not harboring Guido Schmitz-Krummacher… https://t.co/S2J7vcYdwn
1049710264034168832,2018-10-09 17:16:44,RT @spencernoon: 0/ The latest @epicenterbtc podcast discussing #Tezos with @ArthurB and @breitwoman was fascinating. Here were some of the…
1049057045276741633,2018-10-07 22:01:04,RT @AsiaTezos: Looking forward to meeting all the (50+ and counting) very talented developers in Vietnam to talk about all things #tezos an…
1048529436176523265,2018-10-06 11:04:32,RT @crainbf: I really enjoyed having @ArthurB &amp; @breitwoman on @epicenterbtc to talk about @tezos. A lot of contrarian views are driving th…
1048212852681711617,2018-10-05 14:06:33,RT @GaravagliaJuan: I am an big fan of Bitcoin-NG and now also a big fan of Avalanche https://t.co/Ow9ZIkTvl9 @el33th4xor
1048206215090790402,2018-10-05 13:40:11,RT @coindesk: A supposed cheat for the massively popular video game Fortnite turns out to be malware designed to steal bitcoin wallet login…
1048169161128648704,2018-10-05 11:12:56,RT @clairebelmont: Great episode on #Tezos - I remain convinced this is a platform that’ll cater to “high value” - “high risk” transactions…
1047184185667080192,2018-10-02 17:59:00,@IntoTheLite_ Name the place and time
1045259030417924097,2018-09-27 10:29:07,RT @CryptoLiveLeak: Join Us for Tezos Boston Meetup 3 Hosted at Harvard University featuring Kathleen Breitman as Keynote on Oct 7th (12-3P…
1044993007366352902,2018-09-26 16:52:02,"RT @TezosFoundation: Through grants, the #Tezos Foundation seeks to support development as part of our mission to support the Tezos protoco…"
1044493418196389888,2018-09-25 07:46:51,"RT @creiddouthat: “I’m not Mining #Bitcoin; 
I’m Baking #Tezos” ~@HayekLab 

@Tezos @TezosFoundation #Tezos #XTZ $XTZ @ArthurB @breitwoman…"
1044267670240219139,2018-09-24 16:49:48,"RT @web3foundation: We're thrilled to host @ArthurB of @tezos at #Web3Summit! 

This will mark the first time all the major ecosystems buil…"
1043558935305879557,2018-09-22 17:53:33,"@rdicosmo @OCamlLang @ocamlmooc @SWHeritage @tezos @JaneStreetNYC @nyuniversity Cc @camlCaseTech, @CryptonomicTech, @JacobArluck :-)"
1043347566455402496,2018-09-22 03:53:38,RT @CryptiumLabs: Great shoutout to @AsiaTezos for organising this productive meeting with all the @tezos representatives across Asia. Feat…
1043100635565043712,2018-09-21 11:32:26,"RT @djangobits: How baking in Tezos works. Great introduction by @tezzigator:  https://t.co/9289sd3kIv

#tezos $xtz #pos #staking #baking"
1042549726292238336,2018-09-19 23:03:19,"RT @AmyGrimmers: Here’s the link to the @atomico State of European Tech survey https://t.co/TVG0D8vLPa if you work in tech, it’s worth 8min…"
1041791018008403969,2018-09-17 20:48:28,RT @spencernoon: Tezos going live on mainnet today marks the first high-profile instance of a Proof of Stake blockchain being live in produ…
1041752670954901504,2018-09-17 18:16:06,RT @Melt_Dem: it’s finally here! @tezos mainnet is live and running. don’t forget to delegate your tezzies to keep pace with inflation and…
1041752642903371776,2018-09-17 18:15:59,"RT @JacobArluck: Cortez, a new Android wallet for Tezos!
https://t.co/m4iLpiy53U"
1041241737853788161,2018-09-16 08:25:50,RT @tezzigator: Lots of people wondering what Tezos mainnet means and worrying about their tokens. Tezos mainnet is the same chain as the b…
1041014270165540864,2018-09-15 17:21:57,"RT @tezard_tezos: I just published a short FAQ on “Tezos Mainnet Launch” https://t.co/5wSGR8rzLp
#bitcoin #tezos #eth #btc #cryptocurrencyn…"
1039888382015328256,2018-09-12 14:48:05,"Fun interview with Perry Metzger, arguably the first Bitcoin skeptic.  https://t.co/4ylmFT1reP"
1039553050304598018,2018-09-11 16:35:35,"RT @Melt_Dem: if you participated in the @tezos fundraiser, have you moved your XTZ yet? if not, 4 steps:
- download @CryptonomicTech’s Gal…"
1039355166275776512,2018-09-11 03:29:16,"RT @SkyCorridors: The Bitcoin Whitepaper was first released on the cryptography mailing list run by computer security expert, @perrymetzger…"
1037690000232603648,2018-09-06 13:12:30,RT @frothcity: Kicking off the @dezentral_io conference with “The Case for Tezos Maximalism” @ArthurB #BerlinBlockchainWeek #ProofofStake h…
1037644312832626688,2018-09-06 10:10:57,RT @BerBlockWeek: The @dezentral_io was kicked off by @lalleclausen and the keynote is now hold by @ArthurB from @tezos thanks @1kxnetwork…
1037298186853990401,2018-09-05 11:15:34,"RT @JacobArluck: Update on Tezos baking distribution, looking ahead to cycle 27. @TezosFoundation bakers under 40%. https://t.co/IJQ9S33gkB"
1037062138353909762,2018-09-04 19:37:36,RT @PlayerTransport: RT TennisHalloFame: From one American icon to another - these are the words #JackieRobinson wanted #ArthurAshe to hear…
1034881513035325441,2018-08-29 19:12:34,RT @TezosFoundation: @ClauseHQ will receive a grant to develop a smart legal contract layer on #tezos. We are thrilled to be able to suppor…
1033413993459798016,2018-08-25 18:01:10,RT @mytezosbaker: Daily Baked Blocks by Account #tezos https://t.co/HeWFnp5VY0
1032454297185910785,2018-08-23 02:27:41,"RT @stevenstrogatz: I love this statement of goals for math students,  written by the faculty at @harveymudd. Bravo! (ht @mathyawp) https:/…"
1031297746525974528,2018-08-19 21:51:58,RT @ArthurB: I just published “Towards Futarchy in Tezos” https://t.co/r1b8xLJfPy
1030534318349676544,2018-08-17 19:18:22,RT @awasunyin: I just published “Is Your Favourite Baker Overdelegated? Understanding Self-Bond Requirements in Tezos” https://t.co/9u26m8r…
1029217442596175874,2018-08-14 04:05:34,@GregusJakub @tezos I'm a big fan
1029194858102059008,2018-08-14 02:35:50,"RT @Tezdele1: A posting about Tezos Korea launching event last Friday where I attended! There's a lot of fun(: @Tezos_Korea
https://t.co/Wj…"
1028711820255608832,2018-08-12 18:36:25,RT @JacobArluck: Update: 449 @tezos bakers expected in Cycle 19. https://t.co/pPQFqiWVQv
1028428366049726466,2018-08-11 23:50:04,"RT @juliankoh: Wrote a piece on @tezos titled ""The Tortoise and the Hare of Crypto"" https://t.co/WwEoV44uMX"
1027739249809018880,2018-08-10 02:11:46,"RT @TechCrunch: Cryptocurrency insecurity: IOTA, BCash, and more by @rezendi https://t.co/l8EGgRL2ui https://t.co/Fi2JRMHmJO"
1027409289990660096,2018-08-09 04:20:37,"RT @coindesk: Now a Nearly $1 Billion Blockchain, Tezos Is Slowly Building Up Its Security https://t.co/qXaOAAtGz6 https://t.co/mcn7U3HzLh"
1027110184080928768,2018-08-08 08:32:05,"RT @JacobArluck: To conclude, the two models stem from different design priorities:

LPOS (@tezos): decentralization, accountable governanc…"
1026692997159706624,2018-08-07 04:54:20,RT @TimDraper: Great Bitcoin interview in Forbes. https://t.co/7oFauKv1ce https://t.co/7oFauKv1ce
1025618223738191872,2018-08-04 05:43:34,"RT @awasunyin: Some @tezos nodes went down last night, users couldn't use hot wallets that relied on them. Might be handy to be able to run…"
1024695591723364352,2018-08-01 16:37:21,RT @blockscale: Fantastic launch party for @tezos and @TezosFoundation last night in SF.  It was great to see @ArthurB and @breitwoman agai…
1024395715760467968,2018-07-31 20:45:45,"RT @JacobArluck: In which I propose we call the @tezos consensus mechanism ""Liquid Proof of Stake""

https://t.co/DxQy62Ehrb"
1023626849304231936,2018-07-29 17:50:33,"RT @JacobArluck: How the distribution of @tezos baking has evolved since launch

414 bakers expected in cycle 14 https://t.co/x0tJlAvTyD"
1022986343104753664,2018-07-27 23:25:25,RT @coindesk: Who's In Control of Tezos? That Answer Is About to Change https://t.co/2LBdYH6LQC https://t.co/YFLS0IRThp
1022981866209660934,2018-07-27 23:07:37,@maradydd Bruno Bernardo from the Tezos Core team was there. He had rave reviews :-)
1022895793852768256,2018-07-27 17:25:36,@basus @josh_blockchain @tezos No but I'm starting to think there should be a recruitment party there :-P
1022894411523342336,2018-07-27 17:20:06,@josh_blockchain @tezos Thanks for coming! And thanks for the photos!
1022472872684609537,2018-07-26 13:25:04,RT @jerallaire: .@circlepay makes wall st history — we sold a BTC future for physical BTC delivery over the CME. https://t.co/BNApw6liah
1022217944544276481,2018-07-25 20:32:04,Flattered to be included in this list by @FortuneLedger. A big thank you to the people who find Tezos to be a compe… https://t.co/j12EpZTV7H
1020396665457598464,2018-07-20 19:54:57,"RT @ericjang11: ""There are exactly four normed division algebras: the real numbers (R), complex numbers (C), quaternions (H), and octonions…"
1020200924856438784,2018-07-20 06:57:09,RT @awasunyin: I just published “How to Delegate Tezzies (Tezos’ XTZ) with Your Ledger Nano S — With Initial Setup &amp; Screenshots” https://t…
1019604962924466176,2018-07-18 15:29:01,"RT @CryptonomicTech: We are delighted to announce the launch of Galleon, our wallet deployment for #tezos. Enjoy! #tacotuesday 🌮🌮🌮https://t…"
1019588718129303553,2018-07-18 14:24:28,"RT @awasunyin: I have to admit, I only understood what a @tezos ORIGINATED account is after I wrote this guideline on how to delegate Tezzi…"
1019194300842823680,2018-07-17 12:17:11,"RT @awasunyin: Bonjour! Voulez vous faire des Zopf Tezzies (@TezosFoundation XTZ) avec Pâtissière Awa?  

Hmmm! Can you smell the @Cryptium…"
1017796639841538048,2018-07-13 15:43:23,RT @TezosFoundation: Check out projects that we have supported thus far. We’re backing the community’s work to help advance the @tezos ecos…
1017739653900890117,2018-07-13 11:56:56,RT @ArthurB: A quick screencast tutorial on how to use a @LedgerHQ Nano S with the #tezos command line. https://t.co/OsjTSg2FHs
1017416573567447041,2018-07-12 14:33:08,"I feel like this negates the small victory I had when ""Tezos"" wasn't autocorrected to ""Texas"" for the first time."
1017303436700905472,2018-07-12 07:03:34,"RT @CryptonomicTech: The Github repo for the #tezos wallet code is now called Tezori - from the Italian for 'treasures', Hindi for 'safe' o…"
1016972205387911168,2018-07-11 09:07:22,@csoreff @WIRED @tezos @ArthurB We are... normal sized in Japan
1016238172169277440,2018-07-09 08:30:35,"RT @Tezos_Korea: 어제 있었던 테조스 베이킹 클래스 발표자료 공유합니다. 
#Tezos Baking Class in Seoul Slides 

https://t.co/yDqTwqgIUD"
1016236875848220672,2018-07-09 08:25:26,"RT @fredcy: Build a Tezos betanet node for Debian, Ubuntu, or MacOS: updated doc at https://t.co/xt3uADQLR8"
1015144862260310016,2018-07-06 08:06:10,RT @ArthurB: Post #betanet #tezos dev update https://t.co/AmRr1F2rL3
1013894184426713088,2018-07-02 21:16:25,RT @JacobArluck: Injection of the @tezos genesis block on Saturday night #tezosbetanet https://t.co/fLYj7pAhWu
1013459659628449794,2018-07-01 16:29:46,It's profoundly humbling to see how many talented people Tezos managed to attract over the past four and a half yea… https://t.co/hl712ylNRb
1013150286771351553,2018-06-30 20:00:26,"RT @ArthurB: Woo, there is a live #Tezos betanet ! Careful with the sharp edges.
#BLSqrcLvFtqVCx8WSqkVJypW2kAVRM3eEj2BHgBsB6kb24NqYev"
1013066775276281857,2018-06-30 14:28:35,RT @TezosFoundation: Stay safe out there. #tezos #tezosbetanet https://t.co/GODXAr7Nbl
1012100921197780992,2018-06-27 22:30:38,RT @TezosJapan: “Setting Up a Secure Baker” by Obsidian Systems #tezos #XTZ #Blockchain #proofofstake https://t.co/D4FrYbLh2F
1011696823751315456,2018-06-26 19:44:53,RT @random_walker: A new paper has a crisp economic analysis that captures many observations about the security and stability of Bitcoin an…
1011696518615764992,2018-06-26 19:43:41,"RT @TezosFoundation: We are proud to stand alongside developers, scientists, validators (“bakers”), and enthusiasts in support of the Tezos…"
1010306178981613568,2018-06-22 23:38:58,"RT @laurashin: Great Unconfirmed episode with Gideon Lewis-Kraus, the author of Wired's cover story on Tezos! He talks about how foundation…"
1009798289628286976,2018-06-21 14:00:48,RT @TezosFoundation: Activation codes are now available. Please check out our most recent announcement for more information. #tezos #tezosl…
1008996402377129985,2018-06-19 08:54:23,RT @martin_pospech: Are you watching the World Cup and would like to bet Tezos on your favorite team? We've built an application that lets…
1007919674854727680,2018-06-16 09:35:51,RT @TezosFoundation: Check out our most recent announcement for logistical information about the Tezos betanet. #tezos #tezoslaunch https:/…
1006073414375878660,2018-06-11 07:19:28,"@FortyUb @Cryptopathic (Though, in a rare overture to radical feminism, I had considered changing my last name to Breitwoman.)"
1003586972114354176,2018-06-04 10:39:14,"@andimule Arthur and I were just joking about including some fragrance that smelled like bread in to place in Ledgers, etc."
1003552713446248448,2018-06-04 08:23:06,@octal Tezos Korea is getting me there too...
1003551185301835776,2018-06-04 08:17:02,"RT @Tezos_Korea: #테조스 베이킹 레시피입니다. 테조스 베이킹과 딜리게이션에 대해서 이해하시는 데 도움이 되면 좋겠습니다 : )
#Tezos Baking Recipe infographic
@TezosChina @TezosJapan @Cr…"
1002085455549083648,2018-05-31 07:12:45,"@seasideninja ""Virtues of the Tezos Network"" or something like that."
1002072117326774273,2018-05-31 06:19:45,A nice overview of some Tezos features https://t.co/8eRFTde9A4
1002071661859037184,2018-05-31 06:17:56,"RT @tezzigator: Check out @breitwoman talking Tezos at @BlockFinSummit!

#Tezos is coming!

https://t.co/yP4LgpHQeG"
1001460251831435265,2018-05-29 13:48:24,"RT @TezoSpanish: El primer Spanish Tezos meetup contará con la honorable presencia de Diego Fernandez Pons!

The first Tezos meetup has bee…"
1001373035662897152,2018-05-29 08:01:50,RT @TezicornTEZ: Watch #Tezos's Arthur Breitman speak at the Oslo Freedom Forum! (50:40min) https://t.co/oQygIX6OZf
999229805978636288,2018-05-23 10:05:25,It's consistently humbling to meet members of the Tezos community. Thanks for a lovely evening! https://t.co/EfVPzsGq6r
999228482554036224,2018-05-23 10:00:09,"RT @_jillruth: Bumped into @breitwoman at a British pub by the name of Tokenhouse (no really, that’s what it’s called) https://t.co/3414RET…"
998903527282966530,2018-05-22 12:28:54,RT @TezosAlabama: Great walkthrough! @tezzigator is an unsung Tezos hero. https://t.co/Upuh4f3qBY
996462062858579968,2018-05-15 18:47:23,It took long enough but I finally got a Eth Giveaway spam account! Please report. https://t.co/2yNRL0PNQc
995943600931426304,2018-05-14 08:27:12,RT @zooko: OMG—everyone who cares about Proof-of-Work mining needs to read the entirety of https://t.co/ONLmgm4c8Z. There are many major tr…
993551969762598913,2018-05-07 18:03:43,@jim_savage_ That's the version of Tezos which resonates with smart people :-P
993415573760544768,2018-05-07 09:01:44,"RT @jim_savage_: Community consultation as pull request reviews. Compelling. I guess that's Tezos, @breitwoman? https://t.co/Vaa2FUn4B4"
993044488955285504,2018-05-06 08:27:10,RT @kate_sills: Great Tezos talk by @ArthurB in Tokyo: https://t.co/ivULUSlEhU
989221481434505221,2018-04-25 19:15:54,RT @cindygallop: Female developers - get in on the future of cryptocurrency and bitcoin and share the wealth! @starkness @jimmysong have or…
988817339872399360,2018-04-24 16:29:59,@TezosCommunity @TezosBoston And have a thoughtful discussion about the merits of on-chain governance in the first permutation of Tezos!
988493869393301505,2018-04-23 19:04:38,RT @kate_sills: Come visit Tezos at @SHE_256! #she256 https://t.co/J6STK1FQGQ
988096253346172929,2018-04-22 16:44:39,RT @catsigma: #tezos #tezbridge @TezosCommunity @TezosFoundation @TezosCommons | TezBridge has changed the UI face and updated to the curre…
986363103708434434,2018-04-17 21:57:44,RT @Tezos_2018: Third update from Milo Davis on what’s been merged #tezos @TezosFoundation @ArthurB @breitwoman @tez0s @TezosChina @TezosCo…
984081754309853185,2018-04-11 14:52:28,@Melt_Dem @Woodrow1616 I think the Tezos Foundation should brew a Suffragefest IPA
981855456900464648,2018-04-05 11:25:57,RT @TezosCommons: Announcing the Tezos Commons Foundation.  https://t.co/zezbnILhHk
981854369879506944,2018-04-05 11:21:38,"RT @asglidden: A nice explanation of (one reason) why the ""Tether CDS"" is going to be worthy of a whole bucket o' 🍿 https://t.co/pVswrulZR2"
981577047951622146,2018-04-04 16:59:39,Best gif in Tezos history. https://t.co/1jyfp53ngk
981562596108115968,2018-04-04 16:02:14,"RT @TezosFoundation: Updates around the @TezosFoundation, development milestones and the path to the launch of the Tezos betanet in Q2 and…"
979608013320441856,2018-03-30 06:35:25,"RT @el33th4xor: Tezos partners up with INRIA.
https://t.co/zAdjUmgxAX"
977867033424646144,2018-03-25 11:17:23,RT @cryptocoley: .@Ripple’s Chief Cryptographer @JoelKatz takes the stage discussing the global relevance of blockchain technology at #Foun…
976619753388175362,2018-03-22 00:41:08,RT @ArthurB: Tezos update 2018-03-21: https://t.co/L3yIMCBszD via @YouTube
974664051803353088,2018-03-16 15:09:52,"RT @starkness: After countless late nights, lines of code, bug fixes, and memes...

We finally released Lightning for bitcoin mainnet!!! ⚡️…"
974408249691684864,2018-03-15 22:13:25,RT @TezosFoundation: Great opportunity for three board members of @TezosFoundation to meet with one of Tezos’ biggest fans. Thanks @TimDrap…
969528510854455296,2018-03-02 11:03:04,"RT @TezosFoundation: Following the expansion of the Board, the Tezos Foundation is strengthening its cooperation with the core development…"
968926124066603009,2018-02-28 19:09:24,"Kyle, please make more criticisms of Tezos based on your Google glass startup! I am loving this."
968624942886526976,2018-02-27 23:12:37,RT @TezicornTEZ: Olaf Carlson-Wee's message to our #Tezos community. Now this is leadership!   https://t.co/jvNoNSCy1I
968551306557378560,2018-02-27 18:20:00,"RT @el33th4xor: 3f+1. It's not just for computers. :-)

Very much looking forward to what's in store next for #Tezos! https://t.co/iy4X4WKw…"
968446618625130497,2018-02-27 11:24:01,"RT @TezosFoundation: The Tezos Foundation has unanimously appointed Olaf Carlson-Wee, Pascal Cléré, Marylène Micheloud and Hubertus Thonhau…"
967860688965324801,2018-02-25 20:35:44,"@tezosireland ""Bringing the fighting Irish to Tezos""? We're already here :-P"
966886631604043778,2018-02-23 04:05:11,RT @paulvigna: The Tezos Foundation board fight is over. https://t.co/qtcsXzxwDs via @WSJ
966717168745410560,2018-02-22 16:51:48,RT @TezosFoundation: The Tezos Foundation has unanimously appointed Ryan Jesperson and Michel Mauny to the Board. The two new members will…
965637673858744325,2018-02-19 17:22:16,"RT @ArthurB: Informal poll, what do you think would make a good initial cost per byte of smart-contract storage in Tezos (order of magnitud…"
964719929021816832,2018-02-17 04:35:29,RT @ArthurB: 2018-02-17 Tezos dev update: https://t.co/J9lg9oLIIo via @YouTube
963830835651559424,2018-02-14 17:42:32,"RT @tzscan: First release of TzScan (https://t.co/lrLhNVUZKr), a new block explorer for #Tezos developed by @OCamlPro, with a specific focu…"
963547850012467200,2018-02-13 22:58:03,"RT @dawnsongtweets: Huge thanks to @tez0s Kathleen Breitman, Mitzi Chang from Goodwin Proctor, @joshuaxls from Coinlist, @jcliff42 from @sc…"
963291854753079297,2018-02-13 06:00:49,RT @fredcy: We are building unofficial Tezos technical documentation at https://t.co/x7fzLeXL5x
963153368037310469,2018-02-12 20:50:32,"Wow, quite the list of articles/papers from the folks over at @a16z https://t.co/79XGbjxCaI - charmed to be included with some #Tezos pieces"
962808171789041664,2018-02-11 21:58:50,RT @fredcy: The Technical Side of Tezos: Interview with Apps Engineer Martin Pospěch https://t.co/oywl1wYREr via @wpeaster
961621981102858241,2018-02-08 15:25:21,RT @TezosCommunity: Tezos Community members launch the Tezos Brainstorm Foundry. Become a valuable member of the community by doing. Doing…
961314283031285760,2018-02-07 19:02:40,"RT @T2_Foundation: Fantastic get together with T2 Foundation council member, Pascal Cléré. Had an excellent conversation about @tezos. He h…"
961179851213467648,2018-02-07 10:08:29,RT @ChaseThatCoin: That was a very good @Tezos meet up that gave a deeper look into @CryptonomicTech and @TezBox_Wallet future tools built…
961025460615438336,2018-02-06 23:54:59,RT @ArthurB: 2018-02-06 Tezos dev update: https://t.co/hDz220HXF5 via @YouTube
960963396689514496,2018-02-06 19:48:22,"RT @ArthurB: Talking POS with @zmanian @breitwoman and Ryan. @T2_Foundation 
#tezos https://t.co/KYZ47rCELj"
960577402542940160,2018-02-05 18:14:34,RT @paulvigna: Bitcoin lawyer Marco Santori moves from law firm Cooley to startup Blockchain: https://t.co/ZS5LHaKIOg via @WSJ
959060656807993345,2018-02-01 13:47:33,RT @paulvigna: Exclusive: Tezos supporters including Olaf Carlson-Wee forming new nonprofit to support devs https://t.co/ZXHnQMOeRZ via @WSJ
958344757931008000,2018-01-30 14:22:50,@_jillruth @NeerajKA I'm going to Tezos in March for SXSW
957408246196826113,2018-01-28 00:21:28,"RT @TezosLat: Ya tenemos 2 nodos de Tezos en Latino América ! 
Uno en Argentina ( @MEGcalamar ) y otro en Brazil ( @TezosLat ) 

Proximamen…"
957280985753767936,2018-01-27 15:55:47,"RT @teempai: In the flood of new stable coin proposals, I completely forgot how cool the @MakerDAO system for Dai is. If you've never read…"
956964014004883456,2018-01-26 18:56:15,RT @ArthurB: Tezos dev update 2018-01-26: https://t.co/cqXH0DgPYw via @YouTube
956936081668272128,2018-01-26 17:05:15,"RT @ArthurB: Dependencies in the #Tezos code base, courtesy of Grégoire. https://t.co/jD0vHm2tQG"
956499884202487808,2018-01-25 12:11:57,“[Tutorial#2] Using the Tezos Alphanet” by ~maurel https://t.co/Gl4MDJWlyo
955739399198859264,2018-01-23 09:50:04,RT @nntaleb: I just published “Bitcoin” https://t.co/O9a7VLowQ1
955406069664133120,2018-01-22 11:45:32,"@chris52392525 @ArthurB Oh boy! Cosmos/Tendermint, TrueBit, Filecoin, Decred, Zcash, keeping a close eye on Casper development for ETH"
955128957325602816,2018-01-21 17:24:23,RT @xelionio: The History of Tezos on Github is out ! #tezos @ArthurB @TezosCommunity https://t.co/PphKjPr9OS
954513105370873858,2018-01-20 00:37:12,"RT @ArthurB: Fresh #tezos dev update, talking about the cost model for storage and misc stuff. Check the doc if you haven't yet
https://t.c…"
952485185710411776,2018-01-14 10:18:59,"""So I´ve had a look on their papers and codebase and compared it with Tezos. Only to find out that Tezos is light-y… https://t.co/uUbBKGvyoN"
952484647484690432,2018-01-14 10:16:50,“[Tutorial#1] Tezos Alphanet on Win10” by ~maurel https://t.co/6QsHdq0WZm Nice. Very nice.
951879042592116736,2018-01-12 18:10:23,RT @ArthurB: Tezos dev update 2018-01-12: https://t.co/VMLLAZVxeb via @YouTube
949282586878193664,2018-01-05 14:13:00,I'll be speaking about #Tezos in St. Moritz on January 17th: https://t.co/DodRYoMzXf
947852224947998720,2018-01-01 15:29:15,"RT @ArthurB: #Tezos votes happen on chain because the protocol needs to verify the result, not because blockchains are particularly suited…"
947474574425419776,2017-12-31 14:28:36,"RT @ArthurB: Tezos update, 2017-12-31: https://t.co/5lTGQ8IDsS via @YouTube"
947453641694351360,2017-12-31 13:05:25,"RT @stevenstrogatz: Section 16.3 in Easley and Kleinberg’s “Networks, Crowds, and Markets” is nice and clear. Free PDF here: https://t.co/r…"
943103529216028672,2017-12-19 12:59:38,Delighted to see my favorite charity (@covenanthouse) and a cute ETH project together: https://t.co/0aj6Gju9ub
942941828546027520,2017-12-19 02:17:05,"RT @rhhackett: Here’s my profile of @zooko, the veteran cypherpunk, carnivore who’s building a better, more private Bitcoin https://t.co/J6…"
940157674024562688,2017-12-11 09:53:51,Really solid overview of #Tezos from @blockchainworks https://t.co/1L89FzQkQf
939180744899026944,2017-12-08 17:11:53,RT @ArthurB: 2017-12-08 Tezos dev update: https://t.co/o8bskM2ypD via @YouTube
939165605562847233,2017-12-08 16:11:43,"RT @ArthurB: A few pics from Paris. Work, lunch, late night beers with a few #tezos devs. https://t.co/mnK0JFizVO"
939023635372638208,2017-12-08 06:47:35,RT @asbjornenge: Liquidity looks great for #Tezos contracts 😬🎉 High level but still secure (compiles to Michelson) 💪 Can’t wait for main ne…
938891314879500290,2017-12-07 22:01:47,"RT @StephenPiment: Why Michelson?
#blockchain #tezos
Not sure if this is a response to @PhilipWadler, but it reads well as such.
https://t.…"
938811277660643328,2017-12-07 16:43:45,"Thoughtful blog post from #Tezos team member and dev, Milo Davis: https://t.co/mOo8O1G62u"
938748571830181888,2017-12-07 12:34:35,@Dizer_Y @CryptoDelegate @ArthurB @joinstationf Unfortunately not but it was nothing new w/r/t content.
938395933917745158,2017-12-06 13:13:19,.@arthurb explaining #Tezos origins and philosophy at @joinstationf https://t.co/ykl5C0wlHR
938024390830247937,2017-12-05 12:36:57,RT @TezosID: Running a #Tezos node? Now you can visualize fellow neighbors. More are running the Alphanet. We were thrilled to find nodes r…
937803425605193729,2017-12-04 21:58:54,"RT @socrates1024: The ""Liquidity"" high-level language for tezos https://t.co/O9qd3b1cT9
(Tezos : Liquidity : Ocaml :: Ethereum : Solidity :…"
937320888965398530,2017-12-03 14:01:29,Tickled to see #Tezos mentioned in this piece as I often cite the Sakurity blog in my talks :-) https://t.co/yNGQjqQSsB
936689897766903808,2017-12-01 20:14:09,"RT @TezosChain: We're glad to present our own #Tezos Telegram Bot.
Keep an eye on your wallets in real-time and don't miss a transaction or…"
936425214195458050,2017-12-01 02:42:23,RT @TezosCommunity: The Tezos meet up in Zurich is underway.  Packed house!  @ArthurB’s slides are here: https://t.co/zgwOTnm2MY Great over…
935815260707213312,2017-11-29 10:18:39,RT @TezosID: Released an update today so you can see #Tezos Alphanet operations from the same Hash detail view. Saves time and looks neater…
934191062276562945,2017-11-24 22:44:40,RT @ArthurB: 2017-11-24 Tezos dev update: https://t.co/Y3SCsbgBcO via @YouTube
932906317395759104,2017-11-21 09:39:33,"RT @_jillruth: Hey, what do Tether and Venezuela have in common?
https://t.co/KDNDLeny49

Ask what you actually own."
931575003883102208,2017-11-17 17:29:23,RT @ArthurB: 2017-11-17 Tezos dev update: https://t.co/zJ9YKW74uN via @YouTube
931574982160683008,2017-11-17 17:29:18,RT @TezosCommunity: Tezos Blue (alpha) is live in the Google Play Store!  A wallet for your $XTZ.  https://t.co/LjqP9zgxCG
930176721277607936,2017-11-13 20:53:06,"RT @jdh: Saying Bitcoin will be hoarded - it is Good Money, driven out by Bad - is wrong. Short explanation from me: https://t.co/34ibxD06QU"
927838726146818053,2017-11-07 10:02:45,"RT @fredcy: My Tezos Explorer, the first blockchain explorer for #Tezos, is now hosted at https://t.co/H5KTP0fDp6."
926222795079540737,2017-11-02 23:01:37,"RT @ArthurB: Tezos dev update, 2017-11-02
Jbuilder, Michelson goodies, and more.
https://t.co/1Spe4CrqAc"
923680559947309056,2017-10-26 22:39:41,"@vakeraj @Jason @ThoriumWealth You can segment your tweets or take a screenshot? Otherwise, /r/tezos?"
923413700349853696,2017-10-26 04:59:17,"@calibitcoin @vakeraj @Jason @ThoriumWealth Tezos is lucky that the ""news"" broke so late."
916358995945783296,2017-10-06 17:46:24,"I also liked @cdixon's comments about looking at what smart people do on the weekends. For a while, Tezos was prima… https://t.co/4fKZ4FIEoN"
916355503957041152,2017-10-06 17:32:31,Nice overview of Tezos starting at 10:00. https://t.co/1gOlkXnt1P
916098344513974272,2017-10-06 00:30:40,"RT @mikejcasey: I hate headlines that begin with ""Forget X"" and you definitely don't want to forget bitcoin. But this IS interesting https:…"
914334520798740480,2017-10-01 03:41:51,@garrytan The best gift I ever gave was one BTC to a friend's newborn in 2012
910529204063674369,2017-09-20 15:40:53,Sold on the name alone. https://t.co/dbA4c5RMoN
910152953566302209,2017-09-19 14:45:48,@dylan20 @tez0s Great minds name alike 😉
908787688714711040,2017-09-15 20:20:44,RT @ydemombynes: #Tezos meetup @LaMaisonDuBTC https://t.co/t6OvjxBGCz
908408918828711936,2017-09-14 19:15:38,RT @21: We have a new token. There's no ICO. You earn tokens just for signing up. And it works even if buying BTC is banned. https://t.co/P…
906215577940664320,2017-09-08 18:00:05,RT @vzaliva: Tezos (blockchain in OCaml) architecture. #icfp2017 #ocaml workshop https://t.co/nH1MuL7OJQ
905839952084291584,2017-09-07 17:07:28,"RT @zooko: “Interviewer: What are…most interesting to you (beyond bitcoin and ethereum)?

@balajis: ZCash, Tezos, Filecoin.”—https://t.co/A…"
903701690502660096,2017-09-01 19:30:47,"RT @laurashin: Bloomberg, WSJ Covered Exio #Coin, But Didn't Notice It Plagiarized From Hot #Token @tez0s  https://t.co/mT6hysAM1i"
903085315132334080,2017-08-31 02:41:32,RT @srolondon: Palo Alto: @tezos presentation by @ArthurB &amp; @_jillruth - technical &amp; biz dev progress to date #blockchain #crypto #future h…
901309611189338112,2017-08-26 05:05:31,RT @_jillruth: Bitcoin Sign Guy is now Tezos Sign Guy https://t.co/GtnayTHqLc
900564344391385090,2017-08-24 03:44:06,"RT @TezosCommunity: Episode 2 of Tezos Today! Features Milo Davis, Tezos Dev with the @tez0s team.  https://t.co/8fd2xWP38f https://t.co/BI…"
899111427331338241,2017-08-20 03:30:43,Join the Silicon Valley Tezos Meetup on 8/30 https://t.co/t9h66Q10IF
898282743586406400,2017-08-17 20:37:50,@danrobinson @Beautyon_ What Dan unfortunately didn't learn was how to confirm the biases of thousands of Bitcoin enthusiasts 😉
895978692005904384,2017-08-11 12:02:21,"RT @alexadelman: With $232M in ICO funding, Tezos launches a $50M VC fund where they'll invest through other VCs &amp; directly.

The times the…"
895728824519753728,2017-08-10 19:29:28,RT @_jillruth: Couldn't be more thrilled to be aboard team @tez0s https://t.co/ff5SA5tAvN XTZ🚀🌖
894606315657482240,2017-08-07 17:09:01,Hard forks and contract hacks – Tezos aims to solve blockchain's problems https://t.co/Lrs2CpxzXR via @IBTimesUK
894570190607859712,2017-08-07 14:45:28,RT @ljxie: A beginner's guide to Tezos https://t.co/yQZh0QCizt
890738273361973249,2017-07-28 00:58:48,Making Bitcoin work better https://t.co/jNCmnnI0YZ via @TheEconomist
890317416319795200,2017-07-26 21:06:28,@adamludwin @paul_btc Adam is right. The insight of Tezos is that a blockchain is ultimately a coordination technology.
890258787046612992,2017-07-26 17:13:29,"@dentacoin @KathlenBreitman @tezos @techonomy Funny, your advertising chose to emphasize a different point. https://t.co/dzn9q9e8fT"
885821214228439041,2017-07-14 11:20:09,@ryan_grambling @LouisDarmonie Contact at tezos dot CH is the right place to direct your questions.
885073526583066624,2017-07-12 09:49:07,Nice #Tezos shout outs in the first two talks I attended at #TOA17
882635489911504896,2017-07-05 16:21:14,@adriancolyer @zmanian The Tezos row is very wrong.
881178863379685376,2017-07-01 15:53:07,"@Legaleagle26 Hey, best to kick that concern over to Ross. He's been fielding lots of Qs on Reddit/r/tezos where ot… https://t.co/nDsFjTLwGf"
881038987510468609,2017-07-01 06:37:18,@CryptoCoining @don_dimis @tez0s But every tx must be over .1 BTC
881035640392908801,2017-07-01 06:24:00,RT @octal: Congratulations to @breitwoman and @arthurb and the team from @tez0s for successfully launching Tezos tonight! Several years of…
881012712892846082,2017-07-01 04:52:53,This is the only Tezos account. Accept no imitations. https://t.co/oDICvG9rIL
879388176514666496,2017-06-26 17:17:34,Traversing Europe's Stellar Tech Firmament - Techonomy https://t.co/H3bEVvtpW7 via @techonomy
876820671048945665,2017-06-19 15:15:13,@tasha_jade Primarily because Tezos sounds like a local small business... Case in point https://t.co/laLe9rRknl
874674806326788096,2017-06-13 17:08:19,RT @laurashin: Why Digital Currency Group's Meltem Demirors Is Concerned About The #ICO Craze https://t.co/2pDj9yYjaC #ethereum #etc @DCGco…
871794232796651524,2017-06-05 18:21:56,@SuMastodon Was it the Decred one by chance? This paragraph has apparently confused many people 😀
866447679085096960,2017-05-22 00:16:39,RT @tez0s: REMINDER: the Tezos foundation's fundraiser will *NOT* be on the 22nd (see https://t.co/38c30Uam9l) but in June. Beware of phish…
866374610937303041,2017-05-21 19:26:18,"@AdamDraper She has the perfect risk profile for Bitcoin: long term horizon, not much to lose."
865665649095266306,2017-05-19 20:29:08,"RT @tez0s: A quick tour of the Tezos code base, and the state of its development

https://t.co/GID8b2rrir"
864263249151184897,2017-05-15 23:36:30,I say nice things about Bitcoin... 'Bitcoin ransomware demand shows criminal links are hard to shake' https://t.co/52KuMgYl7a
861514802514063360,2017-05-08 09:35:09,"Wow, a story about Tezos was picked up in the NYT https://t.co/uym40oJTEf"
859887521366384640,2017-05-03 21:48:55,"@dwr @bramanathan I would be happy to tell you about Tezos. We think our auto upgrades, amendable gov model, and fo… https://t.co/K9ThabovMv"
857273245346668544,2017-04-26 16:40:43,@BKBrianKelly We still have to revisit the gold bitcoin idea!
855139137157947392,2017-04-20 19:20:32,RT @laurashin: Why #Bitcoin's Greatest Asset Could Also Spell Its Doom https://t.co/dkPVJjndAW #cryptocurrency #hardfork #blocksize
854718338466947072,2017-04-19 15:28:26,RT @ArthurB: “Scaling Tezos” (In which we do not pursue sharding as a scaling technique) https://t.co/mdl4rjAVV9
853301712697921537,2017-04-15 17:39:16,"@marykissel It's the natural outcome of straddling left and right. But while Fillion (r) would be somewhat better,… https://t.co/sHln9FhSQa"
852018570229817344,2017-04-12 04:40:31,"@coin_artist @tez0s It's​ a variation on the original boscoin post, which didn't mention Decred"
850066123806523392,2017-04-06 19:22:12,@bramanathan We aimed to have the cutest name when we settled on Tezzies
849805477730934785,2017-04-06 02:06:29,"RT @tez0s: A good footnote from our original position paper. #bitmain #bitcoin

https://t.co/p7a0CbBQdX https://t.co/NmTEubYTpf"
849280852848758788,2017-04-04 15:21:48,"""But how does Tezos compare to..."" https://t.co/0hGqPKgWJ6 https://t.co/cgx4Fn4W2S"
849065394681917443,2017-04-04 01:05:39,"RT @tez0s: Excellent interview of Olaf Carlson-Wee by @a16z  (with a Tezos shout-out at 17 min).

https://t.co/dB03Za3EK5"
848978570324180994,2017-04-03 19:20:39,"@dgwbirch @iang_fc Once I get Tezos up and running, I will have no trouble spending all my time talking about how awesome it is :-)"
848686892631588866,2017-04-03 00:01:37,"@Melt_Dem Tbc, Tezos will have conferences too but we will have no pretense that they are productive or meaningful"
846210809462059008,2017-03-27 04:02:33,OT72: Commentaschen https://t.co/Hq9GODvuqH yay for Tezos mentions?
846058996817539072,2017-03-26 17:59:18,"RT @stevenstrogatz: Nice article about the history of logic in math and computer science: How Aristotle created the computer, by @cdixon ht…"
846051079749943296,2017-03-26 17:27:50,@ClayCollins It's definitely the most sophisticated Bitcoin fork out there 😁
845786909787906048,2017-03-25 23:58:07,"@SpirosMargaris, @chrshmmmr should check out Tezos! We push upgrades to the network upon their acceptance from a majority of token holders"
844576885291966464,2017-03-22 15:49:55,RT @ArthurB: I just published “diff 2014/tezos 2017/tezos” https://t.co/zwIUBs7bb8
843864558439608320,2017-03-20 16:39:23,@zooko I wear my Tezos t-shirts to the gym and it has yielded four more people on our mailing list!
841335059743358976,2017-03-13 17:08:04,RT @dafrankel: We talk a lot about this @fcollective: Today’s tech themes are poor predictors of tomorrow’s hot startups. https://t.co/iMUD…
840379590476406786,2017-03-11 01:51:22,RT @ReformedBroker: Bitcoin ETF denied. Not sure why if we’re allowing people to people to issue leveraged commodity ETNs.
839149250852212736,2017-03-07 16:22:26,RT @laurashin: Why This #HedgeFund CEO Once 'Put Most Of My Meager Life Savings Into #Bitcoin' https://t.co/JTdkLhBxva #cryptocurrency #inv…
838512566963859456,2017-03-05 22:12:29,"@ChristianPeel that's a good policy but we were directly asked if they were similar to Tezos, so I had to read the stupid thing. #headdesk"
838448328706662401,2017-03-05 17:57:13,"Current state of #qtum: 30 page ""white paper"" with literally two pages on ""tech"", rest on crowdsale. I give up. https://t.co/9EUg27N3tZ"
837684127088300032,2017-03-03 15:20:33,"RT @Melt_Dem: today @breitwoman talks abt #bitcoin, the challenges she sees for private #blockchain, and her new project @tez0s 

https://t…"
836599275467386880,2017-02-28 15:29:45,"RT @TheControI: Just published “The Governance of Blockchains” featuring @bitcoin, @ethereum, and @tez0s: https://t.co/fjIlpMWk7y"
834085086496559104,2017-02-21 16:59:15,RT @laurashin: This Is The World's First #Cryptocurrency Issued By A #HedgeFund https://t.co/33gMrvkiC3 #bitcoin #ethereum #finance
833331103360442368,2017-02-19 15:03:12,"@zmanian @rhmv0 omg, gingerism at its worst! Well I hope we actually meet one of these times 😁"
832770183181643777,2017-02-18 01:54:18,"@Melt_Dem quality matters more than quantity, a key value of the Tezos project 😀"
832739197156888577,2017-02-17 23:51:10,RT @ArthurB: I just published “Polychain hedge fund embraces Tezos” https://t.co/UIPFuNEt2q
831199843041226753,2017-02-13 17:54:20,RT @WIRED: The hedge fund world might be on the verge of a new revolution—and AI and Bitcoin are driving it https://t.co/sDXEpVn6YD
828743440250892288,2017-02-06 23:13:28,@EdanYago Bitcoin Suisse
827957610263539712,2017-02-04 19:10:51,"RT @tez0s: Tezos dev @KlakPlok presents Michelson for typed smart contracts at the @Stanford_Cyber #blockchain conference. 
https://t.co/FU…"
825153740436955136,2017-01-28 01:29:16,@SatoshiLite can you give a brief description of the difference btwn decred's governance and dash's... and tezos?
825037273729110016,2017-01-27 17:46:29,"RT @acastor5: ""We need to push forward into more adaptive networks, like what Ethereum, Stellar and Tezos are doing."" @juanbenet"
824682844865720320,2017-01-26 18:18:06,".@angela_walch making a great, if inadvertent, pitch for Tezos 😀 https://t.co/VF54zvdmHX"
821430530025525248,2017-01-17 18:54:34,"If you're in the SFBA, please consider popping by this event: https://t.co/t1AEq7Z3dC I'll be presenting #Tezos"
820074731768410112,2017-01-14 01:07:06,@NeerajKA I guess this will be my fallback if BTC dips below $400
818862372609634304,2017-01-10 16:49:38,RT @laurashin: What Is One Of The World's Largest Derivatives Exchanges Doing With Bitcoin? @Forbes https://t.co/n4tN1Qk9YA
817431934670278656,2017-01-06 18:05:35,Bitcoin will never be a currency - it's something way weirder https://t.co/t3xPbadECu via @WIRED
816418647002464257,2017-01-03 22:59:08,What Experts Are Predicting for 2017 in Bitcoin and Blockchain Tech https://t.co/ogYZQ6aY0b including a quote from yours truly 😀
812693085721333760,2016-12-24 16:15:05,RT @tez0s: Completely agree. It's crazy to see the amount of efforts around #Bitcoin whose only raison d'être is the inability to upgrade t…
808401351411634177,2016-12-12 20:01:16,"The coolest part about this for the BTC community is that Richard is not terribly ideological, he's pragmatic. https://t.co/eVQYpmzyRP"
808316740966891520,2016-12-12 14:25:03,RT @laurashin: A new hedge fund investing in #bitcoin #ethereum and other #cryptocurrencies gets $10 million from top #VC firms https://t.c…
808315048322011136,2016-12-12 14:18:19,"RT @WIRED: 7,500 faceless coders paid in Bitcoin built a hedge fund's brain: https://t.co/NPq1YD9hcr"
807000128506589185,2016-12-08 23:13:18,"My shower thoughts on ""blockchain, not Bitcoin"" https://t.co/6wKd3gRkDL"
803691849743372289,2016-11-29 20:07:23,"@ArthurB @Beautyon_ @nwoodfine more generally it's hilarious to have engineering criteria evaluated in moral terms, but such is btc land"
803045954525876224,2016-11-28 01:20:50,2/3 but BTC is a living breathing thing. inviting comparison between yet-to-be-developed and existing solutions is bad mktng.
803045478732439552,2016-11-28 01:18:56,"1/3 armchair thought leadership (is there any other type?): ""blockchain not BTC"" was a silly idea. there's promise in private blockchains,"
803035380907798528,2016-11-28 00:38:49,@Frances_Coppola And token holders rule in Tezos (plug).
803032370194436096,2016-11-28 00:26:51,"@Frances_Coppola ETH's ideological gfather might b Frank Ghery. Their structures manage to stand because of committed, masochistic engineers"
803015960185610240,2016-11-27 23:21:38,"@Frances_Coppola @CryptoCoinsNews @izakaminska William Jennings Bryan, the ideological grandfather of Bitcoin maximalists"
800715593775099904,2016-11-21 15:00:48,"@jjmstark many systems merely aggregate votes and have little means of enforcement (like TheDAO, Dash). We think that's weak value prop"
800031097924898816,2016-11-19 17:40:52,@joelcazares You can donate in BTC though. Weird
799389907055624192,2016-11-17 23:13:00,"I want to order business cards that read Katherine Breitman, la Jefa de Operaciones de Tezos. https://t.co/UhXGW0flEC"
799354545520283648,2016-11-17 20:52:29,"RT @socrates1024: Tezos has explicit built-in governance, while Bitcoin's is the most implicit, and Ethereum is somewhere in between"
798398797290278914,2016-11-15 05:34:41,"Tezos, l'avenir de la Blockchain https://t.co/lCtvkDg3VZ via @Contrepoints"
798377732681801728,2016-11-15 04:10:59,@angela_walch we are thinking of launching  Tezos Classic to beat people to the punch
797097965315702784,2016-11-11 15:25:38,RT @IanAllison123: Tezos talks about its self-amending #blockchain https://t.co/nld6s4gN21
796060712980201472,2016-11-08 18:43:58,RT @bswud: Pre-1797 Venetian elections for the doge had the coolest processes ever https://t.co/gojqnP0QZI https://t.co/0ibbtRGkDH
793890904943714304,2016-11-02 19:01:56,A bit about our philosophy on App Coins and Tezos https://t.co/5J67c1zwI5
793257256682790912,2016-11-01 01:04:02,"RT @dealbook: Zcash, a Harder-to-Trace Virtual Currency, Generates Price Frenzy https://t.co/wO9l6hE8UH"
792603920786796545,2016-10-30 05:47:55,"RT @ArthurB: #zcash, now in chocolate coins. Huge kudos to @zooko and his team for an amazing feat of applied cryptography. https://t.co/gL…"
791374534947446784,2016-10-26 20:22:46,ZCash Will Be a Truly Anonymous Blockchain-Based Currency https://t.co/rdR3vHpBe2 Another great piece by @morgenpeck
790847856592556032,2016-10-25 09:29:56,"RT @tez0s: .@breitwoman and @ArthurB will be discussing #Tezos at the Hacker Dojo on November 06 at 6:00pm

https://t.co/sZYLqvJNhX"
787124963165609985,2016-10-15 02:56:29,RT @socrates1024: Joi Ito talking about zcash https://t.co/v4HtI24WwC and the importance of selective privacy
786650488523542528,2016-10-13 19:31:06,"@NTmoney We would love to tell you more! I see we live in the same area, please feel free to email me: kathleen [at] tezos [dot] com!"
785503595596611584,2016-10-10 15:33:45,"RT @tez0s: Happy to report that, as of today, @breitwoman will be working full-time on the public network release of #Tezos!"
781599041935278082,2016-09-29 20:58:27,"RT @rdicosmo: Do you know Tezos? It's the next step in cryptocurrencies, and it's written in @OCamlLang! Learn OCaml at @ocamlmooc https://…"
778791636448849920,2016-09-22 03:02:50,"RT @Melt_Dem: sharing my slides and thoughts from my ""Future of Money"" (aka #bitcoin) talk, please share ideas and feedback!

https://t.co/…"
778219004708003841,2016-09-20 13:07:23,"RT @whitequark: it's written by a few OCamlPro folks, so I at least know they have language design sorted out, unlike Eth*reum"
778218981039550464,2016-09-20 13:07:18,"RT @whitequark: Tezos, a cr*ptocurrency designed from start to avoid the recent problems in B*tcoin and Eth*reum https://t.co/LiPKIzGVS5"
777576745146855424,2016-09-18 18:35:17,"RT @strangeloop_stl: I added a video to a @YouTube playlist https://t.co/1i8TmY1H61 ""Tezos, decentralized cryptographic governance through…"
776209941799448576,2016-09-15 00:04:06,"RT @ArthurB: ""If you’re baffled by how bitcoin actually works, you’re not alone.""

Indeed, so is @KPMG 

https://t.co/L3IPnKQ6NK"
774094953974599680,2016-09-09 03:59:53,RT @zooko: Excited about this! A cryptocurrency/blockchain/whatever-you-call-it with hot-pluggable protocols. https://t.co/cdZOCv1WZD
772865941264740352,2016-09-05 18:36:14,@el33th4xor Blockchain is simply the name we give to the things we choose to do together
769577665095307265,2016-08-27 16:49:48,"@Jon_Hartley_ @WSJ I also wonder if @krogoff would be interested in a central bank digital currency, like what we've seen from BOE, etc."
769214824177807361,2016-08-26 16:48:00,RT @i_protus: Tezos in Zug. Perhaps you want to join the presentation: https://t.co/YtGWGiatdw
762465089228120065,2016-08-08 01:46:57,"@acityinohio maybe 6 months ago, all these ETH gains have spruced everyone up"
759204081026076672,2016-07-30 01:48:52,"@breitwoman Like, at least look into some of the great work being done by academics/devs in Ethereum/Bitcoin to present the full story"
757649312222355457,2016-07-25 18:50:47,"@EdanYago @verge I'd be curious to read a post about that. TBH, I haven't had the time to gather info and draw my own conclusion."
751096291258605568,2016-07-07 16:51:25,RT @ofnumbers: our apartment property manager is celebrating Bitcoin #halvening by permanently paying the security guard 50% less to do the…
746172701023174657,2016-06-24 02:46:49,@ArthurB name calling is a pretty standard tactic employed those who can't construct arguments
745073617155686401,2016-06-21 01:59:27,I rec this version of the @epicenterbtc interview on #tezos to avoid distraction from the interviewee's good looks: https://t.co/ilrgshK0iG
745034639719309312,2016-06-20 23:24:34,RT @epicenterbtc: NEW! We’re joined by Arthur Breitman to discuss #Tezos and its mechanism for cryptocurrency governance @ArthurB https://t…
744926285269393408,2016-06-20 16:14:01,"RT @ArthurB: Why do smart-contract languages matter? Well, for one, CPS makes #ethereum like recursive call bugs evident. #tezos
https://t.…"
744398928947228672,2016-06-19 05:18:29,RT @mdowd: Next iteration of Ethereum should allow you to embed Flash videos in contracts. Because why not?
744237483571830784,2016-06-18 18:36:58,"RT @EdanYago: Why, if we fork, we destroy Ethereum forever. 

https://t.co/LujWNLghyZ"
743821899646406656,2016-06-17 15:05:35,"RT @ArthurB: And THAT's why, you always use formal verification. #TheDAO #tezos"
743272504387477504,2016-06-16 02:42:29,"3 potential downsides for ETH: broader attack surface, managing transition to proof of stake, decentralizing corp law - Balaji (paraphrased)"
740659316642832384,2016-06-08 21:38:36,"I'd like to thank AmEx for introducing new levels of confusion to the cryptocurrency dialogue with ""The Bitcoin"" https://t.co/jvK3bK0QLG"
738089864428589056,2016-06-01 19:28:31,RT @ziklagintheair: R3 Publishes Vitalik Buterin Report on Ethereum for Banks https://t.co/pLhYzeUlYI via @CoinDesk @breitwoman
737357331894145024,2016-05-30 18:57:42,"If #Bitcoin was how Reddit relearned last 1,000 yrs of banking, then #TheDAO is the way others learn about last 200 yrs of corp governance"
736038080340066304,2016-05-27 03:35:27,RT @ArthurB: I'll be giving a talk about #Tezos at #strangeloop this September! It seems appropriate given that Tezos literally *is* a stra…
734106024303431680,2016-05-21 19:38:09,RT @ArthurB: Fact: Dr. Craig Wright translated the #Bitcoin source code from golden plates brought forth by the angel Satoshi. It was in CO…
733125009246392320,2016-05-19 02:39:57,"RT @ArthurB: If you're interested in #blockchain, #OCaml, or #Ethereum check out our demo at the Silicon Valley #Tezos meetup. https://t.co…"
730086352344125440,2016-05-10 17:25:25,RT @ArthurB: Automated note issuance in #tezos replicates #ripple routing logic but gives the issuer much finer control in how credit is ex…
728728431471562752,2016-05-06 23:29:31,"RT @ArthurB: From now on, I will be leading development of #tezos, the self-amending ledger envisioned and created by @l_m_goodman"
727620079802798080,2016-05-03 22:05:20,"""Bitcoin has a governance problem."" - @paulvigna. I'll say. https://t.co/74CfsgETwO"
720061962915332096,2016-04-13 01:32:04,Oh goodness. I assumed this had to do with #xrp 's legal status. https://t.co/h0JZDLyfrf
717512695398981632,2016-04-06 00:42:11,@Melt_Dem Happy that you approve of the name!
715631053856235520,2016-03-31 20:05:13,RT @etekis: Great discussion on bitcoin and blockchain technology at @Columbia_Biz with @Melt_Dem @RyanZagone @kathleenbreit https://t.co/C…
708028798017662977,2016-03-10 20:36:34,The best title I've ever written. Colored Coins: Bitcoin’s Specter Haunts Capital Markets https://t.co/oshVyXyy2s
705429594023858176,2016-03-03 16:28:16,#blockchain is simply the name we give to the things we choose to do together. https://t.co/DIqzaz1kKg
699805995900473344,2016-02-17 04:02:05,@notgrubles @juhamac bc I cite Ethereum in my discussion on dealing w smart contracts in decentralized systems
697169721167372288,2016-02-09 21:26:28,"RT @ArthurB: What passes as cutting edge #blockchain technology in finance is often a half-baked, bug-ridden, poorly thought #bitcoin fork:…"
689984286909452289,2016-01-21 01:34:07,"“Zcash is an important project being worked on by a very talented team.” — Nick Szabo, inventor of Smart Contracts and BitGold; not Satoshi"
689870105744900096,2016-01-20 18:00:25,RT @zooko: Announcing the Zcash project: https://t.co/8Rfc5NAL1C
