id,created_at,text
1129083572244033538,2019-05-16 17:57:55,"It’s my personal opinion that “1 token: 1 vote” is critical to the continued integrity of #EOS, by ensuring block p… https://t.co/9IYo5V7zTa"
1128654728206979075,2019-05-15 13:33:51,"First investors buy, then they talk. #Bitcoin is about to get loud."
1127058491909140480,2019-05-11 03:50:58,"RT @BrendanBlumer: @scottcarat @BitsFromHeaven @ethereumJoseph @AlethioEthstats @ChrisCCrowley @novogratz Also, #EOS producers are elected…"
1127058407561748480,2019-05-11 03:50:38,"@scottcarat @BitsFromHeaven @ethereumJoseph @AlethioEthstats @ChrisCCrowley @novogratz Also, #EOS producers are ele… https://t.co/tLsR9pZLAl"
1124455398021316608,2019-05-03 23:27:12,@C3_Nik If there were metrics and frameworks that proved my opinions then Bitcoin would be much more expensive than… https://t.co/DAphTb0IIw
1124439090701594624,2019-05-03 22:22:24,"@EOS_WILL_BE_1ST Liquidity and global awareness. #EOS does not compete with #Bitcoin, it’s a high performance distr… https://t.co/KNUvEMXFXB"
1124437443308974080,2019-05-03 22:15:52,#Bitcoin risk vs return ratio has never looked better
1123736035760984065,2019-05-01 23:48:43,"RT @eosnewyork: Today, EOS reduced the cost of development resources by 99.9% leveraging the new resource exchange (REX). The pace of progr…"
1123246513386184704,2019-04-30 15:23:32,"@Ashe_Oro Few differences:

#EOS can handle all governance costs with less relative inflation than the USD, because… https://t.co/AMBZmPDtWk"
1123202117781430272,2019-04-30 12:27:07,"@Sadovskyi_Alex @scottcarat @elonmusk @VitalikButerin #EOS has an unlimited number of validators as well

#ETH has… https://t.co/Y7QXcSNB2E"
1122336248662646784,2019-04-28 03:06:28,"RT @Panama_TJ: My favorite answer to: WHAT IS BITCOIN?

By @valkenburgh. https://t.co/np7hlA8y9r"
1120911171081478144,2019-04-24 04:43:43,@twobitidiot We understand these concerns. This is in our view just a timing issue as we work to find the right rep… https://t.co/PaDkyTV0lI
1120910939685920768,2019-04-24 04:42:48,@ColinTCrypto @CypherglassBP @EverythingEOSio @finchify @block_one_ @eos @crypto_adri #2 We understand these concer… https://t.co/ScvIvEmqLn
1120285174506213378,2019-04-22 11:16:14,"@AdamDorfman00 @rushingdallas @peos_one @monero Yes, but it can create a socially-driven domino effect of changes to ""best practices"""
1120248878681321472,2019-04-22 08:52:00,"@shawnha06143336 #Bitcoin, #EOS, and #Ethereum are all evidence. 

As people have more product alternatives now tha… https://t.co/lv7As5vZ7Y"
1120174958280183808,2019-04-22 03:58:16,@AdamDorfman00 @rushingdallas @peos_one @monero The regulated application of KYC/AML to crypto currencies will spli… https://t.co/3m4WPqrj7y
1119865630092595200,2019-04-21 07:29:06,"@rushingdallas @peos_one @monero Right now their intensively defended by privacy enthusiasts, but they’ll increasin… https://t.co/dqmqrQPtGP"
1117588835339096065,2019-04-15 00:41:56,RT @danheld: The world has an unlimited supply of fiat to buy a limited supply of 21M Bitcoin.
1117433348404600833,2019-04-14 14:24:05,"RT @BrendanBlumer: @sbmeunier #Bitcoin is a better store of value than anything that has existed before, and is on course to replace Gold a…"
1117433324991946752,2019-04-14 14:24:00,"@sbmeunier #Bitcoin is a better store of value than anything that has existed before, and is on course to replace G… https://t.co/kkiWrposDN"
1117413791023558656,2019-04-14 13:06:22,This article succinctly explains why B1 decided to abstain from making any formal recommendations on #EOS public… https://t.co/t3YU542Dkk
1116936797051768834,2019-04-13 05:30:58,Couldn’t ask for a better partner. #EOS https://t.co/vROwjadUNn
1116873076010917888,2019-04-13 01:17:46,RT @JohnnyMkool: #EOS - a blockchain where you actually have a say in what happens.. not just sitting around waiting for the ”core develope…
1116867973426192384,2019-04-13 00:57:29,#EOS can unleash #Bitcoin and make it more decentralised than ever
1116841792870031360,2019-04-12 23:13:27,"RT @simoncase78: @BrendanBlumer Agree 100%

#eos can now move forward with a governance model we can all work with.

And for those who want…"
1116823119249887232,2019-04-12 21:59:15,Congratulations #EOS 🎉... a huge milestone that paves the way for rapid progression of both performance and decentr… https://t.co/3XujYylKFo
1116367331565817856,2019-04-11 15:48:07,"RT @ColinTCrypto: I can barely keep up with other coins because I'm so immersed in EOS.

It's pretty amazing that I can regularly do large…"
1115479822950494210,2019-04-09 05:01:29,"“#Blockchain will do to the banks and law firms what the internet did to media, and #Bitcoin is the killer applicat… https://t.co/pMRHdHC7JA"
1115255565582647296,2019-04-08 14:10:21,#Bitcoin Will Become The Largest Store Of Value In The World Says https://t.co/IaNK8hWLo7 CEO https://t.co/oX7kheNgvD
1115154674879881216,2019-04-08 07:29:27,"@alistairmilne @BitcoinErrorLog I’m very bullish on #Bitcoin, but I’m also real with its limitations; it’s not eith… https://t.co/9bcZ0fddZS"
1114744130670718976,2019-04-07 04:18:06,"#EOS transactions complete in one second, allowing you to build decentralised applications with real-time responsiveness"
1114740212221927424,2019-04-07 04:02:32,"@Iamhifisoft At current price levels, #EOS costs about 150,000 USD per day, compared to Bitcoin’s 9,000,000 USD dai… https://t.co/FffTsnHYNc"
1114691702785069056,2019-04-07 00:49:46,"What if #Bitcoin could flow onto #EOS and transact nearly free and nearly instant, while becoming programmable and scalable"
1114691415584296960,2019-04-07 00:48:38,"The #Bitcoin network currently costs 1800 BTC to “secure” 360,000 transactions each day, or 25 USD per transaction,… https://t.co/pYwfrS3EW4"
1114687165525401600,2019-04-07 00:31:44,"@vakeraj @DigitalChamber I love #Bitcoin too, but that won’t make it fast or cheap

Bitcoin has everything it needs… https://t.co/ovu59yPSc9"
1114437575802884096,2019-04-06 07:59:57,#EOS doesn’t offer free cars; it offers a better foundation to run society
1113598868870946816,2019-04-04 00:27:14,"RT @MaxDapp: Lot's of you guys in the community are in this video! 
The EOS Cinematic - Excitement For EOS Is Growing
https://t.co/q4UrcCTo…"
1112958983659171840,2019-04-02 06:04:34,RT @bytemaster7: https://t.co/xGTQkKURcs   In the future most #bitcoin will transact as a token on faster networks like #eos while being ba…
1112636531246858240,2019-04-01 08:43:15,"Don’t worry #gold, #Bitcoin will leave some use cases for you https://t.co/coRWeCUJUZ"
1111481507372138496,2019-03-29 04:13:36,"“#EOS accounts for 48% of all active dapp users” in just 10 months; congrats crew 

https://t.co/M9yLpMz3h4 via @technology"
1110745189423837186,2019-03-27 03:27:44,"@bittybitbit86 As I mentioned, #EOS is the most resistant to plutocracy

And yes, a coordinated government attack c… https://t.co/fpnWngeQhv"
1110637815149281283,2019-03-26 20:21:04,"RT @eosnewyork: We don't pay attention to ratings much but @CoinMarketCap, #CCID, and @WeissRatings have all placed #EOS at #1, and @Bancor…"
1110494623628038144,2019-03-26 10:52:04,@cryptobeaker @novogratz @block_one_ This year our focus was stabilizing the #EOS codebase and making responsive ad… https://t.co/ofaZyfRGC7
1110161732956127232,2019-03-25 12:49:17,"@lawmaster @twobitidiot Yes, bitcoin doesn’t compete with fiat currencies, it competes with #gold.

Policy will be… https://t.co/418u7c3z99"
1109313461685620736,2019-03-23 04:38:33,"RT @digifinex: Crypto Daily: 
• #China’s resurgent stock market is seeing profits flow into #Bitcoin;
• Bitcoin won’t scale because it does…"
1108665046903783424,2019-03-21 09:41:59,@CryptoDuck9 Then they’re investing; it costs roughly a #BTC to mine a BTC
1108563555622637568,2019-03-21 02:58:42,"#Bitcoin is sustaining more than 200m USD of sell pressure per month from mining inflation, and still climbing... t… https://t.co/NIBku5ekNx"
1108516355513303040,2019-03-20 23:51:09,"#Blockchain identity will bring content integrity and social accountability. #juneiscoming

Ripple (XRP) Army A Man… https://t.co/cnqomRV7z6"
1108246968411652097,2019-03-20 06:00:42,"@invest_block Just a lack of infrastructure around it; once you can hold #BTC on #EOS, innovation compounds and division subsides"
1108241638021722112,2019-03-20 05:39:31,#Blockchain will turn everyone into their own bank. #BTC #EOS #ETH #XRP #LTC #BCH #BNB #XLM
1108143161958789120,2019-03-19 23:08:12,Fundamentals are the future. Congrats #EOS; thanks @CoinMarketCap https://t.co/UhnlwJ6ET1
1108133712942620672,2019-03-19 22:30:39,"@oscarzhao8 @shawnrmoss #EOS has even less inflation than #BTC, and will likely become deflationary or stake-yieldi… https://t.co/s0nGFMmUzm"
1107610589927337985,2019-03-18 11:51:57,@AusCryptoTim @bytemaster7 The integration of #Bitcoin with the existing financial system that everyone has been wa… https://t.co/4uuPbtmdtX
1107581298728562689,2019-03-18 09:55:34,"In the future, a #Bitcoin ‘s worth will be determined by its coin-specific history"
1107091965479260160,2019-03-17 01:31:08,@Ashe_Oro @whatabute #Bitcoin won’t scale because it doesn’t need to
1107090964424777729,2019-03-17 01:27:09,"Over time, #Bitcoin will split into a “dark” and ‘light” pool; one psuedo anonymous, and one fully identified."
1107089139277520896,2019-03-17 01:19:54,"@Ashe_Oro Most of the activity will flow to scalable layer-two solutions, but Bitcoin’s awareness and liquidity will continue to compound"
1107079971091046401,2019-03-17 00:43:28,"Over the next two decades, #Bitcoin will replace #gold as the leading commodity to store value"
1106880390591963141,2019-03-16 11:30:24,B1 Chairman and his #EOS chairs https://t.co/gwjY1a4daQ
1106023627110010882,2019-03-14 02:45:56,"RT @BrendanBlumer: @r32a_ @APompliano @blockdata_tech @jpknegtel 1815 new #Bitcoin are paid to miners each day to process a maximum of 260,…"
1106023487292891136,2019-03-14 02:45:22,@r32a_ @APompliano @blockdata_tech @jpknegtel 1815 new #Bitcoin are paid to miners each day to process a maximum of… https://t.co/Hgt4gYDH21
1105978537306193922,2019-03-13 23:46:46,@APompliano @blockdata_tech @jpknegtel #Bitcoin costs are socialized amongst token holders through #BTC inflation p… https://t.co/Lq1IqYOak6
1103861805816995840,2019-03-08 03:35:37,Pay to play just became play for pay #tokenize #everything on #eos
1103859714327236608,2019-03-08 03:27:19,"RT @ColinTCrypto: https://t.co/lNAbYxUQse CEO @BrendanBlumer speaks at 2019 Blockchain Summit about EOS.

https://t.co/u3jI37zQff"
1103834809267183616,2019-03-08 01:48:21,"RT @ColinTCrypto: Why I’m more bullish about EOS than Ethereum, summed up in one image.

Thanks @karencarrens for sharing.

@finchify @Cyph…"
1103553072092139523,2019-03-07 07:08:50,"RT @bensig: Visualized comparison of network hashrate distributions between $EOS, $ETH, and $BTC. https://t.co/CjgKQhWD4o"
1103553021181657088,2019-03-07 07:08:37,@bensig And #EOS nodes can be removed by the token holders at any time if they don’t feel their best interests are… https://t.co/av89xXz8Ig
1102340767337439233,2019-03-03 22:51:34,"@Daniel__Feldman @eosnewyork @bytemaster7 Don’t worry, the #EOS roadmap didn’t come at the cost of anything else"
1101220438963830784,2019-02-28 20:39:46,"RT @BrendanBlumer: @el33th4xor With all do respect, if #EOS is so poorly designed, why is #Tezos actively trying to hire @bytemaster7 to bu…"
1101219587557937152,2019-02-28 20:36:24,"@el33th4xor With all do respect, if #EOS is so poorly designed, why is #Tezos actively trying to hire @bytemaster7… https://t.co/Mbue29pk2f"
1101215893328183297,2019-02-28 20:21:43,@eosnewyork Great to see #EOS community initiatives like this #decentralizing and moving onto the #blockchain
1101214930257223680,2019-02-28 20:17:53,"RT @BrendanBlumer: @el33th4xor It is by design that #EOS blacklists must be unanimously enforced.

If the same BP had used this feature to…"
1101214881347526657,2019-02-28 20:17:41,"@el33th4xor It is by design that #EOS blacklists must be unanimously enforced.

If the same BP had used this featur… https://t.co/y4tAnJU4SP"
1100578238202400768,2019-02-27 02:07:54,Over the past 3 days I met several companies building revolutionary products on #EOS; the quality of execution team… https://t.co/Yzj3Bt0jHQ
1099345513634119680,2019-02-23 16:29:29,RT @rektkid_: From @BrendanBlumer’s insta: 28 Governors &amp; Trump; Blockchain penetration will come with education. $eos #eosio $btc #blockch…
1099114024552165376,2019-02-23 01:09:38,"RT @go_eos: Tapatalk - a popular Reddit competitor with over 300 Million users to use EOS.

Tapatalk is now introducing the blockchain-enab…"
1098436130951708672,2019-02-21 04:15:56,RT @hodlbrands: There are important things happening on #EOS that the community is missing. This is only one project we all should be resea…
1097582648267034624,2019-02-18 19:44:30,@Ashe_Oro @brandenespinoza I was simply explaining that participating in both #EOS and US territory are both volunt… https://t.co/HT034byH2x
1097417645656293377,2019-02-18 08:48:50,"@AnetaKarbowiak @Ashe_Oro Yes, eos is a token-weighted democracy"
1097415980316278784,2019-02-18 08:42:13,"@Ashe_Oro #EOS token holders that vote for block producers which do not quality for the top 21, still must abide by… https://t.co/orgVgQTdOm"
1094658175805071361,2019-02-10 18:03:41,"@rushingdallas @Ashe_Oro Correct, it’s unfair to say the US can’t inflate their product and #EOS can to pay BP’s"
1094652731741138944,2019-02-10 17:42:03,"Most existing #blockchain projects are not seizing the opportunities in front of them, because they’re focused on r… https://t.co/gGVAjleEci"
1090372175461179393,2019-01-29 22:12:39,"RT @CypherglassBP: Paul Veradittakit from @PanteraCapital gets everything right about #EOS in this editorial piece: 

""But in only 6 months…"
1088990217300656128,2019-01-26 02:41:14,"Most #blockchains will be centralized, but the most important ones won’t be. #EOS"
1087531075474051073,2019-01-22 02:03:08,@Whytepaper 2-3 mining pools can lock your coins too in PoW. #EOS token holders elect their block producers opposed… https://t.co/kElnS60bAQ
1087452311167819776,2019-01-21 20:50:09,"It’s incredible to see #EOS growing like this; the apps, daily active users, transaction numbers and speeds, wallet… https://t.co/DLJQWYXIf7"
1086429172816322562,2019-01-19 01:04:34,Do you vote? #EOS https://t.co/JPacKEWokd
1085599403367383046,2019-01-16 18:07:21,"RT @go_eos: Hi Oldman - from @BrendanBlumer 

1 - “Our team works overtime to meet the needs […] as well as R&amp;D and implementation around f…"
1085580790640070662,2019-01-16 16:53:24,#EOS can reach #consensus on subjective decisions without dividing the community; this enables greater diversity in… https://t.co/4VZ47mlDZ4
1085249010607239170,2019-01-15 18:55:01,RT @stellabelle: PixEOS is in Forbes: https://t.co/AXzyfia9XE #cryptoart #forbes #eos #blockchain @artnome #pixelart #art #gaming #nft @Bre…
1082398219148025856,2019-01-07 22:07:00,Every network must chose allegiance to beneficiaries; #EOS freed token holders from the captivity of miners and I w… https://t.co/91K6G4BLRO
1082368850618970112,2019-01-07 20:10:18,"@EOSZAio 1 #EOS, 1 vote is something I strongly agree with as well"
1082289973854785537,2019-01-07 14:56:52,"#Governance meetings this week at #B1. #EOS community, if you have ideas, thoughts, analysis you’d like to be heard, let’s hear it"
1082081178897793024,2019-01-07 01:07:11,"RT @samstickkz: 6th January 2019 

Most used #Dapp on #ETH vs #EOS #BLOCKCHAIN

#ETH: 1400 users

#EOS: 9500 users

What do you think about…"
1082040008377356290,2019-01-06 22:23:35,RT @BrendanBlumer: @brandonlovejoy Banning rebates eliminates the ability for #EOS BP’s to compete for lower cost delivery of service. This…
1082039103582031872,2019-01-06 22:20:00,@brandonlovejoy Banning rebates eliminates the ability for #EOS BP’s to compete for lower cost delivery of service.… https://t.co/y3xSzNYdMu
1081722555587649536,2019-01-06 01:22:09,The magnitude of long term success of #EOS and other protocols will be largely determined by the community’s  abili… https://t.co/FMmilHsFSy
1081633747252830208,2019-01-05 19:29:15,@tipitbot @CypherglassBP @EverythingEOSio @finchify @block_one_ @eos @crypto_adri This won’t be solved by a specifi… https://t.co/dC6MGEqez4
1081595871593222146,2019-01-05 16:58:45,@Ashe_Oro @ColinTCrypto @CypherglassBP @EverythingEOSio @finchify @block_one_ @eos @crypto_adri We have to spend a… https://t.co/J67z7cra6P
1081595160662814720,2019-01-05 16:55:56,@ColinTCrypto @CypherglassBP @EverythingEOSio @finchify @block_one_ @eos @crypto_adri I agree with you on #1 and th… https://t.co/cQYxgyMafU
1081594803232608259,2019-01-05 16:54:30,@ColinTCrypto @CypherglassBP @EverythingEOSio @finchify @block_one_ @eos @crypto_adri In the meantime our organizat… https://t.co/WPrDeZVxw5
1081594372351758336,2019-01-05 16:52:48,@ColinTCrypto @CypherglassBP @EverythingEOSio @finchify @block_one_ @eos @crypto_adri We continue to work on a mech… https://t.co/ajDooOz6yW
1081273659023654913,2019-01-04 19:38:24,@Expsycho @CetinkayaAtila At the moment they destroy the environmental ecosystem; one Bitcoin transaction is equiva… https://t.co/yPwjIKNzYW
1081269501428142081,2019-01-04 19:21:52,"RT @samstickkz: 4th January 2019

Total Number of transactions on the top 7 #blockchains compared to eos 

1. #EOS: alone had 39,629,891 op…"
1081269012624011266,2019-01-04 19:19:56,"@block_10x @javisobr In both #EOS and #BTC change is determined by the producers/miners, so voting for BP’s is in f… https://t.co/6mIZGxb8Vv"
1081234418126278656,2019-01-04 17:02:28,"@block_10x @javisobr Fighting can be healthy competition and all blockchains are evidence of this, both ETH and BTC… https://t.co/DWd4AP2VK3"
1081214361027276800,2019-01-04 15:42:46,"Proof of work is taxation without representation. #EOS is a token-weighted democracy

https://t.co/Yeo8J3EObN"
1081214283155877888,2019-01-04 15:42:27,@javisobr This is incorrect; control in #BTC and #ETH is bought with electricity and hardware which gets cheaper as… https://t.co/pyswwpOTOv
1081210962600841216,2019-01-04 15:29:16,"@javisobr Let’s not kid ourselves. 2-3 mining pools in #BTC and #ETH can shut down the network , fork the network (… https://t.co/qPDqSZu2L4"
1081204052266909701,2019-01-04 15:01:48,#EOS can scale #Bitcoin
1080813860578197504,2019-01-03 13:11:19,"@atticlab_it @simoncase78 All consensus algos are voting machines, it’s just a matter of who votes; some networks r… https://t.co/E1liRCIWlG"
1080588698297655296,2019-01-02 22:16:36,@whatabute It comes from the inflation that is already paid to BP’s if BP’s are willing to rebate. It embraces an R… https://t.co/zVIfyQUbmB
1080541661220880384,2019-01-02 19:09:42,"If #EOS voter rebates go to all voters equally despite who they vote for, a voter can chose to elect a higher cost… https://t.co/A1FsbK7ZYV"
1080174507380301824,2019-01-01 18:50:45,"@Ayaqo0 You get it, no network is cartel proof but #EOS is the most resistant and they can be ousted at anytime by the voters"
1080166673502466048,2019-01-01 18:19:38,@adrianbye Eos is not Tron; this simply brings the same aggressive competition of operational cost efficiency that… https://t.co/5RIPqmtmHX
1080164179091193857,2019-01-01 18:09:43,The #EOS community should consider the introduction of voter rebates from BP candidates to introduce free market pr… https://t.co/4U8a8swsyY
1080155811404382208,2019-01-01 17:36:28,@stevefloyds @rodwunsch @block_one_ This is an ongoing discussion within https://t.co/IaNK8hWLo7. Embracing voter r… https://t.co/2X2mU1TATL
1079937941537927169,2019-01-01 03:10:44,"RT @eosnewyork: 2018, the year of the EOS launch. 2019? The year of the EOS dApp. An abundance of real-world, usable, decentralized applica…"
1079919250947469312,2019-01-01 01:56:28,"RT @block_one_: In 2018, a global community launched the #EOS blockchain and introduced 1s block times, horizontal scalability, and free tr…"
1078002017832886273,2018-12-26 18:58:04,RT @eosnewyork: Absolutely critical to the growth of #EOS is the quality and depth of tooling available to developers. Even more exist that…
1077751157714411520,2018-12-26 02:21:14,"Happy Holidays #EOS, your first. Hard to believe how much this community has grown and accomplished in under 7 mont… https://t.co/77iAUyHYCg"
1067865797345693696,2018-11-28 19:40:20,End-to-end solutions will drive and determine protocol adoption. #Enterprise #EOS
1063864581670363137,2018-11-17 18:40:56,@novogratz @CryptoCoinsNews Congrats to Galaxy and the EOS VC team! @novogratz @__MikeAlexander
1063863359798296576,2018-11-17 18:36:05,"RT @novogratz: Smiling.  

Activision Alums Raise $16 Million to Build EOS-Focused Blockchain Game Studio https://t.co/yabnLreXZ5 via @cryp…"
1061522419075043328,2018-11-11 07:34:01,RT @novogratz: In San Fran to judge my first hackathon ever.  Excited to see the $eos community in action  @block_one_ #eoshackathon https:…
1060730299158487040,2018-11-09 03:06:25,Excited to see the #EOS community this weekend in San Francisco
1060177446270431232,2018-11-07 14:29:34,RT @bytemaster7: Blockchain state should be abstract and deterministicly derived from inputs. See the article I wrote two years ago. #eos #…
1060168682532364290,2018-11-07 13:54:45,"@evadmmm Irrespective, EOSIO is a technology that can scale ETH, and ETH has recently announced plans to adopt WASM… https://t.co/skbIh4dka2"
1060157998792826880,2018-11-07 13:12:18,"@samstickkz Yes. After #ETH has lost 130 billion USD of value since January and #EOSIO’s release, @ethereumJoseph a… https://t.co/dD0ytxdm9j"
1060151784960811009,2018-11-07 12:47:36,#EOS is built working backwards from the needs of those wanting to release demanding decentralized applications tod… https://t.co/93eKj32sDK
1055074619823075328,2018-10-24 12:32:46,@bensig @EOS_io Eos is fundamentally Sybil resistant because it requires tokens to guarantee transactions; that’s w… https://t.co/KqHdL8kcZP
1055073767259496448,2018-10-24 12:29:23,"RT @bensig: New Record: 60,000 Unique Active Accounts on $EOS today! Just check out the growth in the past 2 weeks. @EOS_io on the rise. @B…"
1054566218399543296,2018-10-23 02:52:34,"RT @EOS_io: Since the launch of the #EOS public blockchain, it has been exciting to see a growing ecosystem of blockchain-based application…"
1051442269574717441,2018-10-14 11:59:06,"If you’re an #EOSBP, tell the #EOS community why you deserve their vote"
1050185614396600320,2018-10-11 00:45:36,"@JamesSpediacci EOS uses less inflation to operate the network than any other it’s size, and doesn’t add transactio… https://t.co/QHobkqAMOn"
1050184969945899008,2018-10-11 00:43:02,"@JamesSpediacci This is already address above where I explain that’s EOS pays out less, to more parties, and helps… https://t.co/qhUZEoKmO0"
1050182610922528768,2018-10-11 00:33:40,"@JamesSpediacci Bitcoin = &gt;1.8% inflation + fees on transactions 

Ethereum = &gt;5% inflation + fees on transactions… https://t.co/dipSMeQUdF"
1050182253332971521,2018-10-11 00:32:15,@JamesSpediacci Bitcoin and Ethereum both pay multiples more than EOS in inflation to the incumbent cartels (see Bitmain’s IPO perspectus)
1050181387221839872,2018-10-11 00:28:48,"@JamesSpediacci Same goes for mining pools; EOS doesn’t run from the law, its made to be compatible with compliance"
1050180032495157249,2018-10-11 00:23:25,@JamesSpediacci EOS is the first platform that can actually run high performance DAPP’s; you should look more close… https://t.co/fRMjRFdGBw
1050179525563170816,2018-10-11 00:21:24,@JamesSpediacci EOS Storage is a valuable ever increasing commodity? Do you have a better idea to allocate it based… https://t.co/yMOSkGCdqv
1050179161283690496,2018-10-11 00:19:58,"@JamesSpediacci EOS isn’t afraid to rapidly learn, iterate, and upgrade"
1046830820592214022,2018-10-01 18:34:51,@VladZamfir Can you name any blockchains that don’t have any effective voting mechanisms whether through hash power… https://t.co/nBTlIzD8AF
1046702965027889153,2018-10-01 10:06:48,"RT @EOS_io: 10/1/2018 Statement: EOS Public Blockchain Governance
https://t.co/E5LTk6aWGz"
1045056000657625088,2018-09-26 21:02:21,"@crypto1986 @EOS_io #EOS is much larger than just https://t.co/IaNK8hFawz, and is operated and governed by a commun… https://t.co/Fr8JGSJjKT"
1041723101132869634,2018-09-17 16:18:36,Everyday I am asked what incentives https://t.co/IaNK8hFawz offers projects as they switch to #EOS. We offer… https://t.co/zBXraoyy42
1027179640014557188,2018-08-08 13:08:04,"Instead of a race to burn the most electricity, #EOS leverages the community to reach consensus

https://t.co/1WQNLGMQaB"
1024614395496681472,2018-08-01 11:14:42,#Congratulations to the #EOS community for officially creating the most used #blockchain in the world https://t.co/xc2Qmm9Asw
1023860021770080261,2018-07-30 09:17:06,"@cyber_hokie @VitalikButerin #EOS has only 1% network inflation and no transaction fees, so yes it’s perfect for sm… https://t.co/P3mVd8tBhK"
1023853707450970114,2018-07-30 08:52:00,"@AlbaniaEos @iamblissss @Ashe_Oro @seasideninja Yes, you can stake EOS tokens to vote and receive voting rewards (n… https://t.co/HLXmtbzdnM"
1023851371622060032,2018-07-30 08:42:43,RT @BrendanBlumer: @VitalikButerin Is #ETH designed as a currency or a smart contract platform? They both have very different requirements…
1023848077164130304,2018-07-30 08:29:38,@VitalikButerin Is #ETH designed as a currency or a smart contract platform? They both have very different requirem… https://t.co/hgwrEsFXHs
1023833641544167424,2018-07-30 07:32:16,@Ashe_Oro @iamblissss @seasideninja @bytemaster7 Temporarily locked up EOS is still the only way to access resource… https://t.co/LniEwcJA8i
1023833510518251522,2018-07-30 07:31:45,"@Ashe_Oro @iamblissss @seasideninja @bytemaster7 No it doesn’t change the utility of the EOS token at all, it only… https://t.co/mIH1SAhE8r"
1023828548346306560,2018-07-30 07:12:02,RT @BrendanBlumer: @iamblissss @Ashe_Oro @seasideninja Yes they can only be bought with #EOS; the EOS gets locked up in an automated market…
1023828352245805056,2018-07-30 07:11:15,@iamblissss @Ashe_Oro @seasideninja Yes they can only be bought with #EOS; the EOS gets locked up in an automated m… https://t.co/5r5k3xaxkl
1023824140375998464,2018-07-30 06:54:31,@DeaterBob @VitalikButerin @seasideninja @VladZamfir Correct #Bitcoin and #Ethereum are Oligarchies elected entirel… https://t.co/VUmTeHr0XV
1023632163613237249,2018-07-29 18:11:40,@Ashe_Oro @seasideninja The RAM and CPU tokens just allow EOS token holders to get more of the resources they need;… https://t.co/56HikaWasU
1023630167950782466,2018-07-29 18:03:44,@Ashe_Oro Those can only be purchased for EOS and EOS is temporarily removed from supply until you sell them back (you’re done using them)
1023611999844876288,2018-07-29 16:51:33,@solly_boy3670 @seasideninja @EOS_io Staked #EOS balances that are voting will grow
1023558401056337922,2018-07-29 13:18:34,"RT @BrendanBlumer: @seasideninja @EOS_io We agree and are outlining changes that will send all network fees to the EOS voters, and as the n…"
1023468909964406784,2018-07-29 07:22:57,@jwpak88 What does that mean? America’s Government is far more decentralised than Bitcoin’s mining pools
1023435031765704704,2018-07-29 05:08:20,#EOS is not currency; its a rapidly evolving competitive decentralized organization
1023433901996265473,2018-07-29 05:03:51,"@seasideninja @EOS_io We agree and are outlining changes that will send all network fees to the EOS voters, and as… https://t.co/m2LRxH5QzC"
1023427119777427461,2018-07-29 04:36:54,"Taxation without representation created the USA

.... and #EOS"
1023422924177301504,2018-07-29 04:20:14,Miners don’t like EOS because miners don’t own the EOS network; they are hired by and work for #EOS holders
1023149067285581825,2018-07-28 10:12:01,Hashpower votes are cheaper to purchase in large quantities while tokens gets more expensive in bulk. #EOS flips in… https://t.co/IWGK3sAFLe
1023129088087678976,2018-07-28 08:52:38,#Bitcoin is proof of demand for an alternative
1022717879395868673,2018-07-27 05:38:38,@BillGates @TheEconomist #EOS agrees with you
1021317710716649472,2018-07-23 08:54:52,@numerus_crypto This isn’t specific to EOS or any blockchain. You correctly highlight the limitations of any commun… https://t.co/yBav8jxbtb
1019693270144708608,2018-07-18 21:19:55,@fiebsy @owocki @Sanarwanto @bytemaster7 @ethereum whales/self voting exposes their token value to price decline ca… https://t.co/yZdc7sOOcT
1019685178745081856,2018-07-18 20:47:46,@fiebsy @owocki @Sanarwanto @bytemaster7 @ethereum I believe 21 continuously elected Block Producers governing the… https://t.co/O61JSiadz9
1019677160569630720,2018-07-18 20:15:54,@fiebsy @owocki @Sanarwanto @bytemaster7 @ethereum If your only point is “true decentralisation” doesn’t exist beca… https://t.co/skNIKm4BZZ
1019615953082937345,2018-07-18 16:12:41,@fiebsy @owocki @Sanarwanto @bytemaster7 @ethereum One step at a time; no blockchain is cartel resistant entirely a… https://t.co/WWJNNoe47q
1019615197416132608,2018-07-18 16:09:41,@ibrightly @fiebsy @bbest12g @owocki @Sanarwanto @bytemaster7 @ethereum It’s 3 and 2 respectively. They charge the… https://t.co/dPAuSwIb4s
1019611449931411456,2018-07-18 15:54:47,@fiebsy @owocki @Sanarwanto @bytemaster7 @ethereum https://t.co/xEWDr32bH9
1019610705908002816,2018-07-18 15:51:50,@fiebsy @owocki @Sanarwanto @bytemaster7 @ethereum Collusion can be fixed in EOS by token holders and if block prod… https://t.co/gfKgNF39h4
1019606419224457218,2018-07-18 15:34:48,@fiebsy @owocki @Sanarwanto @bytemaster7 @ethereum It gets cheaper to buy control in ETH as both electricity and ha… https://t.co/HL1Em9OsaR
1019479175655124992,2018-07-18 07:09:11,"Congrats to the #EOS community on becoming the fastest growing, highest performing (2000+ TPS w/ 500ms block times)… https://t.co/LLuAbX4e2v"
1019473367319994368,2018-07-18 06:46:06,@owocki @Sanarwanto @bytemaster7 @ethereum 3 miners control the #ETH network with no ability to removed; they charg… https://t.co/VZh0ntY1H8
1019470236666359808,2018-07-18 06:33:39,RT @bytemaster7: 2351 transactions per second and network fees still at 0 with no backlog. #eos https://t.co/Iz1PUqrtse
1018813787787313152,2018-07-16 11:05:10,@antiprosynth @adrianbye @Ashe_Oro EOS transactions are completely paid for by 1% inflation opposed to &gt;7% on ETH o… https://t.co/7RVhd4S3fb
1018805218606116864,2018-07-16 10:31:07,"@adrianbye @Ashe_Oro I think the #EOS launch entirely by the community, and the subsequent climb to become the high… https://t.co/5QdXVtGezL"
1012340924553105408,2018-06-28 14:24:19,RT @EOS_io: https://t.co/LgcclYjBIb’s Proposal for EOS Constitution v2.0 https://t.co/8naSQjOOVv
991217510476206080,2018-05-01 07:27:25,RT @bytemaster7: I just debunked LianAn Tech's claims that eosio has same batchOverflow vulnerability.  #eosio #eos #ethereum https://t.co/…
980510020998582272,2018-04-01 18:19:40,A poll is not needed because the top three mining pools unilaterally control #Ethereum https://t.co/J7VMgPJmOe
978241858663997442,2018-03-26 12:06:48,RT @EosCrow: Proof of Work mining is the Rube Goldberg machine of consensus mechanisms. This by @BrendanBlumer came up again in eos circles…
978241264876269569,2018-03-26 12:04:27,RT @uralresp: Hello Brendan @BrendanBlumer and Dan @bytemaster7! We have decided to fully move to EOS from graphene! Check out our new vide…
976915485890551808,2018-03-22 20:16:16,RT @etheos_io: Etheos CEO Christian Lains explains why EOS will change the blockchain sphere. @EOS_io @go_eos  @EOSNordics @eosnewyork @eos…
976400999345618944,2018-03-21 10:11:53,"RT @token2049: Announced at TOKEN2049: @EOS_io to work with @FinLab_AG, to grow EOS VC’s global reach @BrendanBlumer #TOKEN2049 https://t.c…"
973930744438341632,2018-03-14 14:35:58,@psycho4cryptos @EOS_io @bytemaster7 @iamjohnoliver EOS tokens were designed to more healthily distribute community… https://t.co/TqFdTk28eL
973859147153223680,2018-03-14 09:51:28,RT @Tokenika_io: Our latest contribution. Community driven guide for discovering EOS ecosystem. Please share and participate. Further devel…
964171818797031424,2018-02-15 16:17:29,@ibuildfreedom Nothing needed from me; EOS is you.
964121104846675968,2018-02-15 12:55:58,"RT @eosphere_io: Join us on our epic journey of over 12,000km as we bootstrap the EOS Australia Meetup communities to help #DecentralizeEve…"
958125603567357952,2018-01-29 23:51:59,"RT @cryptomutant: @BrendanBlumer @EOS_io @go_eos @eosnewyork  @eosforumorg  BitSpace hosted the first EOS meetup in Scandinavia. Oslo, Norw…"
956538263522758657,2018-01-25 14:44:28,"STEEM was designed, built, released, and became the most used #blockchain in the world in less than 6 months. Proje… https://t.co/KHxFMVByJo"
956230339998789633,2018-01-24 18:20:53,RT @mszerencsy: $eos scores among the top rated #cryptocurrencies in Weiss Ratings w/ $eth with a B.  EOS &amp; Ethereum are the only 2 coins w…
955353909375123457,2018-01-22 08:18:16,"@CoinHodl @bitshares @steemit @SEC_News That would not create a new community

EOS does not facilitate moving fiat… https://t.co/QcTU4DA49r"
955348761743634432,2018-01-22 07:57:48,The #EOS token should not be purchased as an investment. It’s sole purpose is to fairly assemble an open source com… https://t.co/x8DJ0m2p9E
955342851864481797,2018-01-22 07:34:19,@JelitzaCJ @vikneshpkb @EOS_io Wear what you love and love what you wear. We love #EOS
955334293290708992,2018-01-22 07:00:19,"RT @EOS_io: January 23rd, 2018 #EOS VC https://t.co/Hz6CibJHfJ"
955066711383986176,2018-01-21 13:17:02,"Education will pave the way for true decentralisation #EOS

https://t.co/j3EJwcFWjX"
954365157345390593,2018-01-19 14:49:19,Good luck on your journey with EOS.IO; wield it responsibly and positively impact a billion lives https://t.co/znvG21QzP7
953270685605937153,2018-01-16 14:20:17,RT @EOS_io: https://t.co/Ny287kP4An and TOMORROW BLOCKCHAIN OPPORTUNITIES announce formation of EOS.IO Blockchain Focused Fund https://t.co…
952849035911507970,2018-01-15 10:24:47,"RT @EOS_io: https://t.co/LgcclYjBIb Makes Series of Announcements at Korea EOS.IO Meetup
https://t.co/1336pFNl3v"
951676670276091904,2018-01-12 04:46:14,RT @EOS_io: Tune in tomorrow 6:30 PM (GMT +09:00) for EOS.IO Special Announcements from Seoul https://t.co/5cNLswjNqR
951658968287358977,2018-01-12 03:35:53,"@bgarlinghouse @MoneyGram @Ripple Interesting, how is @Moneygram using #XRP?"
951086708803727363,2018-01-10 13:41:56,"RT @bytemaster7: @AdamMinkus #eosio #eos is designed for how people actually are, not how we wish them to be. I’ll blog more about it soon."
951069863447015424,2018-01-10 12:35:00,RT @bytemaster7: #EOS will use hybrid dpos and bft which will gather 14+ signatures on every block with blocks produced every 500ms. Irreve…
946585953799409665,2017-12-29 03:37:32,#EOS Dawn 3.0 will introduce horizontal scaling of single chains and infinite scaling via secure inter-chain commun… https://t.co/4RbixPeTOT
943588283803631617,2017-12-20 21:05:52,The #EOS token has no functionality beyond creating a weighted community list of people ready to change the world
942801907315339264,2017-12-18 17:01:05,@bgarlinghouse What is Bitcoin’s purpose? The purpose of a token does not define whether it is a security; I have g… https://t.co/BuRhZcxnoP
940882021315940352,2017-12-13 09:52:09,"@VitalikButerin No, we’ve burnt it; it’s time to earn it. #EOS #Ethereum 2.0"
938446730307276808,2017-12-06 16:35:10,"@LegendMars2017 @bytemaster7 @EOS_io @VitalikButerin We have a lot planned for both Korea and Japan; see you in January!

#EOS"
938389384935682048,2017-12-06 12:47:18,"PoW = More control gets cheaper in bulk; centralisation

DPOS = More control gets more expensive in bulk; decentralisation

#EOS"
938388484431208448,2017-12-06 12:43:43,"@Zigadeebong @chintanmajithia BTC is controlled by 3 mining pools and ETH 2

DPOS has 21 elected evenly-weighted mi… https://t.co/UKX5id4sQr"
938370240295075841,2017-12-06 11:31:14,"#PoW = miners tax and charge for slow expensive transactions 

#DPoS = miners compete to provide the best service for token holders 

#EOS"
937778300566597632,2017-12-04 20:19:04,The beginning of beginnings #EOS https://t.co/lo8zxMYfQn
936940474774032384,2017-12-02 12:49:51,@willcrypt The video highlights Bitcoin’s internal conflict stemming from misalignment of interests between miners… https://t.co/XW7yznkX9s
936917316587028480,2017-12-02 11:17:50,"The most accurate video I’ve seen to explaining what’s going on in the Bitcoin Civil war.

DPOS aligns interest.… https://t.co/V7qEVDrbfX"
936915098848837632,2017-12-02 11:09:01,RT @ErikVoorhees: Bloomberg: Bitcoin Futures Are a Bet That Digital Money Will Take Over the World https://t.co/Un3csPmSSF via @technology…
936589314686939136,2017-12-01 13:34:28,"In 2018 we’ll see advanced platforms enable mainstream blockchain applications. Year of the #Dog, and the year of the #DAC

Time is now #EOS"
935638138143236096,2017-11-28 22:34:50,RT @bytemaster7: @vitalikbuterin We all win if anyone improves blockchain scaling #EOS #Ethereum 2.0 #opensource #teamwork .    https://t.c…
934109022353051648,2017-11-24 17:18:40,"#Bitcoin mining now consuming  more electricity than 159 countries 

https://t.co/UUDYPQkkM1"
933321436474703872,2017-11-22 13:09:05,"RT @HUOBI_Pro: EOS, the first commercial level operating system on the blockchain.   $EOS  @EOS_io  @BrendanBlumer      https://t.co/eCW65V…"
932486400213073920,2017-11-20 05:50:57,"#Bitcoin and #Ethereum are cheaper to mine in bulk and are controlled by pools. #DPOS is performant, aligned, and truly decentralised. #EOS"
931906913507381249,2017-11-18 15:28:16,"RT @crinze: great new resource for the EOS.IO community:
https://t.co/ZY4AymVanC

#Blockchain #cryptocurrency #Crypto #EOS $EOS
@BrendanBlu…"
930213671673798656,2017-11-13 23:19:56,"#Bitcoin + #Ethereum burn more electricity than countries to process 15 tx/sec; 20m USD/day or 10 USD/tx before fees #GlobalWarming 

#EOS"
929999546867785728,2017-11-13 09:09:05,"DPOS; highest performance, DDOS resistant, aligns interests, and are the most used blockchains in the world #eos 
https://t.co/lRmeyzl94A"
929508004801548288,2017-11-12 00:35:52,"#BCH is a testament to the resilience of #Bitcoin against monopolisation, and an ambassador for the integrity of the decentralised economy"
926091988407148544,2017-11-02 14:21:50,The #USD has depreciated to .00014 #bitcoin. How low will it go? @rogerkver @brucefenton @JihanWu @brockpierce
926060171775930368,2017-11-02 12:15:24,"RT @EOS_io: See @BrendanBlumer and Partner, Michael Cao at the EOS Tokyo Meetup on Sunday, Nov. 12th
https://t.co/oaJKn8UOPx"
925675785725399040,2017-11-01 10:48:00,RT @EOS_io: Why start an EOS Meetup @brockpierce @BrendanBlumer https://t.co/gNrFHVJ7qT
925504794449596416,2017-10-31 23:28:32,RT @EOS_io: EOS.IO Developer Update: Constantly Evolving Design #EOS https://t.co/Lm4TIBJPWc
919513440070201345,2017-10-15 10:41:02,One #Bitcoin transaction is &gt; the amount of electricity needed to power a home for a month. How much is too much? https://t.co/9tk6oDH3gl
918128185803444224,2017-10-11 14:56:32,Ricardian Contracts Inventor says DPOS More Decentralized than Ethereum and Bitcoin Mining - Cryptovest https://t.co/nWIPGh3UN2
917321131782230016,2017-10-09 09:29:35,RT @lloydblankfein: Still thinking about #Bitcoin. No conclusion - not endorsing/rejecting. Know that folks also were skeptical when paper…
917318755780263936,2017-10-09 09:20:08,"RT @EOS_io: Dan Larimer, creator of the fastest blockchains, now targeting sub-second latency in EOS https://t.co/2M0ynQb9gi via @CryptoCoi…"
913374325025120256,2017-09-28 12:06:23,"RT @pbartstephens: While Jamie Dimon of @jpmorgan was bashing #bitcoin, his SF office was hosting @blockchaincap @PanteraCapital @BoostVC a…"
904205785432915970,2017-09-03 04:53:53,"RT @EOS_io: The Dawn of EOS.IO
https://t.co/c3HHzKECTm #EOS"
903635724825530369,2017-09-01 15:08:40,RT @EOS_io: https://t.co/KQznA1Ykd5 to Introduce “EOS: Next Steps” at the 3rd Global Blockchain Summit https://t.co/fGDV0JIOvs
900824845327486976,2017-08-24 20:59:14,"RT @alexpmorris: Did Brendan Blumer (#EOS) just say Bitcoin is an ICO at NYC FinTech?! Not quite, but sounds about right!... https://t.co/V…"
900336655940419584,2017-08-23 12:39:20,@jom0518 @EOS_io We've sold most of it OTC to responsibly diversify operational reserves; we have no plans on using ETH as a store of value.
900073413464776704,2017-08-22 19:13:18,@ToneVays @EOS_io Bitcoin and ETH raise 10-12m/day via new coins; all is spent on &lt;25 tx/sec burning more electrici… https://t.co/4yz7j0YYdn
900060086692974593,2017-08-22 18:20:21,"@ToneVays @EOS_io Are you able to read code? If so, our GitHub details the scalable performance that our community is built on. #EOS"
898862568491687937,2017-08-19 11:01:51,RT @EOS_io: CEO @brendanblumer joining the WBF Lineup in September #eos https://t.co/YrW1s4eocy
897265699126562816,2017-08-15 01:16:27,"RT @EOS_io: Thank you @fenbushi @boshen1011  for inviting EOS to the 3rd Global Blockchain Summit 2017 in Shanghai, September 14th-16th. #E…"
894737576455581696,2017-08-08 01:50:36,"RT @iang_fc: I’m told that my paper on EOS- An Introduction is more relaxing than reading about war travels in Syria.

So there!

https://t…"
894664747638865921,2017-08-07 21:01:12,@jbbasics https://t.co/IaNK8hWLo7 will build on the EOS chain that reaches token holder consensus.
894637762833334276,2017-08-07 19:13:58,@drhex2c @EOS_io This is incorrect. There is no account with this much EOS. There have been a few very successful ICO's using EOS.
894364900268548096,2017-08-07 01:09:43,#bitcoin and #ETHEREUM are the largest continuous uncapped ICO’s; 5+ billion USD per annum
894055259076612097,2017-08-06 04:39:19,@drhex2c @EOS_io A result of one of the largest players in China conducting ICO's with EOS; https://t.co/IaNK8hWLo7… https://t.co/ly5y4OOZ9z
892015251113340929,2017-07-31 13:33:03,"The EOS.IO Project 
https://t.co/Mxx1GAdqiB"
891607285935550464,2017-07-30 10:31:56,@VladZamfir @gapeordie @ladislavtweet @nivertech EOS has no dependency on a foundation or entity; a Constitution al… https://t.co/jjEiUvsalo
