id,created_at,text
1129220670695411723,2019-05-17 03:02:42,"J/k. Honestly, that's exactly the same as you could have bought one less pizza in 2010 and bought $btc instead. Regret that!"
1128981228407803904,2019-05-16 11:11:14,Cold to cold transfer.  The fund then went to Hot. https://t.co/XytbEGXeP6
1128954594107641856,2019-05-16 09:25:24,RT @LukasBydzovsky: @Cukor_Zeleny @cz_binance @binance If you have ERC-20 BNB then send it to your binance ETH address.
1128945256978714626,2019-05-16 08:48:18,"The address of the new BEP2 $BNB cold wallet is: 
bnb142q467df6jun6rt5u2ar58sp47hm5f9wvz2cvg.

View its contents an… https://t.co/WiF22ttgEf"
1128945255443718144,2019-05-16 08:48:18,".@Binance will convert all the ERC20 $BNB tokens in our hot &amp; cold wallets to native BEP2 tokens. To achieve this,… https://t.co/GgbWEw6cA8"
1128931126725111808,2019-05-16 07:52:09,@JaimeAnton1111 IOST deposits and withdrawals are all normal now.
1128926269725323265,2019-05-16 07:32:51,"Go $CAN, go $BNB. https://t.co/LGprZ4azoh"
1128853832052535296,2019-05-16 02:45:01,"RT @G0JlRA: Pretty crazy to think that @binance lost 7000 BTC to hackers, went through a long phase with withdraw and deposits being down,…"
1128675368414482432,2019-05-15 14:55:52,RT @galaxyBTC: Over 140 different BTC pair markets on Binance and only 1 is in the red. https://t.co/0TxuNnanLV
1128675117230317569,2019-05-15 14:54:52,"RT @rallyqt: Did you hodl or did you let FUD get to you? In 2019, $BNB is over +357.89% https://t.co/9L9Rg2GX3V"
1128675091481370624,2019-05-15 14:54:46,RT @itsSDJ: $BNB kissed it's ATH earlier in the day today. Last hour volume before maintenance were good &amp; when Binance starts trading agai…
1128656846816829440,2019-05-15 13:42:16,RT @cz_binance: @CHalexov2016 @binance I didn't even have time to check #BNB price.  #BUIDL!
1128656781691908102,2019-05-15 13:42:00,@CHalexov2016 @binance I didn't even have time to check #BNB price.  #BUIDL!
1128655695132352513,2019-05-15 13:37:41,"RT @cz_binance: First and foremost, giving $1,200,000 equivalent in $bnb back as a thank you for standing by us, also one level up for all…"
1128645028492955649,2019-05-15 12:55:18,RT @GBinance: So proud to be part of an org that handles crisis the way Binance managed the past 7 days.  BNB at an ATH reflects a market t…
1128638686029967361,2019-05-15 12:30:06,"First and foremost, giving $1,200,000 equivalent in $bnb back as a thank you for standing by us, also one level up… https://t.co/AXNtAp3TFt"
1128519699686277120,2019-05-15 04:37:17,"RT @BinanceResearch: Despite its perceived riskiness, Bitcoin $BTC has provided far higher returns than most traditional assets over the pa…"
1128499406360068096,2019-05-15 03:16:39,"RT @TheCryptoDog: I think $BNB is going to enter price discovery (new all time highs) in the next 24 hours.

#ihaveabag https://t.co/2vDF6c…"
1128464031319089152,2019-05-15 00:56:05,"And it's all Bitcoin's fault, again! https://t.co/SIFRhecmzL"
1128331170893025281,2019-05-14 16:08:09,"RT @whale_alert: ⚠️⚠️⚠️ We have added special warnings for the Binance Hack! If anyone tries to move the stolen #BTC, you'll be the first t…"
1128326030479912960,2019-05-14 15:47:43,"RT @rallyqt: 2019 crypto returns approximation:

1. Binance Coin $BNB: +326.48%
2. Litecoin $LTC: +192.32
3. Bitcoin $BTC: +137.18%

This i…"
1128267432575954944,2019-05-14 11:54:52,"RT @woonomic: In BTC's 10yr trade history, crossing above the 200 day moving average (blue line) for any sizeable time (say 8wks+) has sign…"
1128176866186018817,2019-05-14 05:55:00,"@GryptoTheDog @mhelal2 @binance think positively, whenever we do maintenance, #XRP pumps."
1128171863941632000,2019-05-14 05:35:07,RT @LB_whiteshark: after just one week from the #hacker attack with 7000 #btc stolen @binance reopen.  I did not have a moment of concern.…
1128087442995593217,2019-05-13 23:59:39,"RT @APompliano: Bitcoin just broke $8,000 🔥🚀"
1128087322631663616,2019-05-13 23:59:11,"RT @CryptosBatman: When you experience a hack and loses 7000 $BTC, but you recover all the funds to your users and act transparent througho…"
1127974920233709568,2019-05-13 16:32:32,"RT @TrustWalletApp: We are excited to announce full support for the @OntologyNetwork. Receive, store and send $ONT $ONG from the convenienc…"
1127958192015589376,2019-05-13 15:26:04,"Don't bet against Bitcoin, and don't bet against B..."
1127923638592606208,2019-05-13 13:08:45,"For this swap, we need to move all ERC20 AE token to a new address (0xee62CBAb44113b3d72Cdc94980953C0B1a4F4d47), fr… https://t.co/zibXi4TpaW"
1127787994239258624,2019-05-13 04:09:45,"@BitcoinKingom @ForbesCrypto @DJPolly216 Binance DEX, even though started by Binance and bares our name, will becom… https://t.co/kBgVjIeReu"
1127597394013622272,2019-05-12 15:32:23,"@soleil_dusoir9 @binance Our team just checked, @thetokenanalyst shows we have $1.8m BTC outgoing today, but you ca… https://t.co/AlHYqckegj"
1127596558260817920,2019-05-12 15:29:03,"@ProofofResearch @soleil_dusoir9 @binance that's incoming (not outgoing) to Binance BTC hot wallet...

1NDyJtNTjmwk5xPNhjgAMu4HDHigtobu1s"
1127381263365492739,2019-05-12 01:13:33,"@AJMAL_FAHAD @justinsuntron @bitfinex What's the logic here? if we don't have the BTC, why would we want the price… https://t.co/pRj9hqTUZH"
1127198939751469058,2019-05-11 13:09:04,"@crypto_manila @whale_alert it's an ERC20 BNB transfer, not DEX, not us either."
1127116455156125697,2019-05-11 07:41:18,RT @namsgram_: $200 Billion breached #Bitcoin
1126469393204924416,2019-05-09 12:50:06,"Again, we will be moving some ERC20 USDT to a new cold wallet.  No need to FUD.  Funds are #SAFU. https://t.co/KKEIHt0Mwu"
1126438542681395201,2019-05-09 10:47:31,RT @buda_kyiv: @cz_binance @binance @CrystalPlatform Thank you for another argument! If attcker still has access to hot wallet he would con…
1126417916839120897,2019-05-09 09:25:33,RT @LukasBydzovsky: Listing $BNB is a catalyst for any exchange. @BitMax_Official knows this. Let's see which exchange is the next one.
1126347404066713603,2019-05-09 04:45:22,"RT @crypto: Bitcoin rises above $6,000 level for first time since November https://t.co/8aDx6LHbtf https://t.co/JjFIiyWJ1h"
1126341756834832385,2019-05-09 04:22:55,"@CryptoGodfatha No, even considering it is bad.  Bitcoin is immutable."
1126317994160713728,2019-05-09 02:48:30,"Wait, what?

BTC $6094.80 as of this writing. https://t.co/REHFAI9rHR"
1126173261325262849,2019-05-08 17:13:23,"@MillerTimeSport @hashdeus No need to guess. We split the USDT funds onto 9 cold wallet addresses, instead of one,… https://t.co/3yZnNnqOKq"
1126105197791432705,2019-05-08 12:42:55,"Thanks to @BitMax_Official for supporting Binance Chain BNB (BEP2)!

#BNB #BitMax https://t.co/d8JiUVIKb0"
1126005587353821184,2019-05-08 06:07:06,@CryptoDonAlt We have enough BTC to cover.
1126002001093939200,2019-05-08 05:52:51,"To put this to bed, it's not possible, bitcoin ledger is the most immutable ledger on the planet.  Done. https://t.co/rKLBCEZmgp"
1125996197343154176,2019-05-08 05:29:48,"cons: 1 we may damage credibility of BTC, 2 we may cause a split in both the bitcoin network and community. Both of… https://t.co/viLfrKeByQ"
1125758324928958466,2019-05-07 13:44:34,"I will personally donate $10,000 equivalent in BNB to start it off. Once we raise a sufficient amount, I believe th… https://t.co/IyhuIJVkOJ"
1125622236532969472,2019-05-07 04:43:48,"RT @BinanceResearch: What bear market? 

#Bitcoin $BTC has outperformed most traditional asset classes since the start of 2019 📈 https://t.…"
1125608363058810880,2019-05-07 03:48:41,"RT @binance: Anyone wish they had a #Binance hoodie? If so, you're in luck, because we're giving away 1⃣0⃣! 

Click the link below to enter…"
1125360937878220801,2019-05-06 11:25:30,"@rallyqt very cool, it's a bit unfair for $BTC, as they didn't have an ICO. But if you count from the first transac… https://t.co/bYbZadNdXn"
1125360571166019587,2019-05-06 11:24:03,RT @rallyqt: Love the ROI! $ETH $XRP $BNB https://t.co/zskJDvBNqM
1125309336434008065,2019-05-06 08:00:27,"RT @binance: Unisciti su #Binance Italian 🇮🇹 per partecipare all’AMA di Giacomo Zucco, uno dei più famosi divulgatori di $BTC, imprenditore…"
1124929932319023104,2019-05-05 06:52:50,"RT @binance: #Binance Has Distributed $April $GAS, $ONG, $VTHO and $NPXS 
https://t.co/NnU2UhdVX7 https://t.co/bSxxQyZ3gI"
1124643444842909696,2019-05-04 11:54:26,RT @SpendCard: Spendcoin is now listed on @Binance_DEX with SPNDB/BNB pairs! Spend Wallet users will be able to cross-chain atomic swap the…
1124583681681575936,2019-05-04 07:56:58,"RT @zhusu: Singapore is putting all school diplomas on Ethereum mainnet.

https://t.co/mmRSOR2lZJ"
1123818955339071489,2019-05-02 05:18:13,"RT @binance: To celebrate #WorldPasswordDay #Binance is giving away $250 in $BNB! #BinanceChallenge

-Every 2 hours a clue is released
-Use…"
1123783258288922624,2019-05-02 02:56:22,"RT @kerooke: Daily Bitcoin transactions just broke an all-time high in April, and tx fees were 86% lower this time around.

Dec 2017
TXs: 3…"
1123776926009761792,2019-05-02 02:31:12,"Thank you @enjin, 🙏🙏🙏

#useBNB #Binance #BNB @Binance_DEX https://t.co/QIqa5oqN8S"
1123625058054762496,2019-05-01 16:27:44,"RT @G0JlRA: A poll by Blockchain Capital claims 11% of Americans own $BTC, which I think is grossly inaccurate.

I'd like to poll CT to see…"
1123414995948060673,2019-05-01 02:33:01,"RT @Magnum_Wallet: We have integrated the @Binance_DEX  into the Magnum Wallet💪
From now on, you can exchange all your BNB assets via the D…"
1123155769036132354,2019-04-30 09:22:57,"RT @binance: Leased Proof of Stake Consensus Explained

$WAVES network operates on a leased proof-of-stake (LPoS) consensus algorithm combi…"
1123048279124500480,2019-04-30 02:15:49,We will be moving USDT funds to a new cold wallet address. One large transaction coming. Funds are #SAFU.
1122775931112738816,2019-04-29 08:13:36,"@Igor85197128 Good name, may steal it for later.  Binance Euro Stable Token?"
1122771952467234816,2019-04-29 07:57:48,"RT @binance: Be the first to check out @BinanceResearch's new in-depth research report on @Tronfoundation $TRX 👇👇

TRON is a public chain d…"
1122445273135902720,2019-04-28 10:19:41,@nurlabi @bnb 🙏🙏🙏
1122118838789632001,2019-04-27 12:42:33,"RT @cz_binance: @SHERM8N @binance @Binance_DEX Suggested plan:

- idea
- raise BNB from private investors (including @BinanceLabs)
- build…"
1122118677728358400,2019-04-27 12:41:55,"@SHERM8N @binance @Binance_DEX Suggested plan:

- idea
- raise BNB from private investors (including @BinanceLabs)… https://t.co/G3D7aspXf4"
1121782258929520641,2019-04-26 14:25:06,"RT @BinanceResearch: What does cluster analysis reveal about Bitcoin ($BTC), Ripple ($XRP) and other large digital assets?

@Binance Resear…"
1121738259824955392,2019-04-26 11:30:16,@brocrypto @binance there is a link on our homepage. That's really the best way.
1121700655188459520,2019-04-26 09:00:51,"@CryptosBatman @money_alotta made this GIF in Aug 2018, I think.  I don't have a link to the original post."
1121681306847305729,2019-04-26 07:43:58,RT @BinanceResearch: How does Société Générale's issuance of a €100 million bond on the Ethereum blockchain last week weigh up against othe…
1121668603693035520,2019-04-26 06:53:29,"RT @cryptomanran: I would keep an eye on BNB here, they could be the biggest gainer in all of this."
1121667832075313152,2019-04-26 06:50:25,@kadhirvelavan @nondualrandy what does this have to do with $BNB? lol.
1121667301093154818,2019-04-26 06:48:18,@cryptorebel_SV @nondualrandy You misunderstand the situation. Binance doesn't own those USDT. Our users owns those… https://t.co/fTUMDzRuBH
1121615827902402560,2019-04-26 03:23:46,"RT @rallyqt: Bitcoin market cap on April 25th:
2019: $94.8 Billion 
2018: $150 Billion
2017: $20 Billion
2016: $7 Billion
2015: $3 Billion…"
1121571457786449920,2019-04-26 00:27:27,"RT @CCNMarkets: Binance Coin (BNB) Rampages Again, Gains Staggering 287% in 2019 https://t.co/wT5mblVme0"
1121445327137951744,2019-04-25 16:06:16,"@Mourad_btc @ChangeNOW_io @Binance_DEX @MithrilOfficial ChangeNow did issue their tokens before MITH, without any c… https://t.co/cpI3VwAyr0"
1121444184676634624,2019-04-25 16:01:43,"@Mourad_btc @Binance_DEX @ChangeNOW_io It's not the first, MITH is already listed on @Binance_DEX"
1121351176245506048,2019-04-25 09:52:08,Now your $MITH and $BNB doesn't leave your wallet when you trade.  Go try out @Binance_DEX https://t.co/3hzmurqh78
1121350785160192000,2019-04-25 09:50:35,"RT @MithioOfficial: We’re proud to announce that MITH migration to @Binance Chain and listing on @Binance_DEX  was successful.

All MITH to…"
1121340375778516992,2019-04-25 09:09:13,"$MITH, the first ERC20 to Binance Chain token (BEP2) migration complete. Thank you for the support! https://t.co/vMcIDRjQ8Y"
1121335936262873088,2019-04-25 08:51:35,@opinderpreet @AshishS17228231 @rogerkver bitcoin mining distribution. https://t.co/eMugBjdCtv
1121321132672475136,2019-04-25 07:52:45,"RT @JoshRoomsburg: Is #Spend the first platform to activate #BNB on Binance Chain? 🤔

You can now get 1% back when you Spend BNB using your…"
1121298926861082624,2019-04-25 06:24:31,@growmason @RydesaurusRex @Binance_DEX @binance whales will split 1 bnb to many addresses.
1121298648426377217,2019-04-25 06:23:25,"RT @binance: Credit card payments for; $BTC , $ETH , $XRP , $LTC &amp; $BCHABC are now possible through the #Binance Android App care of update…"
1121259697284083713,2019-04-25 03:48:38,"RT @cryptomanran: Can't see the raging bull market yet , let me help you:

YTD Returns:

Bitcoin:  44%
BNB : 400%
BCH: 80%
LTC: 150%

DOW:…"
1121224026364399617,2019-04-25 01:26:53,RT @DataLightMe: Just 10 years ago first #Bitcoin transaction was sent and it’s astonishing to see industry growth and how many new assets…
1121133730473529344,2019-04-24 19:28:05,RT @TrustWalletApp: #Binance Chain $BNB is now supported on @TrustWalletApp. A native @Binance_DEX experience will be released in the comin…
1121095403334619141,2019-04-24 16:55:47,RT @coindesk: JUST IN: Blockchain compliance startup @chainalysis has added support for @binance’s native token BNB and three stablecoins t…
1120987219852840961,2019-04-24 09:45:54,RT @BillyBambrough: Is This #Cryptocurrency The Next #Bitcoin? via @ForbesCrypto @cz_binance @binance https://t.co/96NbqTmXOr
1120649025437331456,2019-04-23 11:22:02,"RT @Zel_Core: Trade using the full power of @Binance_DEX &amp; BNB Chain with ZelCore Desktop next release
- Full-sized charting
- Real-time or…"
1120614983321047041,2019-04-23 09:06:46,"RT @binance: #Binance Completes $BNB Mainnet Swap and Opens Deposits / Withdrawals
https://t.co/8LCUvXzoNs https://t.co/eSuQCQaCPh"
1120569489014157312,2019-04-23 06:06:00,RT @InfinitoWallet: @InfinitoWallet version 2.6 is here with support for @binance mainnet 🔥 We hope you enjoy using $BNB Coin and @Binance_…
1120533595129556993,2019-04-23 03:43:22,"Just burned 5mm ERC20 BNB, commencing swap to the real #BNB."
1120383632726618117,2019-04-22 17:47:28,"RT @exodus_io: Binance Coin (BNB) is coming to Exodus Desktop. 
Sending and receiving will be enabled on April, 26, 2019. 
https://t.co/orn…"
1120283951468138496,2019-04-22 11:11:22,"@KrakenTrades lol, absolutely not.  $ETH will be around for a long long time..."
1120281558592544768,2019-04-22 11:01:52,"@Franck_Rbn np, feel free to stay on bitcoin.  Freedom of choice."
1120280015550046208,2019-04-22 10:55:44,@cryptoenlighte1 the eth dev community is unmatched. But they do many different things. Our #BNB dev community is m… https://t.co/0jHpAnMrmN
1120279481715838976,2019-04-22 10:53:36,"@Johnkin05108695 @mksjha we are not based on eth code base, but tindermint."
1120267491073073153,2019-04-22 10:05:58,"I like the positivity for #bnb 🙏🙏🙏, but we really don't have to diss any other coin.  #eth can do much more than… https://t.co/cUSDVpo3Am"
1120172799216087040,2019-04-22 03:49:41,"RT @mBTCPizpie: $bnb keeps pumping out the positive announcements and the market agrees after ticking a new ATH.

Any dip on this pair and…"
1119996922901565440,2019-04-21 16:10:49,"RT @DigitalLawrence: CZ like 

“bear market?”

“not on my watch” $BNB https://t.co/rel99qL4Jm"
1119612442164600832,2019-04-20 14:43:02,@CryptoK72965477 @reddcoin https://t.co/usiISCtuSj
1119564398475919360,2019-04-20 11:32:07,"@JohnyQi @PeterMcCormack @JohanDXB @CalvinAyre No need to worry in this case, if anyone can send you 1 btc from a S… https://t.co/u0dwWUDgNK"
1119563133998092289,2019-04-20 11:27:06,"RT @binance: ""How can you prepare for the mainnet swap?

If your $BNB is on #Binance already, you don’t need to do anything - we’ll handle…"
1119499644612911104,2019-04-20 07:14:49,@LarssonFuture @Binance_DEX ETH can do a lot of other things Binance Chain can't.  @Binance_DEX just specialize on one use case.
1119495994389876736,2019-04-20 07:00:18,RT @TheCryptoDog: Stop trying to short $BNB
1119495785228320768,2019-04-20 06:59:29,"RT @tastemaker94: @Ledger nano s working great on @binance chain 😎😎
Didnt know we could get mainnet address wit this version🍻🍻 cheers https…"
1119316925509582848,2019-04-19 19:08:45,"RT @binance: .@BinanceResearch's new report on ""halving scenarios for Litecoin &amp; possible Bitcoin Parallels""  explores 4 potential scenario…"
1119271110892109825,2019-04-19 16:06:42,RT @DanGunsberg: Imagine selling $BNB....ever.
1119267818183069698,2019-04-19 15:53:37,RT @G0JlRA: Congrats to @cz_binance @binance and $BNB on being the first coin (afaik) to surpass their all time highs in both sats and USD…
1119235594922512384,2019-04-19 13:45:34,"RT @Magnum_Wallet: .@Magnum_Wallet will support the upcoming mainnet launch of @Binance_dex and Binance Chain $BNB

Stay tuned for further…"
1119185827962032130,2019-04-19 10:27:49,"RT @skhashglobal1: In our base scenario, BNB is valued at $106, which gives BNB a total value of 20 billion US dollars, exceeding possibly…"
1119185466920538112,2019-04-19 10:26:23,RT @CryptosBatman: The Binance effect strikes again! Red Pulse is up 42% after the announcement of migration to Binance Chain! $PHX $BNB #B…
1119184677330243584,2019-04-19 10:23:15,"RT @enjin: The Enjin Wallet will fully support #Binance Chain, including $BNB assets and @Binance_DEX exchange functions. 

We're excited t…"
1119103013312798722,2019-04-19 04:58:44,"RT @ClayCollins: Left image: top $BTC markets (by vol) on @nomicsfinance 

Right image: Top $BTC markets on CoinMarketCap

Which do you bel…"
1119063355140952064,2019-04-19 02:21:09,"RT @GautamChhugani: I believe, all the news driven tactical catalysts have played out for $BNB. Future value creation will be more strategi…"
1119053184595456000,2019-04-19 01:40:44,"RT @binance: #Binance Adds $MITH / $BNB and $MITH / $USDT Trading Pairs
https://t.co/Zi8YjXSXMt https://t.co/SDXmwzC2KR"
1118912627831259138,2019-04-18 16:22:13,"RT @crypto_bobby: IEOs are old news... ""Chain migrations"" are what's hot on the streets https://t.co/ouqqK4Ub72"
1118895107464241152,2019-04-18 15:12:36,$MITH will be one of the first projects to migrate tokens onto @Binance_DEX.  Our community thank you for your supp… https://t.co/4KeotgHHvA
1118885669521121280,2019-04-18 14:35:06,RT @Zel_Core: Today @Binance Chain launches their mainnet. ZelCore will support all Binance Chain (BNB) assets @cz_binance @Teddy_Lin @Zelc…
1118880328016252930,2019-04-18 14:13:52,"RT @GuardaWallet: Guarda Wallet is all set up and will be supporting the launch of #Binance Mainnet and, of course, $BNB swap. 
Absolutely…"
1118875528444776450,2019-04-18 13:54:48,"RT @SpendCard: Spend will support the #Binance Chain Mainnet Launch and $BNB Token Swap.

https://t.co/uJ0vVD3WQa

@binance @cz_binance @we…"
1118868627262849029,2019-04-18 13:27:22,@SirCan84 @Eljaboom @binance $BNB was 0.1$ not too long (about 20 months) ago.
1118868110977581056,2019-04-18 13:25:19,@CCNMarkets Thanks for the nice article!  But almost too supportive. lol.  @Binance_DEX does not challenge Ethereum… https://t.co/zEpaMsPICK
1118863065422815232,2019-04-18 13:05:16,"RT @binance: #Binance Chain Mainnet Launch and $BNB Swap Information 
https://t.co/AVh1NVfN97

Not sure what a mainnet is? Find out with @B…"
1118802694536175616,2019-04-18 09:05:23,"RT @cryptocom: PAX, the world’s first regulated stablecoin is now listed on the @cryptocom Wallet &amp; Card App. Securely buy, sell, store and…"
1118759554404114432,2019-04-18 06:13:57,"RT @CoinDeskMarkets: #BNB/USD ASIA 📈🔥

#Binance coin breaking out from an ascending triangle formation on the daily chart with support volu…"
1118749584967159808,2019-04-18 05:34:21,RT @DonnyCrypto: Y’all will be very distressed when you could’ve bought $bnb at 20 and didn’t
1118638711346831360,2019-04-17 22:13:46,RT @TrustWalletApp: Very science. Many community. So Amaze !! Trust Wallet now supports #Dogecoin @dogecoin 👉 https://t.co/YPil5NFuV9 https…
1118364870355968000,2019-04-17 04:05:37,"RT @CoinDeskMarkets: Snapshot of the top 10 by MarketCap @CoinMarketCap 📸

$BNB token outperforming the rest
$BTC up 3.6 percent and showin…"
1118360749909467136,2019-04-17 03:49:15,"RT @misir_mahmudov: July 2011 - $31
- “Damn, I should've bought bitcoin earlier”

Apr 2013 - $266 
- “Damn, I should've bought bitcoin earl…"
1118315776161615873,2019-04-17 00:50:32,"RT @ErikVoorhees: Kraken Exchange Joins Binance, ShapeShift in Delisting Bitcoin SV https://t.co/rm9CiiGBUt via @CoinDesk"
1118202286252019713,2019-04-16 17:19:34,"RT @BinanceResearch: What are the implications for Litecoin’s upcoming ""halvening"" and could this event also be a precursor for Bitcoin's ""…"
1118200658841071616,2019-04-16 17:13:06,"RT @PeterMcCormack: So far the following have delisted BSV:
- @binance 
- @ShapeShift_io 
- @blockchain 
- @SatoWallet 
- @phantasmachain
-…"
1118199712291549184,2019-04-16 17:09:21,RT @kidcryptoo: 1/ For everyone who says $BNB has reached its peak...if only the peak of a company like Binance could be measured in number…
1118192438487568385,2019-04-16 16:40:27,RT @Bittylicious_: Bittylicious is delisting Bitcoin SV (BSV). This will be available until 22nd April (pending brokers keeping their listi…
1118153949511475202,2019-04-16 14:07:30,"RT @BitcoinrewardsU: We stand with with @binance, @shapeshift_io and Cz's sentiments. We've decided to delist Bitcoin SV #BSV. https://t.co…"
1118112621683589120,2019-04-16 11:23:17,"RT @bitcoinist: 4 Reasons Why Delisting $BSV Was The ‘Right Thing To Do’ For @binance 

https://t.co/GId4rKAkUL"
1118009903828750336,2019-04-16 04:35:07,RT @GautamChhugani: Best time to accumulate $BNB is in the dump after the burn. Long term investors should take advantage of the trading mi…
1117951352464793600,2019-04-16 00:42:27,RT @ErikVoorhees: We stand with @binance and CZ's sentiments. We’ve decided to delist Bitcoin SV #BSV from @ShapeShift_io within 48 hrs.
1117835953911939074,2019-04-15 17:03:54,"RT @Cointelegraph: Major exchange Binance to delist Bitcoin SV starting next week
https://t.co/S9SyAx9lXe https://t.co/dBRnmn3G4y"
1117834336848338944,2019-04-15 16:57:28,RT @xceltripfounder: @Binance has increased more than 9000% so far topping Bitcoin and @ethereum in growth. Binance investors have made mor…
1117832645734350850,2019-04-15 16:50:45,"RT @coindesk: JUST IN: @binance is delisting bitcoin SV $BSV days after CEO @cz_binance called Craig Wright, the fork's creator, a ""fraud.""…"
1117826451816861696,2019-04-15 16:26:08,"RT @rallyqt: Love the statistics feature from Coinmarketcap: 
• ATH $24.91 
• Low $0.096109
• Current price $19.71

Will Binance coin reach…"
1117637237934448640,2019-04-15 03:54:16,"RT @binance: It's starting to get hot in here!🔥🔥🔥

Guess how many $BNB we will be burning for Q1 2019? The person with the closest answer w…"
1117609056032575489,2019-04-15 02:02:17,"Lastly, anyone who supports BSV from a tech perspective should be attacking the fraudulent Craig Wright, who is poi… https://t.co/ANrOMIP8QN"
1117515470981124096,2019-04-14 19:50:25,RT @binance: Just over 7 hours left for you to show us your creativity!!! We’re giving away $500 in $BNB in prizes for recreations of the #…
1117276307841146881,2019-04-14 04:00:04,"RT @binance: We've added a new set of official #Binance wallpapers to our brand assets drive! 

Throw one on and show us how it looks 👀

ht…"
1117073910996951042,2019-04-13 14:35:49,RT @ChuckCostellos: How much #BNB do you have?
1116676902792515584,2019-04-12 12:18:15,"Need some testing, please! :)

We are genetically programmed to get satisfaction when we help others. Donate 1 BNB,… https://t.co/LVHidTvHDW"
1116622696945602561,2019-04-12 08:42:51,"@MustacheTommy I normally don't like get involved in debates, pick sides, etc.  But this is going too far.

I also… https://t.co/Ajhqm0nkN3"
1116541607916920833,2019-04-12 03:20:38,"RT @BinanceResearch: Can you leverage correlations from major market cycles to determine if the cryptomarket has bottomed out? 

#Binance R…"
1116537653229342721,2019-04-12 03:04:55,"RT @iiblockchain: @cryptocom donates to @binance 🚀

$BNB @cz_binance 

https://t.co/MihtoJuKck"
1116518823639732224,2019-04-12 01:50:06,"RT @TrustWalletApp: Today is #NationalPetDay! Reply to this post with name + photo of your furry friends 🐶🐱

Here are some things you can d…"
1116238919853469697,2019-04-11 07:17:51,RT @Kris_HK: @cz_binance @cryptocom @BinanceBCF @bobbybaocrypto @whale_alert The impetus was your Deconomy keynote. 1 BNB donated = 66 days…
1116159837279096837,2019-04-11 02:03:37,"RT @BinanceResearch: The dominance of $KRW traders in crypto has seen a sharp decline with the ""Kimchi Premium"" remaining low. Can Bitcoin'…"
1116000731805376516,2019-04-10 15:31:23,"RT @APompliano: My guy @lukewagmancmc runs Coin Market Cap and has the CMC logo on his arm, along with the Binance and Bitcoin tattoos. 🔥🔥…"
1115871114985639937,2019-04-10 06:56:20,"Interestingly, the author of the article do use his referral link when mentioning @Binance in his article.  We typi… https://t.co/oLNWt9b1Ab"
1115579024170872833,2019-04-09 11:35:40,"RT @CCNMarkets: $546 Million: CME Bitcoin Futures Hits Record 1-Day Volume; Could Spike BTC Beyond $6,000 https://t.co/loNlZBqHL6"
1115543738963480576,2019-04-09 09:15:27,"RT @BinanceJE: #QUIZ Day 2

How much commission do you earn when inviting friends to use #Binance.je with your referral link? (Find your re…"
1115063669480517632,2019-04-08 01:27:50,Highest bid on the house is in #BNB. auction is live. #UseBNB 🔥🔥🔥 https://t.co/Pfu9oBOgb9
1114930578820714496,2019-04-07 16:38:59,RT @LckyNmbrNn: @binance #MyBinance a 3d printed bnb coin https://t.co/r8GNV2CTZK
1114852990152658946,2019-04-07 11:30:40,"RT @cz_binance: Humbled to see #BNB supported by the new Galaxy S10, one of the 16 coins supported by default! 

#UseBNB https://t.co/fjdY5…"
1114837621887234048,2019-04-07 10:29:36,Would wearing this watch leave a temporary #bnb logo on your wrist then? Lol https://t.co/BwDp2WJhHJ
1114765808025006081,2019-04-07 05:44:14,RT @V1adimirovi4: Just  imagine! #MyBinance #BNB @binance  @cz_binance https://t.co/GbwpDWPHtL
1114764842961788929,2019-04-07 05:40:24,"@prateek_jain321 @binance Lol, that was a random name card exchange at the public area of dconomy conference. This… https://t.co/ULZSAwCszZ"
1114757461796212736,2019-04-07 05:11:04,"Humbled to see #BNB supported by the new Galaxy S10, one of the 16 coins supported by default! 

#UseBNB https://t.co/fjdY5c00r0"
1114712569413914625,2019-04-07 02:12:41,"@MustacheTommy @lukewagmancmc I was contacted by the maker after my previous tweeter post, I think it was Nov/Dec,… https://t.co/fzUONdX598"
1114710165910052864,2019-04-07 02:03:08,Link to medium article. https://t.co/vYwSUSdpkU
1114569052838490112,2019-04-06 16:42:24,"RT @rallyqt: Shorting cryptocurrencies is a losing game. But if I had to short a cryptocurrency right now, it would not be Binance Coin. BU…"
1114569042600161280,2019-04-06 16:42:22,"RT @CCNMarkets: Bitcoin Surging 19% Only the Beginning, Halving Will Propel to Meteoric Gains https://t.co/iGWpBGEfYR"
1114509872546992129,2019-04-06 12:47:14,"@CM_X_CM @dipanjangh @binance @Ravencoin @BittrexExchange nice try, this was already answered in the previous video… https://t.co/tmwi13UreZ"
1114498106110779392,2019-04-06 12:00:29,"RT @dadetrading: Poll $BNB:

@binance @cz_binance are providing real world use cases for the digital financial sector - and the platform se…"
1114424839132012544,2019-04-06 07:09:21,"@MustacheTommy yes, the full story is, @lukewagmancmc and I both ordered one of these bitcoin watches, after the ta… https://t.co/XMZFOD1kyA"
1114357443859849216,2019-04-06 02:41:33,RT @binance: Show us your creativity! We’re giving away $500 in $BNB in prizes for recreations of the #Binance logo in your own style. #MyB…
1114357389589745665,2019-04-06 02:41:20,RT @GautamChhugani: Value of the $BNB coin merely reflects the strength of this ecosystem. Just like strong economies have strong currencie…
1113987545321230336,2019-04-05 02:11:42,"RT @BinanceResearch: Can Bitcoin return to its 2017 glory? 

These following indicators show that we could be getting close. $BTC #Binance…"
1113859816806465537,2019-04-04 17:44:09,Hard to keep up.  From a #eth single wallet to multiple blockchains. https://t.co/Qz5KAmoEDg
1113857865968578560,2019-04-04 17:36:24,One more way to buy #bnb with #vnd https://t.co/EVWDu6WeGm
1113854673532768256,2019-04-04 17:23:43,"RT @CryptoPointHi: For some reason I love BNB coin. I think, so far it is one of the most promising coin from any Crypto exchange out there…"
1113719548027392002,2019-04-04 08:26:46,"RT @binance: Less that 24 hours ⏰ remain until $BNB balance snapshots begin for the @maticnetwork token sale on #Binance Launchpad.

BNB wi…"
1113333137302380545,2019-04-03 06:51:19,"RT @rallyqt: @TheCryptoDog What other crypto is at is almost at its peak during this slight bump up and has utility. 

Binance coin $bnb
Bi…"
1113271716698972161,2019-04-03 02:47:15,"@crypto_manila @thatbitcointho @Himanshuladha2 Exactly, #bnb benefits from gains in #btc and the overall market."
1113269778993438721,2019-04-03 02:39:33,RT @ErikVoorhees: The US dollar has fallen to 1/5000th of a Bitcoin
1113250251123466240,2019-04-03 01:21:57,"lol, someone didn't #Hodl

#BTC #BNB https://t.co/T2mqkoaMgl"
1112976613514174464,2019-04-02 07:14:37,when you short $BTC https://t.co/UQW2x0Y5NH
1112975570969624577,2019-04-02 07:10:28,"RT @TheCryptoDog: 🚨WARNING! 🚨 

𝗕𝗜𝗧𝗖𝗢𝗜𝗡 𝗜𝗦 𝗜𝗡 𝗔 𝗦𝗧𝗔𝗧𝗘 𝗢𝗙 𝗘𝗠𝗘𝗥𝗚𝗘𝗡𝗖𝗬

FROM THIS POINT FORWARD, IT IS 🚫𝗜𝗟𝗟𝗘𝗚𝗔𝗟🚔 TO SHORT #BITCOIN

😡OFFENDERS…"
1112967411240624128,2019-04-02 06:38:03,"RT @LukasBydzovsky: Today there are 6 coins with &gt;100m real trade volume. Thats a good start.
$BTC $ETH $BNB #crypto https://t.co/tBTvks4rxg"
1112673571862511616,2019-04-01 11:10:26,Adjusted to 50 $bnb based on feedback from our community. https://t.co/41M4ZCl0eU
1112649840515645440,2019-04-01 09:36:08,"Don’t worry #gold, #Bitcoin will leave some use cases for you. https://t.co/E0SReJvc0A"
1112531029674196992,2019-04-01 01:44:01,"RT @HYLW1209: #binance @_blockandchain_  @cz_binance  I received my 100 USD bitcoin as a reward, thanks to binance, Mia Tam and CZ!!!! http…"
1112529647441334272,2019-04-01 01:38:32,"RT @PurpleSuede22: Started using @TrustWalletApp because I saw soany ppl from @Cent using it and MAN.

With a $BTC and $ETH wallet AND a we…"
1112528879376162816,2019-04-01 01:35:29,"RT @SludgeFeed: 📈 Q1 Crypto Market Recap: 

▫️ Top performer: Project Pai (#PAI) +792.2%

▫️ Top large cap: Binance Coin (#BNB) +194.7%

▫️…"
1112392871104004096,2019-03-31 16:35:02,RT @DonnyCrypto: I hold my same stance $BNB is the Amazon of crypto. Still has the possibility to 100x from here.
1112235965714591744,2019-03-31 06:11:33,@MyCryptoWorld_ @coinvasity please don't do that.  That's the wrong reason to hold #BNB.
1112234735260991488,2019-03-31 06:06:39,"RT @TheCryptoDog: Looks like continuation to me.

$BNB https://t.co/2P8dJ3FHbJ"
1112189358063247360,2019-03-31 03:06:21,"RT @LunarCRUSH: @cz_binance @binance Much appreciated @cz_binance! To celebrate, we’ll purchase some $bnb to celebrate one of our founder’s…"
1112185203705806849,2019-03-31 02:49:50,"RT @AlexSaundersAU: On this day in #CryptoHistory
'18 @Twitter bans #crypto ads
'17 Japan recognised #Bitcoin as payment method
'16 @Micros…"
1112065823638614016,2019-03-30 18:55:28,RT @DataLightMe: From gas that powers an ecosystem to a top 10 crypto asset: today @Binance Coin is far ahead of any other token or coin is…
1111965255331016705,2019-03-30 12:15:50,RT @jimmybuckets007: @SpendCard Love it! I see you $BNB @cz_binance @cz_binance @Teddy_Lin @weizhouBinance https://t.co/TXhWFKE2Tl
1111874782578917376,2019-03-30 06:16:20,"As far as we can monitor, none of the ""allegedly hacked"" EOS were sent to @binance.

I think hackers don't want to… https://t.co/bFfXqdJRx7"
1111810261155930112,2019-03-30 01:59:57,"RT @LunarCRUSH: We just published Momentum Matters. It's a story about snowmen, and $BNB. @binance @cz_binance ⛄️

A 6 minute read on Mediu…"
1111695276715073536,2019-03-29 18:23:02,"RT @CryptosBatman: Big months coming for Binance!

- $BNB Coin burn April 15th
- Binance Chain Mainnet Launch
- Binance Dex launch
- Big pr…"
1111689461664894977,2019-03-29 17:59:56,"RT @bitcoinist: Bitcoin On-chain Daily Transactions Spike To 15-Month High

The 15-month long bear market isn’t affecting Bitcoin adoption…"
1111610066711412736,2019-03-29 12:44:27,"Damn, those #bnb look delicious! https://t.co/JktNTZjU02"
1111544224451686400,2019-03-29 08:22:49,@JohnInvesting One step at a time. Adoption of BTC is good for #BNB
1111257862037106688,2019-03-28 13:24:55,RT @cz_binance: @JBTheCryptoKing @bitcoinist And they blame bitcoin...
1111257836963553280,2019-03-28 13:24:49,@JBTheCryptoKing @bitcoinist And they blame bitcoin...
1111257309672402944,2019-03-28 13:22:43,"RT @hoangsonviet: #UseBNB Mua $BNB bằng $VND cho người dùng @BinanceVN lần đầu tiên tại #VietNam. Thanks to .@Aliniex 

#HODL your heads do…"
1111204823368495104,2019-03-28 09:54:09,Now you can buy $BNB with $VNĐ 🇻🇳 #UseBNB https://t.co/kl8d9lO7Qy
1111063293345431552,2019-03-28 00:31:46,"RT @vikmeup: Stellar and XRP are now supported, smooth integration. 

What should add next? https://t.co/mykKrkvvat"
1111063065418555393,2019-03-28 00:30:52,"RT @rallyqt: Binance coin ( $BNB )

• Discount on trading fees ☑️
• Buy a product with binance coin ☑️
• Accept binance coin as a form of p…"
1111060717795446784,2019-03-28 00:21:32,"RT @bitcoinist: Swiss Bitcoin Adoption Is Booming: Famous Dolder Hotel Accepts BTC

Cryptocurrency payments are coming to new conspicuous c…"
1111040345045786624,2019-03-27 23:00:35,"RT @TrustWalletApp: Trust Wallet Adds #Stellar Lumen -- Securely send and receive #XLM from the convenience of your mobile wallet.

Read mo…"
1110953353104646144,2019-03-27 17:14:54,RT @Beastlyorion: People still waiting for $1000 $BTC https://t.co/sTWOvg15ep
1110860905116393474,2019-03-27 11:07:33,RT @TrustWalletApp: Trust Wallet welcomes the #AionFoundation and its community by announcing support for @Aion_Network $AION on iOS and An…
1110854069084553217,2019-03-27 10:40:23,"RT @CryptosBatman: If you own a whole Bitcoin, you will be one out of maximum 21 million people to own that much.

Still think you're late?…"
1110778159203385345,2019-03-27 05:38:45,"@binance While many other exchanges were busy building Futures, shorting, etc in the bear market, we focused on int… https://t.co/yZBdCCrTH2"
1110591251122806786,2019-03-26 17:16:02,"@bravocoindotcom @scottmelker I know the words, resistance, support, fibs, rsa, etc.  But it's like I know what eac… https://t.co/WQTtMYg3fc"
1110483370683699201,2019-03-26 10:07:22,"@teddycleps I bought in 2014.  So much have happened, and still happening. ETH ICO’ed, China Central Bank got into… https://t.co/c2YEzjanRN"
1110473314663694336,2019-03-26 09:27:24,"RT @BillyBambrough: As #Bitcoin And Crypto Markets Lose Billions, One Coin Is Soaring via @ForbesCrypto https://t.co/HNA4MqBmWY"
1110469075690360832,2019-03-26 09:10:33,"I find it interesting most non-bitcoiners thinks bitcoin's started at $20,000, with statements like 85% drop, etc,… https://t.co/355lKEV0IQ"
1110466917850972160,2019-03-26 09:01:59,"RT @binanceliteau: Enjoy 50% off transaction fee during the Beta period. 😍💰

Buy bitcoin &amp; deposit to any wallet with Binance Lite today at…"
1110421827451408386,2019-03-26 06:02:48,"RT @binance: Win #Binance merch! There are 5 hoodies and 5 hats up for grabs!

Click on the link below to enter👇

https://t.co/4Ahbkl9tnP h…"
1110252514186661888,2019-03-25 18:50:01,"RT @binance: Examining the implications behind @monero 's latest fork.

@BinanceResearch analyses the effects of forking out ASIC miners an…"
1110200406833979392,2019-03-25 15:22:58,"If you knew in 2016, that BTC price will be $4000 in 2019, would you call 2019 a bear market?  And what would you h… https://t.co/4L3nPtdWHD"
1110138217678827520,2019-03-25 11:15:51,@amussic16 @trade2surf if working hard to adding more utility to #BNB is greedy? then I am greedy.
1110137463337439238,2019-03-25 11:12:51,"@RolandLimHW @ltc_angel @Binance_DEX BNB does NOT offer dividends.  We will continue to add utility to it, more use cases."
1110135262128926720,2019-03-25 11:04:06,"RT @Teddy_Lin: 13,000 more ways in Indonesia to get your $BNB thanks to @playgame_pxg ! #UseBNB https://t.co/9NQYeqBrF4"
1110126565424128001,2019-03-25 10:29:33,"RT @ltc_angel: Why $bnb is a good token to hodl/trade
- 25% off trading fees
- Binance Launch Pad (past successful icos $btt, $celr)
- Next…"
1110126275182551040,2019-03-25 10:28:23,"@Pavel_Escobar86 @IamCubeSOUL It all depends on perspective.  My base currency is crypto, #bnb.  

Everything is relative."
1110110975678513152,2019-03-25 09:27:36,RT @CryptoPandaAUS: Bought some #bitcoin last week with @binanceliteau at a newsagent. It's deposited directly into my @TrustWalletApp so I…
1110105676850688001,2019-03-25 09:06:32,"RT @BrainExrn: I must say I am very impressed with $BNB #Binance but not surprised!

 Great Work! 
🚀🌕✨

@Binance_DEX 👀 @binance @cz_binance…"
1110102249202552833,2019-03-25 08:52:55,"RT @playgame_pxg: Now you can #UseBNB to play with your friends at https://t.co/YUOZgCzXX3

#PlayGame enables you to purchase $BNB or $PXG…"
1110062616678793216,2019-03-25 06:15:26,"@4josh_ Nothing really is, you could argue Bitcoin is centralized around a few miners."
1109984223862022144,2019-03-25 01:03:56,RT @CryptosBatman: $BNB skyrockets after #Binance announces the next Launchpad sale lottery is dependent on how many BNB you hold. The more…
1109984212109516800,2019-03-25 01:03:53,"RT @GautamChhugani: For those who followed my $BNB thesis, I had mentioned ‘programmable incentives on BNB’. Today’s move to link ICO alloc…"
1109852266339528705,2019-03-24 16:19:35,"@cryptomanran lol.  Not so important, we just gotta keep #buidling, add more use cases to #BNB."
1109835134902034435,2019-03-24 15:11:30,"@Baljeet10615796 lol, if you had it in BNB a few hours back..."
1109819873532608513,2019-03-24 14:10:51,"@UshaRajuA 50 BNB seems to be the most suggested number.  Will consider it.

I enjoy twitter, it's a hobby, even in ""tough"" times. :)"
1109818307736014848,2019-03-24 14:04:38,"@tokenstate We will continue to add more use cases (utility) to #BNB, even the ones we haven't thought of today."
1109814924291657728,2019-03-24 13:51:11,RT @Chepicap: | Binance pumps 15% after new Launchpad format; @cz_binance addresses user concerns : https://t.co/zviB8dzsvI $Binance Coin…
1109783401404350465,2019-03-24 11:45:56,"@cryptoguru075 @binance please follow your heart and don't buy.  We will continue to add more utility to #BNB, whet… https://t.co/9VaMPDIPOV"
1109782060716052481,2019-03-24 11:40:36,"@EdgarAronov @yashu_tiwari you don't hold BNB, lol."
1109778904246423555,2019-03-24 11:28:04,"@ChuckCostellos Thanks, we will continue to add more use cases (utility) to #BNB."
1109773273833693184,2019-03-24 11:05:41,@Vikaskawade2 50 BNB makes sense to you?
1109771619629596672,2019-03-24 10:59:07,"@KintuLabs separate rounds is tricky, #BNB price will fluctuate between rounds, causing more people to cry unfair.… https://t.co/K5zvdZT2Ju"
1109770733226352641,2019-03-24 10:55:36,"@trader461 we will continue to add more utility for #BNB, even the many that we couldn't think of at the white pape… https://t.co/1GP0VSlgQY"
1109763460953300992,2019-03-24 10:26:42,"The core issue is high demand, and BNB holders are still a very large base, even limiting to BNB holders doesn't so… https://t.co/9OdDf9j0ei"
1109762931493752832,2019-03-24 10:24:35,"Feedback 1, whale issue, can't afford to hold 100 BNB.

Reducing it is possible, but would mean lower % chance of w… https://t.co/gFUSDPJFra"
1109707693151784960,2019-03-24 06:45:06,"name overlap with 2 Chinese banks, lol.  At least, not in the same industry. :) https://t.co/xhzVtbl45C"
1109703529801801728,2019-03-24 06:28:33,"@ChuckCostellos I do, #BNB doesn't."
1109659717469503488,2019-03-24 03:34:27,"This article from 2014 aged well
- Bitcoin’s “bubbleness” was discussed
- BTC price was $130 USD
- The chart shape.… https://t.co/iKj2QDnmQr"
1109618659977129985,2019-03-24 00:51:18,RT @CryptoMediaDesk: Just bought 200USD of binance coin $BNB in a gas station in NJ to my @TrustWalletApp Thanks @BelcoBTM @cz_binance #BNB…
1109483862172696576,2019-03-23 15:55:40,@thomaspower Missing #bnb
1109461572395528193,2019-03-23 14:27:06,"@lawmaster @BitwiseInvest I tend to stay on the solutions side only.

Theblock seem to just attack exchanges with r… https://t.co/8BJLwslnKJ"
1109449927623495681,2019-03-23 13:40:49,"RT @TheBitcoinNews: https://t.co/Si3ePSAWRv

#bnb #binance #IEO @cz_binance @binance"
1109372566869663744,2019-03-23 08:33:25,RT @ChuckCostellos: @ripple10usd #BNB is in massive accumulation mode! In my opinion the best crypto investment you can do! @cz_binance is…
1109372415451119616,2019-03-23 08:32:49,"RT @kevinlambert: Post CELER sale, $BNB was able to let off some steam. Look how well it's been playing with the previous support and resis…"
1109371680319668224,2019-03-23 08:29:54,RT @namsgram_: My #BNB ❤️ is roaring this winter ! How’s your @cz_binance? https://t.co/mdwRNX6uMm
1109156847884263424,2019-03-22 18:16:14,"RT @BitwiseInvest: 5/ Only 10 exchanges have &gt;$1M real daily bitcoin trade volume. @binance, @bitfinex, @krakenfx, @Bitstamp, @coinbase, @b…"
1109023304436740097,2019-03-22 09:25:35,"Buying BNB @CoinFlipATM 

https://t.co/VW0Ea59SO4"
1109009450801623040,2019-03-22 08:30:32,"RT @CoinFlipATM: In collaboration with @binance, we’re pleased to announce the newest coin available at all of our ATMs - Binance Coin (BNB…"
1108938364978225153,2019-03-22 03:48:03,"@Segura2018 no, it's not.  It would be explicitly a sales to BNB holders."
1108934880484716547,2019-03-22 03:34:13,"@jai_prasad17 that's expected, right?  People buy #HODL #BNB when we add another use case (utility) to it."
1108934274395209728,2019-03-22 03:31:48,"@cryptospa1 Raising ICO for ETH have the same ""centralization"" issues, ""oh, I have to use ETH, and not BTC"".  Launc… https://t.co/GdyHMyE1Si"
1108933093472133121,2019-03-22 03:27:07,"@CryptoNekoZ thanks, there is the risk for BNB price fluctuating, it's a calculation the investors have to factor in."
1108776688060493825,2019-03-21 17:05:37,"RT @BinanceAngels: #Binance's @TrustWalletApp has added support for $XRP &amp; credit card payments! Read more in this article below:

https://…"
1108696385174433792,2019-03-21 11:46:31,RT @CoinDeskMarkets: Bitcoin’s 14-month bear market has ended up creating a similar price pattern to one that paved the way for a bull run…
1108696150897352706,2019-03-21 11:45:35,"RT @binance: #Binance Adds $IOST / $BNB and $IOST / $USDT Trading Pairs
https://t.co/Fjpo4RCC8k https://t.co/rOiZQc7WDu"
1108620012481216514,2019-03-21 06:43:02,"RT @iamjosephyoung: Binance allowing casual users to buy bitcoin at 1,300 physical stores in Australia is the sort of thing that could real…"
1108606998155653120,2019-03-21 05:51:19,@The_Oracle_960 @binance Adoption.  We pay our lawyers in BTC/BNB.  It’s an easy to filter for crypto friendly lawyers.
1108357081445195777,2019-03-20 13:18:15,"RT @TravelbyBit: You can now top-up your @TrustWalletApp via #BinanceLite Australia - a fast, simple, and secure way to buy #bitcoin with c…"
1108333772569608194,2019-03-20 11:45:37,"@themazuma @Binance_Info if you can't find the link, then...

It's at the bottom of our homepage."
1108302359187210240,2019-03-20 09:40:48,"RT @coindesk: .@binance has unveiled a new platform in Australia that allows users to buy bitcoin with cash from 1,300-plus newsagents. htt…"
1108279067885756417,2019-03-20 08:08:15,"RT @BTC_Stork: Don't think it's the end of $BNB rise for now, expecting another ICO announcement soon, most likely after listing  $CELR on…"
1108278565076766720,2019-03-20 08:06:15,"@jeffreyrufino As it should, we want early adopters of #bnb to be packed."
1108231501336854530,2019-03-20 04:59:14,"RT @crypt0bank: @binance brings AUD-BTC to Australia with Binance Lite
https://t.co/7LSyVEluJY @cz_binance"
1108217612117262337,2019-03-20 04:04:03,RT @kylekemper: ✨Converting $AUD from book sales to $BTC in #Adelaide using @binance lite! ✨Welcome to the #future! ✨Thanks to @TravelbyBit…
1108176594365931520,2019-03-20 01:21:03,"RT @AlexSaundersAU: Breaking News: @binance enters Austalia! $BNB #ausbiz #crypto
Read full article: https://t.co/PyL1kNYRse https://t.co/W…"
1108072599676817409,2019-03-19 18:27:49,@crypto_reborn @whosyodaddy13 @BeansLegume That's the problem. There are a larger number of bnb holders.
1108022167411675136,2019-03-19 15:07:25,"We *may* try a different approach next time, a BNB holding allocation model. Still thinking about it..."
1107971251392245760,2019-03-19 11:45:06,"Wow, small step for crypto, big one for $bnb. #usebnb https://t.co/oPinUyFhPG"
1107599236412006400,2019-03-18 11:06:50,"RT @CryptosBatman: Hot tips for the Celer ICO on #Binance Launchpad 🌟

- Do the terms &amp; conditions agreement beforehand
- Low buy orders in…"
1107527786615500800,2019-03-18 06:22:55,#binance #bnb https://t.co/oLngaRhDql
1107290368410714113,2019-03-17 14:39:30,@Chepicap @binance @ethereum @VitalikButerin no. ETH have smart contract that could do anything. @Binance_DEX is a… https://t.co/f2mMZDmTf3
1107126881868890112,2019-03-17 03:49:52,RT @fhsaurat: @cz_binance @binance... BNB is now playing Football😏. For the fan of Football &amp; Crypto #kryptoFootball can now be playing wit…
1106792323931758592,2019-03-16 05:40:27,@DavidMckinsley @crypto Ford is not a horse.  #ETH is not a security.
1106785645039542275,2019-03-16 05:13:55,"@SHERM8N @AlexShin @mickhagen @Mainframe_HQ I would love to get $BNB in whatever movie Mick is making, lol.  It's just the right touch."
1106553487452598272,2019-03-15 13:51:24,"RT @DesiCryptoHodlr: I support #Binance Blockchain Empowering the Bottom Billion

Donate 1 BNB on https://t.co/4Tw5Nizmvt to educate &amp; feed…"
1106260440349175808,2019-03-14 18:26:56,"RT @binance: With @Theta_Network 's mainnet launch scheduled for tomorrow, @BinanceResearch has released an in-depth report about Theta's n…"
1106260387454812160,2019-03-14 18:26:44,"RT @ThunderProtocol: Another excellent research report by the @binance @cz_binance research team, helping to make transparency the norm. ht…"
1106140094442815489,2019-03-14 10:28:44,"my team corrected me that now 1 #BNB can support a child for more than a month now, given the recent rise in price. lol...

Feeling good."
1106137720298991618,2019-03-14 10:19:18,"It's not the lunch, it's the education!

Would you donate 1 #BNB, to help a child in Africa for 1 month? https://t.co/iJHntxXXCl"
1105786079381151744,2019-03-13 11:02:00,"@binance @Jager_Binance @BinanceAcademy What do I do on my free time? Rubik cubes.

$BNB for a good cause!"
1105685486616535041,2019-03-13 04:22:17,"@elonmusk @rallyqt Need a little investment?  Happy to contribute some, in #BNB."
1105654341786955776,2019-03-13 02:18:31,"The #XRP army should be happy about this. Someone called me the ""leader of the XRP Army"" during my live AMA, lol...

https://t.co/JqKNxmh1FP"
1105377732584603648,2019-03-12 07:59:23,@GryptoTheDog @Victor39417832 that's a test symbol we use for production test. :)
1105364587094847488,2019-03-12 07:07:08,"@CHalexov2016 @binance @Ledger lol, you have to stop shilling tezos to me.  we don't comment or respond to listing/coins."
1104974642853273600,2019-03-11 05:17:38,"Not a Binance house. I only found out after seeing the link, but like it a lot."
1104974408941166595,2019-03-11 05:16:43,The world's first live property auction using cryptocurrency streaming. Accepting Bitcoin &amp; Binance Coin #useBNB https://t.co/pt4ULhkSOC
1104692646163865600,2019-03-10 10:37:05,"Not everyone uses USD, yet it has value.  We don't need everyone to use bitcoin for it to have value. https://t.co/tdqVL4Y5BA"
1103650456964722688,2019-03-07 13:35:48,bitcoin doesn't know fear. https://t.co/UpcayYHfgh
1103614949497008129,2019-03-07 11:14:42,"Thank you! 

As a CEO, it is my duty to promote $BNB. I owe it to our hodlers. And I like to interact with our $BNB… https://t.co/8Ru3Z96UNW"
1103135191030161408,2019-03-06 03:28:19,"@DrHunterPaul no, we honestly don't.  Bitcoin has its purpose, and BNB has its purpose too. They are not the same.… https://t.co/XXnyZP92X5"
1102887290383228934,2019-03-05 11:03:15,"@papacrypt @hiveex Good article, thanks.  $bnb is key for Binance Chain, much like eth is for ethereum."
1102849087055884290,2019-03-05 08:31:26,"@itsSDJ nah, those other blockchains are definitely more similar to ETH in functionality, general purpose chains.… https://t.co/3EjdTzFgLh"
1102777885285220354,2019-03-05 03:48:31,"@RadebTshepo @JBTheCryptoKing @binance BNB, BNB, BNB, BNB, BNB."
1102603233111883777,2019-03-04 16:14:30,"@AnonD0ge @MatiGreenspan No, that would make #BNB a security, and you don't want that."
1102574112910663685,2019-03-04 14:18:48,@XRP_DAN @DPhilphil @chinese Let's wait for a few years and pay 0.x BNB.
1102413124186005504,2019-03-04 03:39:05,"@binance @Binance_DEX We don’t comment on: 
Coins/projects/listing status; 
Other exchanges; 
Regulations. Imagine… https://t.co/JCDXNIZSIo"
1102070118052331520,2019-03-03 04:56:06,Standard range 10 btc.  Let's see in a few years. https://t.co/ZVhAJqrSBZ
1102048149391069184,2019-03-03 03:28:48,@Ravencoin @binance Keep building.
1101843529771311104,2019-03-02 13:55:43,@theanimalxrp @netscr1be @coinbase @ToastWallet @binance @wirexapp I guess they are new to #XRP.  Those are not los… https://t.co/gojcwWw4la
1101794269151428608,2019-03-02 10:39:58,"alright, let's put Tesla on hold for a bit, I don't drive anyway.  Let's put bitcoin on Mars, as the first currency! https://t.co/EPyckaa9F2"
1101687445509324800,2019-03-02 03:35:30,@chainlinkfan @DocuSign @chainlink Very cool.  Congrats!
1101667050563358720,2019-03-02 02:14:27,"If time allows, I may ramble about $bnb price, fiat gateways, as well.  And take questions from the live chat.  See… https://t.co/zqya7Qe5Hy"
1101397266244427776,2019-03-01 08:22:25,"@GautamChhugani BNB is absolutely not a security/stock of Binance, but more as an underlying currency to the eco-sy… https://t.co/l6u2AOiMWw"
1101393110863495168,2019-03-01 08:05:55,"@MoenensJan @Binance_DEX There isn't another name.  Call it DEX Cash? hahaha

https://t.co/VkjvhfcbYK"
1101390796136169473,2019-03-01 07:56:43,"To test the hell out of @Binance_DEX, we are giving away roughly $100,000 USD equivalent, in REAL $BNB, as reward f… https://t.co/cTnMZVoJXS"
1100683006576971776,2019-02-27 09:04:13,"@rallyqt lol, stupid me.  I never thought to ask... when we listed USDC."
1100442982237401088,2019-02-26 17:10:26,"@htcexodus @Teddy_Lin @binance I will definitely pay for one now, with $bnb"
1100097053726629888,2019-02-25 18:15:51,"Like to think we contributed to the adoption, maybe just a tiny bit, lol.  Congratulations #XRP!

The more adoption… https://t.co/bCo9Jgrt5J"
1099704984122216448,2019-02-24 16:17:54,Interesting how this list differs with the xrp trading volumes reported to CMC for ranking. https://t.co/qt6qaC1msp
1099558226066956289,2019-02-24 06:34:44,"@hodler_krypto @binance @fetch_ai it's used to pay for fees on it, just like ETH is used to pay for most fees on th… https://t.co/APqrAGmNo6"
1099197909319348225,2019-02-23 06:42:58,I massively under-appreciated how detailed this report went on $BNB and @binance. Almost scary. Definitely worth a… https://t.co/jck4Osr7pO
1099134711765426177,2019-02-23 02:31:50,"@cryptofreelanc2 @APompliano We all do, and bitcoin doesn't even do that."
1099132381124911104,2019-02-23 02:22:35,"I just complied with Cunningham's Law (wasted time), bitcoin never does."
1098586729663975425,2019-02-21 14:14:21,#carefulwhatyouwishfor #binance #hodl #bnb https://t.co/A0KwrKEvnu
1098551211144310784,2019-02-21 11:53:13,"@gladiatorbog @KashPantz What's the issue?  There is an Eric Zhang from Neo, CTO (he used to be Huobi CTO too). We… https://t.co/8u1x5RkRVN"
1097891825153495041,2019-02-19 16:13:03,"@G0JlRA @alex_dreyfus @chiliZ @socios We need to do something, using hot pepper chilliz."
1097890983679647744,2019-02-19 16:09:42,@CHalexov2016 @binance @Binance_DEX Still a long way to go. Look at eth and btc. Respect to them.
1097888383404134400,2019-02-19 15:59:23,"@LucaBalinski When btc do well, it will be very good for us too."
1097886820199686145,2019-02-19 15:53:10,@CHalexov2016 @cryptomanran eth has more growth than us since ico.  Still our role model
1097827822704324611,2019-02-19 11:58:44,"@LucaBalinski @Binance_DEX No concept of registering, it's a decentralized network, much like bitcoin. All you need is a wallet."
1097436617608843265,2019-02-18 10:04:13,Q: what model would you use to evaluate BTC or ETH? @Rewkang https://t.co/VijGMhi5Xp
1097375292648087552,2019-02-18 06:00:32,"@Rewkang Great thread, you understand $BNB better than most people."
1096658158993448960,2019-02-16 06:30:54,"The Binance effect.  

Add $BNB to your ecosystem. https://t.co/4GRFFYUNPM"
1096635139541610497,2019-02-16 04:59:26,Someone built a physical bridge with #bnb and other crypto on it. Lol https://t.co/a9LRdHnigG
1096617566598967296,2019-02-16 03:49:36,"@mdudas @binance This is probably one of the best statements on why $BNB is not a security, but a utility token. I… https://t.co/FAa3kFFgF3"
1096255618749353985,2019-02-15 03:51:21,"Wow, this is awesome in so many ways!  #HODL $BNB and just swipe a card when you spend. Best of both worlds!

Someo… https://t.co/KrZvqzdqTr"
1095983942522400769,2019-02-14 09:51:48,@Tom_Chilli @binance we are absolutely open to any token any blockchain.  We are agnostic.  And very NEO friendly.
1095969675576455168,2019-02-14 08:55:07,"Someone forwarded me this. 18 months ago, 3 weeks after launch, $BNB at ATH, price is 1/50th of what it is now, 4 c… https://t.co/1IzqZgmeIM"
1095692994311643136,2019-02-13 14:35:41,"Can't argue, the XRP army is strong."
1095474997286457345,2019-02-13 00:09:26,"@BTCgroover @JBTheCryptoKing @binance When others are spreading to more products like margin etc, we focused on sec… https://t.co/9BvbxAiIuD"
1095305052510576640,2019-02-12 12:54:08,XRP purchasing using a credit card is working now.  Slowly but surely. https://t.co/vm3bA5rv8o
1095191640153542656,2019-02-12 05:23:29,"@Binance will match $150,000 USD equivalent (in $BNB) in donations too.  

Thank you for using the 100% transparent… https://t.co/jMolsqT0NO"
1094836657159692288,2019-02-11 05:52:54,"@alphaalien33 not sure if @elonmusk is ready, Tesla still doesn't accept $BNB for payment... :) YET."
1094596167504080902,2019-02-10 13:57:17,@Crypt0Cookie You are over reading.  ETH is useful for many things even if not for ICOs.  I am not going to say if… https://t.co/pKub6BfIYc
1094522936453550080,2019-02-10 09:06:17,"@GabiCryptoKing @binance @Binance_DEX We will burn 100m $bnb eventually, leaving 100m as available supply."
1094150954423734273,2019-02-09 08:28:10,RT @heyibinance: the sun is always behind the storm. So is the coin price. #bitcoin #BNB https://t.co/jdzBDcDq68
1094149060326379520,2019-02-09 08:20:38,"alright, another exchange lists $BNB. https://t.co/EEUeLyyeLF"
1093771979050471425,2019-02-08 07:22:15,"Indodax is a big exchange in Indonesia, now supporting $bnb.  #usebnb

Apologies for the typo earlier. https://t.co/PetbZQmENq"
1093067764460187649,2019-02-06 08:43:57,Many thanks to @CoinMarketCap for updating the $BNB circulating supply.  Doing ranking is much much harder than peo… https://t.co/8WVpu7ekOy
1093064498850582528,2019-02-06 08:30:59,@layman_crypto We welcome you.  I believe we are more active than most BTC team(s).
1092823460940677120,2019-02-05 16:33:11,@grabyourfr1ends there was an issue with Nano network upgraded to 17.1 about 2 hours ago.   The Nano team and us go… https://t.co/UnIZ3ut33x
1092597755380285440,2019-02-05 01:36:19,I often learn about the price of $bnb on twitter. https://t.co/KOB9RHi4dn
1091682173533351936,2019-02-02 12:58:07,"That's sad. There are many solutions to split private keys or signing to achieve 3/5, 5/7 etc.  Never neglect secur… https://t.co/QB3F30MLCm"
1090996724468858880,2019-01-31 15:34:23,RT @heyibinance: Crypto is of the future: Bitcoin becomes a mainstream investment asset as the mass market’s interest in bitcoin already st…
1089923394219327493,2019-01-28 16:29:21,"Due to overwhelming demands, Tron team generously agreed to do a small airdrop for people who tried to place orders… https://t.co/UwsNgGt9Uk"
1089370858475315200,2019-01-27 03:53:46,"Many people talk to me assuming I know what the $BNB price is, fact is I often have to ask them where are we at, lo… https://t.co/BkXAY7MKMs"
1088770434831593472,2019-01-25 12:07:54,@CryptoBromo @binance that is true.  How many other tokens are there on the list?  But $BNB will have its own chain… https://t.co/vKCcq6GciN
1088727628901535744,2019-01-25 09:17:48,Have to shill once in a while.  #BNB https://t.co/MWt29JETBf
1088134337193639937,2019-01-23 18:00:17,@creiddouthat @tristanighte @CHalexov2016 @tezos @binance @TezosFoundation @TezosCommons @ArthurB @TrustWalletApp https://t.co/3LOK6WKLDr
1088132645580500992,2019-01-23 17:53:33,@brain_bit @rich_teo @dahongfei Neo and bnb have always supported each other.
1088086583914315776,2019-01-23 14:50:31,"The 1 btc is nice, but I believe the invaluable part to her is the early education.  Big impact in life! https://t.co/on2okkBUxU"
1087762226285408258,2019-01-22 17:21:39,"Honored to receive the very Limited Edition of Kialara physical bitcoin from crypto og @MatthewRoszak and @jgarzik,… https://t.co/M7r6PMbm77"
1086258359571869696,2019-01-18 13:45:49,"@Lynchburg_T @Lionel46294550 $XRP doesn't always get pulled by BTC, neither does $BNB (had to shill, haha)."
1086128508173074434,2019-01-18 05:09:50,"This is the day @Binance announced our Whitepaper, honored to be invited by NEO/ANT to their press conference to ma… https://t.co/GjC1xkB6jN"
1085407227429687296,2019-01-16 05:23:43,"Burn complete.  I remember when I did the first burn of $1,500,000 USD equivalent in BNB, I was nervous as hell.  N… https://t.co/oAK4dlI6yi"
1081471923081498629,2019-01-05 08:46:13,"@CryptoSpong3 @binance We listed LINK on 9/28.  Logical, right?

https://t.co/4PquwkC9TJ"
1081394434099503104,2019-01-05 03:38:19,@Dr_strange1 @Techmeme @coindesk @BradyDale We made sure $bnb is supported in the BitTorrunt ecosystem.  Also they… https://t.co/KvfMe3eC6J
1081353621483118592,2019-01-05 00:56:08,"@BankXRP Haven't seen that one, link?"
