id,created_at,text
1128987204422914048,2019-05-16 11:34:59,"RT @wjvill: Ethereum 2.0 continues to make significant progress! Phase 2 is alive, work has started and it continues to evolve. I've writte…"
1128798812213002241,2019-05-15 23:06:23,RT @OpenLawOfficial: Kicking things off with @chainlink and @wanchain_org discussing smart contracts and legal.  Let’s goooooooo 🚀🚀🚀🚀.  #bl…
1128441035426803714,2019-05-14 23:24:42,"RT @niran: As more smart contract platforms launch, it’s becoming clear that it can be more profitable to compete with #Ethereum than to co…"
1128296904230674433,2019-05-14 13:51:59,"RT @coindesk: What happened to THE bet?

At #consensus2018, @jimmysong and @ethereumJoseph made a wager about the future of $ETH, today the…"
1128110251058900992,2019-05-14 01:30:17,"RT @nlw: Dear New Faces of Bitcoin &amp; Crypto Twitter:

Welcome to the hot takes, (un)qualified opinions &amp; outright meme warfare. 

To help y…"
1128080923789004800,2019-05-13 23:33:45,"RT @ConsenSys: Serenity is around the corner. Breaking down #Ethereum's history as a series of upgrades and hard forks, check out the story…"
1127933722962087941,2019-05-13 13:48:50,"RT @sassal0x: This week in crypto:

-@ConsenSys and @ethereum Foundation members join @MolochDAO 👹
-@Microsoft releases dev kit for Ethereu…"
1127355158885748738,2019-05-11 23:29:49,"RT @evan_van_ness: Latest Week in Ethereum News is out! 

https://t.co/EXLzqZB4pV 

#Consensus2019 #consensus"
1127325417189314560,2019-05-11 21:31:38,2030. On my walk home from work my AI companion sends an automated transaction to the #Ethereum blockchain for the… https://t.co/j3h8UbXosP
1127002566947164160,2019-05-11 00:08:45,RT @coindesk: JUST IN: Ethereum funding initiative @MolochDAO just got a major boost from two of the blockchain's biggest names – @ethereum…
1126965831206883330,2019-05-10 21:42:46,"The wait is over! Thanks to @mi_ayako.

@ethereum @EFDevcon V 🍣
Osaka, Japan
October 8-11, 2019… https://t.co/Cz2LERrt7Z"
1126952107993698305,2019-05-10 20:48:14,Packed house here for a forum on layer 1 vs. layer 2 value capture on #Ethereum. All-star lineup: @TusharJain_ cofo… https://t.co/tgsBeZwEeW
1126931857973612545,2019-05-10 19:27:46,"Thrilled to finally reveal that myself, @ConsenSys, @VitalikButerin, and the @Ethereum Foundation are all contribut… https://t.co/VVJf6Mw112"
1126897326235312128,2019-05-10 17:10:33,"We are so honored to have @QDiambi, Queen Diambi Kabatusuila Tshiyoyo Muata of the Bakwa Indu at Kasai Democratic R… https://t.co/IVxpXA3FuW"
1126866204239507458,2019-05-10 15:06:53,"""#Ethereum is a petri dish full of experiments right now"".

@twobitidiot from @MessariCrypto, @tehoban1,… https://t.co/AzddJMFduo"
1126844268348346369,2019-05-10 13:39:43,We’re here at @PioneerWorks_ for the next two days celebrating #Ethereum at @EtherealSummit. @amandagutterman and… https://t.co/m7K80T1XSy
1126616004874907648,2019-05-09 22:32:41,RT @coindesk: EXCLUSIVE: Fintech startup @fluidityio plans to launch ethereum-powered mortgages in California and New York. https://t.co/lU…
1125915251516616705,2019-05-08 00:08:09,RT @ErikVoorhees: Bitcoin showed how money and payments will be taken away from banks.  Ethereum and the #DeFi phenomenon is showing how lo…
1125889558619488256,2019-05-07 22:26:03,"RT @spencernoon: 1/17. The price of ETH is +8% in the past 7 days. Are we in for a bigger move?

Let's have a look at the fundamentals. Thr…"
1125836608710807559,2019-05-07 18:55:39,"Another issue of 'The State of Layer 2' by @jadler0. This time, he tackles @plasma_group's predicates, @leapdao DAI… https://t.co/NOhiLaWzCq"
1125494244385460224,2019-05-06 20:15:13,"RT @gridplus: Preparing for the @gridplus Lattice1 launch, we have a new puzzle! 🧩

2 $ETH @ethereum are hidden in the pattern of the Latti…"
1125414251999395840,2019-05-06 14:57:21,"RT @Shaughnessy119: New Episode with @ethereumJoseph 🗝️

We discuss the promise of @ethereum's Serenity upgrade, why competition isn't even…"
1124780283432140800,2019-05-04 20:58:11,RT @evan_van_ness: Latest Week in Ethereum https://t.co/qjhz9nHQUL
1124346728755408897,2019-05-03 16:15:24,RT @AlpineIntel: Our third Public Key - fresh off the press. Check out some April updates from projects like @foamspace @cosmos @tezos @bin…
1124296171860762625,2019-05-03 12:54:30,RT @coindesk: Code for ethereum's highly-anticipated proof-of-stake (PoS) blockchain is on course to be finalized as early as sometime next…
1124051360494891010,2019-05-02 20:41:42,"RT @ConsenSysEvents: Join @OpenLawOfficial, @chainlink and @wanchain_org for an event on the intersection of #smartcontracts, interoperabil…"
1124028619418931201,2019-05-02 19:11:20,"RT @ChrisCCrowley: Check out the updated @AlethioEthstats #ethereum #API! 

Now with real-time re-org handling. Check the docs -&gt; (link: ht…"
1124010294370607104,2019-05-02 17:58:31,"RT @PanvalaMark: On Monday, the Panvala Awards Committee met and recommended a slate of grants for Ethereum 2.0 and scaling teams including…"
1123989669237133312,2019-05-02 16:36:34,"RT @amandagutterman: Over at @decryptmedia, @AdrianaHamacher prepares us for NYC #Blockchain week festivities. Thanks for highlighting @Eth…"
1123961087844659200,2019-05-02 14:43:00,"RT @ofnumbers: .@ethereumJoseph article up called:  ""The Role of CSDs and Ethereum in Decentralized Finance"" 

it includes contributions fr…"
1123925671972167681,2019-05-02 12:22:16,"RT @ETHNewYork: 🥁 Introducing... 4 of our fabulous judges &amp; speakers: https://t.co/xlc1VAaPqh #ETHNYC

@VitalikButerin // @ethereum
@wen_xs…"
1123607269919350785,2019-05-01 15:17:03,"RT @ethereum: Welcome to the beginning of a new https://t.co/6FlOganaog. Built by the community, for the community. https://t.co/ewAhHbrHaz"
1123560087199592448,2019-05-01 12:09:34,"RT @josephdelong: Pleased to announce that the #Ethereum 2.0 workshop ""Road to #Interop"" will be hosted @BushXGenerator.
 
Welcoming all Et…"
1123277698011410435,2019-04-30 17:27:27,"Presenting the #Ethereum Developer Portal. 

@ConsenSys threw together a massive collection of resources for gettin… https://t.co/v76GYINvvo"
1123244427680591872,2019-04-30 15:15:15,Huge day for the @PegaSysEng team and Enterprise #Ethereum! Pantheon 1.1 marks a big step towards establishing robu… https://t.co/hjPqICfvUu
1123209319099568129,2019-04-30 12:55:44,RT @elonmusk: @VitalikButerin What should be developed on Ethereum?
1122998666917240832,2019-04-29 22:58:41,"RT @EtherealSummit: 🌧️“RAIN”🌧️ by @kevinabosch will be auctioned off at #EtherealNY

A playful example of the artist’s use of the #Ethereum…"
1122530326767702017,2019-04-28 15:57:40,"RT @evan_van_ness: Latest Week in Ethereum News 

https://t.co/V3EI5NnZBq"
1121896089895022592,2019-04-26 21:57:26,RT @ConsenSys: A significant amount of progress has been made on developing layer-2 scaling techniques on #Ethereum in the past half a year…
1121842574384410626,2019-04-26 18:24:47,"RT @airswap: This week in AirSwap:
🚀Most Popular Tokens: $DAI, $DNT, $BAT, $AST, $DGD
🐋Largest Trade: 209 $ETH &lt;&gt; 37,594 $DAI
📲Average Trad…"
1121562626323038209,2019-04-25 23:52:22,"RT @sassal0x: ""No one's using Ethereum"" 🤦‍♂️

-Active addresses: 250k+
-Network usage: 90%
-Maker: 21k+ DAI holders, 17k+ CDPs, 2mil ETH lo…"
1121471275862495237,2019-04-25 17:49:22,"A new #DeFi series from @AlethioEthstats is hot off the press. This one investigates how @MakerDAO uses DAI, algori… https://t.co/GFlxMwyfCl"
1121437110819540992,2019-04-25 15:33:37,This monster list of #Ethereum apps got a big update yesterday. @Dharma_HQ bodied Lightning Network last week. Huge… https://t.co/su0SyoST9T
1121406364486643712,2019-04-25 13:31:26,"RT @TechCrunch: R/GA Ventures incubator to nurture enterprise blockchain startups in Portland, OR https://t.co/8aCAjGUKpd by @ron_miller ht…"
1121200537502978048,2019-04-24 23:53:33,"RT @ETHNewYork: 🍕🐀 DESIGN CONTEST 🍕🐀

💰 Submit by 4/28 for the chance to win 1.0 ETH (currently about $165), plus an opportunity to have yo…"
1120720363099443202,2019-04-23 16:05:31,"RT @PanvalaMark: If you've wished that you could decide which Ethereum projects get grants to support the work we all depend on, now's your…"
1119749111358660609,2019-04-20 23:46:06,RT @evan_van_ness: Week in Ethereum News is out! https://t.co/G49TwAs1Ht
1119314504951660545,2019-04-19 18:59:08,"RT @PegaSysEng: While researching #blockchain, you may have heard of #ZKP systems, SNARKs, STARKs, Bulletproofs, &amp; Aurora...But how about o…"
1119002309139283968,2019-04-18 22:18:35,"RT @PanvalaMark: Today, people who believe that the work that the whole #Ethereum community depends on should be rewarded can now become Pa…"
1118875251654443009,2019-04-18 13:53:42,RT @owocki: Today I gave a presentation at the @ethereum core devs meeting in Berlin about Sustainably Funding ETH 1.x/2.0 &amp; why it’s a pan…
1118860563709349889,2019-04-18 12:55:20,RT @JohanLundberg20: I am now live at the Ethereum 2.0 testnet on the beacon chain synchronizing. With a Raspberry Pi3+ https://t.co/w3hMsb…
1118611107617308672,2019-04-17 20:24:05,RT @coindesk: Big Four auditor @EYnews is rolling out free software designed to help companies use the public ethereum blockchain. https://…
1118597487198187524,2019-04-17 19:29:58,RT @novogratz: I am more and more bullish $btc and our whole space.  I’ll make the case at the @SALTConference and then at @EtherealSummit.
1118579649964118018,2019-04-17 18:19:05,RT @infura_io: Introducing Faster Ethereum Logs and Events using eth_getLogs https://t.co/P0mx83cQog
1118494419139928067,2019-04-17 12:40:24,"RT @sassal0x: This news release about EY's Ethereum ambitions is packed 🤯

-Using public Ethereum
-Experimenting with DeFi
-Over 200 blockc…"
1118156392299409408,2019-04-16 14:17:12,"RT @evabeylin: I've created a survey to capture more accurate data on the the community's views on *Ethereum governance*. ⚖️

Results could…"
1117902827865559040,2019-04-15 21:29:38,"RT @tayvano_: Towards a better /r/ethereum... 🙇

https://t.co/olU3PcT4ay"
1117855371870101508,2019-04-15 18:21:04,"RT @danfinlay: Here's the document I presented today.
Let's bring Object Capabilities to Ethereum!:

https://t.co/M9gcORUrtw https://t.co/d…"
1117792618216337410,2019-04-15 14:11:42,"RT @josephdelong: Road to #Interop: #Ethereum 2.0 Workshop in NYC on May 16th
https://t.co/ROmmxU7BIC

@sigp_io @ChainSafeth @prylabs @ethn…"
1117766650043031552,2019-04-15 12:28:31,"RT @econoar: Ethereum 2.0 specs growing fast!

Beacon Chain: https://t.co/smBmnkghqu

Validators: https://t.co/OQ1t1shE4w

Custody Game: ht…"
1117479890784260098,2019-04-14 17:29:02,"RT @ConsenSys: Find out why Fabric, R3 Corda, EOS, Polkadot, Cosmos, and Dfinity fall short of #Ethereum in the race towards a global settl…"
1116853141159460864,2019-04-12 23:58:33,RT @trent_vanepps: Hey Ethereum folks: We're soliciting questions for the upcoming Istanbul / ETH 1.x coordination meeting in Berlin the 17…
1116686764163391489,2019-04-12 12:57:26,"RT @TusharJain_: I really enjoyed this interview, check it out if you want to hear more about my most current thoughts on Ethereum, maximal…"
1116376097803907075,2019-04-11 16:22:57,"RT @ericjuta: Homepage revamp development in progress for https://t.co/hV3xTSnGjZ

Getting there to spread that $ETH #web3 #blockchain #fre…"
1116322534922780672,2019-04-11 12:50:07,RT @TimBeiko: I took an initial stab at describing the non-technical coordination aspects of the #Ethereum #EIP process on https://t.co/05K…
1115763442848292864,2019-04-09 23:48:29,RT @josephdelong: @JonnyRhea from @PegaSysEng justifying and finalizing blocks across multiple Artemis #Ethereum 2.0 nodes. https://t.co/vC…
1115729570056089603,2019-04-09 21:33:53,Some key takeaways from my talk this week at @Deconomy_forum. Laid down my argument for why I believe #Ethereum wil… https://t.co/cUsr0vuOgU
1115288197024628736,2019-04-08 16:20:01,"RT @jwolpert: CEOs will soon not only be ok with using the public @ethereum mainnet as the root coordinator of very confidential business,…"
1114545025768132608,2019-04-06 15:06:56,RT @OpenLawOfficial: Venture deals can be done in minutes using OpenLaw.  Create an Eth based term sheet that mints tokens and advances pay…
1114311014743511040,2019-04-05 23:37:03,"RT @MuteDialog: Joe's criticisms
 
* Fabric =&gt; permissioned lock in.
* Corda =&gt; point 2 point not shared truth
* EOS =&gt; 21 Bro-chain
* Polk…"
1114262142704848897,2019-04-05 20:22:51,"RT @TrustNodes: Joseph Lubin Tears Apart Dfinity, Polkadot, Cosmos, Fabric, EOS, Corda, Says Only Ethereum Viable as a Global Settlement La…"
1114240153671876609,2019-04-05 18:55:28,"RT @josephdelong: RIP Joe's Mustache Jan 2019 - Apr 2019

In memory of my mustache please contribute to an Eth 2 team:

ChainSafe:
0x3990a2…"
1114218366426861568,2019-04-05 17:28:54,RT @sassal0x: Ether first hit $150 on May 22nd 2017 - how has the Ethereum network grown since then? https://t.co/woggzoXLkk
1113802109777063938,2019-04-04 13:54:51,RT @SALTConference: .@ethereumJoseph co-founder of #blockchain computing platform @ethereum and founder of @ConsenSys blockchain #venture s…
1113422278438658048,2019-04-03 12:45:32,"RT @JonnyRhea: Artemis, @PegaSysEng's #Ethereum 2 client, is the first client to implement the Hobbits wire protocol. Here's a demo of 4 no…"
1111708148543434753,2019-03-29 19:14:11,"RT @virgilgr: I just published a paper on what Ethereum is for.  It is entitled, ""Ethereum is game-changing technology, literally.""

https:…"
1111615656896675840,2019-03-29 13:06:40,Wow is @muellerberndt just cranking out content this month! This time it's an overview of all the #Ethereum securit… https://t.co/ET8j3PWqlk
1111383225950040064,2019-03-28 21:43:04,RT @factora_: Testing for real-world time is hard on #Ethereum. Check out a new blog post by our smart contract engineer @ejwessel on how t…
1110989909916114946,2019-03-27 19:40:10,"RT @airswap: A new AirSwap is coming. Sign up for the private beta today and be the first to test a new, streamlined trading experience. ht…"
1110958318833582081,2019-03-27 17:34:38,"RT @sassal0x: Really cool chart showing the 'Cumulative % growth in DeFi vs. ETH supply'. 

Since December 2017:
-Cumulative % growth for l…"
1110928549068918784,2019-03-27 15:36:20,"RT @AlethioEthstats: Our #ethereum #blockchain Reporting tool is now live! Get on-demand data sets via accessible, customizable queries.  F…"
1110891318870454272,2019-03-27 13:08:24,RT @ethereum: [BUG] #Solidity Optimizer and ABIEncoderV2 Bug Announcement Blog Post https://t.co/09a4I9CHXD
1110720111881666562,2019-03-27 01:48:05,"RT @cemozer_: Artemis, PegaSys’s ETH 2.0 client, processing attestations, blocks and finalizing epochs. No biggie. https://t.co/F3jvtGILwq"
1110632628280066052,2019-03-26 20:00:27,"RT @kauri_io: Check out this amazing visualization and analysis of the Ethereum community and projects from @michaelaudoux!
https://t.co/hT…"
1110339119526408192,2019-03-26 00:34:09,RT @meeseeking: I doubled this bug-finding @GetGitcoin Bounty for the next #Ethereum fork from 20 ETH to 40 ETH.  It incentivizes prompt bu…
1110253713694834689,2019-03-25 18:54:47,"RT @infura_io: Ethereum Websocket API Upgrade Now Live, improvements to data quality and response consistency, read more.. https://t.co/Bt4…"
1110216116910149632,2019-03-25 16:25:23,"RT @AlpineIntel: Check out the second edition of the Alpine Public Key -

🚨 Included in this issue is a small 0.15 ETH giveaway. The addres…"
1109216371907485696,2019-03-22 22:12:45,RT @muellerberndt: ConsenSys Diligence Ethereum Hacking Challenge #2 has started. https://t.co/kra2j0h1zN
1109096398836940800,2019-03-22 14:16:02,"RT @VitalikButerin: Great summary of some of the unsung heroes of Ethereum core R&amp;D:

https://t.co/JyMPMDtLeP"
1108752310287515649,2019-03-21 15:28:45,RT @AlpineIntel: Check out the latest article from Alpine's @stevenleeg work with #Ethereum and EIP-712  https://t.co/YcPdWxHnkM
1108462578064392193,2019-03-20 20:17:27,RT @sxsw: Co-founder of the Ethereum blockchain and CEO of @ConsenSys Joseph Lubin (@ethereumJoseph) returned to #SXSW this year for an Int…
1108419348723576834,2019-03-20 17:25:40,"RT @amandagutterman: NYC #Blockchain Week is under two months out! On May 10-11, the #Ethereum world is taking over @PioneerWorks_ in Red H…"
1108107480108806144,2019-03-19 20:46:25,"RT @econoar: A new Into the Ether is out!

This week I talk with @VitalikButerin, founder of Ethereum, to discuss the current and future st…"
1108017849598001154,2019-03-19 14:50:15,RT @owocki: I would like to announce that team @GetGitcoin is sponsoring an Istanbul Hard Fork EIP Security Bounty of 20 ETH.  To Incentivi…
1107798346947854339,2019-03-19 00:18:02,RT @trufflesuite: We ❤️ swag &amp; we ❤️ hearing about all the cool projects you’re creating with Truffle. Tweet us back with a link to your gi…
1107665316010754049,2019-03-18 15:29:25,RT @melove_07: Confused about #ProgPOW? This article answers 13 questions to cut through the noise. From: Why does Ethereum need ProgPoW? T…
1106581536277778432,2019-03-15 15:42:52,"RT @benjaminion_xyz: Yay - What's new in Eth2 is back! 🎆🎇🎉

Get your latest #Ethereum 2.0 news here 😃

https://t.co/Q30TFxu1gi

https://t.c…"
1106338271150383108,2019-03-14 23:36:13,"RT @ConsenSys: #Ethereum 2.0 is coming. ""In 18–24 months from now, we’ll have a blockchain system that is much more powerful and uses an or…"
1106277899479535617,2019-03-14 19:36:19,"RT @sxsw: Join Ethereum Co-Founder &amp; @ConsenSys Founder, Joseph Lubin (@ethereumJoseph), in Hilton, Salon H at 3:30pm for his Interactive K…"
1105860980817514496,2019-03-13 15:59:38,RT @ensdomains: Looks like ENS📛 + @IPFSbot is coming to @Brave! 🎉🎉🎉👏👏👏 As indicated by the great @BrendanEich himself ---&gt; #ethereum #decen…
1104527876886577152,2019-03-09 23:42:21,"RT @gridplus: Now that our plastics have been released to our tool maker for production, checkout the iterations that we went through on th…"
1104435526541762560,2019-03-09 17:35:23,"RT @infura_io: Take #EthQL out for a spin, a #GraphQL API for efficient access to #Ethereum data. https://t.co/kssHQhF3Qc"
1104151745100431370,2019-03-08 22:47:44,RT @ChrisCCrowley: Great to see @coindesk using our new @alethioethstats #ethereum  dashboard to track on chain activity before &amp; after the…
1104106055435468801,2019-03-08 19:46:11,RT @coindesk: Block creation numbers on the ethereum blockchain are back on the rise after a successful roll out of the Constantinople and…
1103824833375285249,2019-03-08 01:08:43,RT @decryptmedia: What's happening with @ethereum 2.0? We tracked down @benjaminion_xyz to get the latest.  https://t.co/peLm2NSYfc https:/…
1103295989681737729,2019-03-06 14:07:16,"RT @PegaSysEng: Our Ethereum Explained series is BACK! In this blog, @lucascrsaldanha makes it easy to understand how gas, payment, and min…"
1103086082911019008,2019-03-06 00:13:11,RT @AlethioEthstats: Updated: Smart contract function calls over the history of #Ethereum -- Check out this interactive breakdown of functi…
1103014955266265088,2019-03-05 19:30:33,RT @ensdomains: So glad to hear @opera is integrating ENS + IPFS! 👏👏👏 Woohoo! #ethereum https://t.co/maYb5KOWGo
1102948132025966593,2019-03-05 15:05:01,"RT @getnuo: Nuo is 🚀

We are about to touch $100K DAI reserves, $50K ETH reserves and $10K MKR reserves.

Create a reserve order to complet…"
1102584982067916800,2019-03-04 15:01:59,RT @ConsenSysAcad: Learn Ethereum programming online through the May 2019 cohort of the 🚀Blockchain Developer Training Bootcamp 🚀 Register…
1102307043040464906,2019-03-03 20:37:33,"The top ten sessions to attend at @AssethFR’s #EthCC this week, from @amiraenrique of @hellhound_eth. 

#Ethereum C… https://t.co/9XoiBili0N"
1101925325980790785,2019-03-02 19:20:45,"RT @gridplus: We have added #Bitcoin payments to our energy service. 

Texas customers may now pay for their electricity bills in $BTC, $ET…"
1101494743073206273,2019-03-01 14:49:46,"The speakers for @EtherealSummit are basically all the people that get me excited about #Ethereum. 

@APompliano wi… https://t.co/CSe9IzskNF"
1101277496476082176,2019-03-01 00:26:30,RT @LefterisJP: We seem to have forked. #ethereum is now in #Constantinople https://t.co/cdE9l7CLZ5
1101145475263221761,2019-02-28 15:41:54,Only about four hours now until the #Ethereum Constantinople and St. Petersburg network upgrades goes into effect a… https://t.co/lGm5xMireG
1100927823206862848,2019-02-28 01:17:01,RT @ConsenSys: #Ethereum continues to amp up the ecosystem with growing networks. @trufflesuite and @metamask_io provide the proof in the d…
1100496119547772928,2019-02-26 20:41:35,"RT @ConsenSys: From starting off on @ConsenSysVC's #Tachyon Accelerator to launching on the #Ethereum mainnet, Nuo is 🚀. https://t.co/yVZ0p…"
1099108529917505536,2019-02-23 00:47:48,RT @ethereum: Ethereum's Constantinople and St. Petersburg network upgrades are less than a week away! Click this post for more info and wh…
1099067057625354240,2019-02-22 22:03:00,"The @HelenaNetwork prediction market is now live on the #Ethereum Mainnet! Built on top of @gnosisPM, users have ac… https://t.co/MLCM4tE3zs"
1099047613054234629,2019-02-22 20:45:44,"RT @PatBerarducci: 0/ ICYMI from @MattCorva: On Friday @ConsenSys responded to CFTC. We covered many topics: background of Ethereum, how it…"
1099027918121025536,2019-02-22 19:27:29,"RT @vsinghdothings: Three weeks ago, we announced a matching campaign to allocate $25K in OSS across 25 Ethereum infrastructure projects. W…"
1098771945120645120,2019-02-22 02:30:20,RT @ChrisCCrowley: Key #ethereum #analytics for anyone looking to operate on chain from @AlethioEthstats - - plus a sneak peek at some of o…
1098743929539842048,2019-02-22 00:39:01,"RT @Cointelegraph: ConsenSys invests an undisclosed amount in Ethereum-based startup Allinfra
https://t.co/TJHF5N0LAf"
1098633383704444928,2019-02-21 17:19:44,RT @benjaminion_xyz: I fell into #Ethereum for the technology; I fell in ❤️ with #Ethereum for the people. I'm proud to be a signatory to t…
1098286798797705217,2019-02-20 18:22:32,"RT @getnuo: Introducing Non-Custodial Margin Trading with upto 5x Leverage. Bitcoin's killer app is now on Ethereum Mainnet.

For the first…"
1097259849665167363,2019-02-17 22:21:48,RT @corbpage: We created 'Eth This Then That' (IFTTT for Ethereum) so anyone can connect different dapps and DeFi components  without writi…
1096527451667161089,2019-02-15 21:51:31,The @3boxdb team is here at #ETHDenver to drop knowledge about #Ethereum social profiles. @somemikesena just finish… https://t.co/7DvP1EFoJE
1096165806759526400,2019-02-14 21:54:28,A look back on those four wild days in November when the entire #Ethereum world descended upon @EFDevcon. https://t.co/l9NAVZUeIC
1095848112512528385,2019-02-14 00:52:04,RT @gnosisPM: Use the DutchX protocol in your #ETHDenver project! The best integrations will be rewarded in ETH. Check out @GetGitcoin for…
1095776077962719240,2019-02-13 20:05:50,RT @EthereumDenver: .@ethereum Foundation Executive Director @mi_ayako will discuss some of the Foundation’s newest initiatives at #ETHDenv…
1095726848946913280,2019-02-13 16:50:13,"RT @Sim_Pop: 🔥 Come #BeABufficorn with me, @NukeManDan &amp; @JonnyAustinTX on 02/13 and kickoff your @EthereumDenver #ETH-travaganza with some…"
1095673077386625024,2019-02-13 13:16:32,"RT @coindesk: JUST IN: The 385-member Enterprise Ethereum Alliance (EEA) plans to form a ""token task force"" this year. https://t.co/s2blGUw…"
1095407541218131975,2019-02-12 19:41:24,"RT @MakerDAO: In our latest blog, see how @MeridioRE is using #Dai to allow investors seamlessly trade real estate shares: https://t.co/aEr…"
1095389239271981056,2019-02-12 18:28:40,"RT @ConsenSys: What is #ConsenSys and its relationship to #Ethereum?  📽️ #Blockchain explained with @ethereumJoseph. #InBlockchainWeTrust
h…"
1095090620522205184,2019-02-11 22:42:04,RT @cburniske: A big thank you to @evan_van_ness who puts together a gold mine of information on #Ethereum every week: https://t.co/doU21wk…
1095038041998147589,2019-02-11 19:13:08,"RT @APompliano: New podcast live today!

@samcassatt and I discuss the history of @ConsenSys, how governments look at crypto, why Maker is…"
1094661177748213760,2019-02-10 18:15:37,"RT @ETHGasStation: &gt; 77 million Dai issued, all time high today:  https://t.co/YDlFUpbr1x"
1094624829980913664,2019-02-10 15:51:11,"RT @EthereumDenver: The Monday night Denver Keystone event for #BUIDLWeek is already filling up! Make sure to join us with @ethBounties, @R…"
1093899312646537216,2019-02-08 15:48:14,"RT @AlethioEthstats: There's no better crypto community than the @ethereum community. #Görli Testnet is now live on our open source ""client…"
1093688054555070465,2019-02-08 01:48:46,"RT @maurelian_: Solid overview of Formal Verification on Ethereum by @marekkirejczyk https://t.co/Smn8Jb5xq8

Turns out there are two highe…"
1093615976363540480,2019-02-07 21:02:21,"RT @PanvalaMark: To keep the Ethereum community together, we must solve the incentive problems that make competition a better strategy than…"
1093523642405793792,2019-02-07 14:55:27,A gentle reminder that this absolutely epic #Ethereum developer tool list from @Parker_Place and @corbpage is still… https://t.co/1Y01TYWUqG
1093297434371997696,2019-02-06 23:56:35,"RT @benjmnr: Ethereum, Augur and MakerDAO are ingenious independently. Together they represent the holy trinity of crypto.  This thread spe…"
1093186773063221248,2019-02-06 16:36:51,RT @MSFTBlockchain: This week on BlockTalk - send data to #Ethereum networks with the Ethereum Logic Apps in the #AzureBlockchain Dev Kit.…
1092913253200613376,2019-02-05 22:29:59,RT @ameensol: Two weeks ago I started working with @kyokan_io to prepare a report on the ETH 2.0 effort. We interviewed ETH 2.0 leads from…
1092891375253811207,2019-02-05 21:03:03,"RT @cemozer_: 1/ Here comes a thread to give a high-level overview of Ethereum 2.0, and its first phase, the Beacon Chain.
#ethereum #eth2…"
1092575169003094017,2019-02-05 00:06:34,"RT @airswap: We've open-sourced some cool software in the past few months. ICYMI 👇
DexIndex: Search Ethereum DEXs to find the best token pr…"
1091873481703243776,2019-02-03 01:38:18,"RT @benjaminion_xyz: Superb presentation from my @PegaSysEng R&amp;D colleagues at #SBC19

Handel: an aggregation protocol for large scale byza…"
1091833818024169475,2019-02-02 23:00:42,"RT @AugurProject: “The Augur Prediction Market Claims The Patriots Will Win The Super Bowl” by @ConsenSys 

https://t.co/tnY9t7wStc"
1091491818838085632,2019-02-02 00:21:43,"RT @benjaminion_xyz: Tweet, tweet - it's your latest What's New in Eth2 🎉

This week marks the first release of the #Ethereum 2.0 beacon ch…"
1091409971672162305,2019-02-01 18:56:29,"RT @VitalikButerin: I hope that if experiments like https://t.co/OFy7ZD72a6 go well, the Zcash community considers replacing its current ce…"
1091361604074160129,2019-02-01 15:44:17,"RT @airswap: We built @TheDexIndex to be a simple, open-source tool that anyone can use to compare prices across Ethereum DEXs. We've been…"
1091099548276137985,2019-01-31 22:22:58,"RT @airswap: Introducing DexIndex, an open source tool that searches Ethereum decentralized exchanges to find the best token prices in real…"
1091004535466876928,2019-01-31 16:05:25,RT @AlethioEthstats: Check out our live integration with @3boxdb! Social profiles now directly integrated into our #EthStats #ethereum expl…
1090988984950501379,2019-01-31 15:03:38,Congrats to @getnuo on shipping to the #Ethereum mainnet! https://t.co/zTYIaKXB6W
1090651849580036101,2019-01-30 16:43:58,"The latest on Casper CBC and #Ethereum 2.0 from @VitalikButerin.

Accompanying slides: https://t.co/yDh1LLVBiq

https://t.co/bRIzeyN16q"
1090344939710500864,2019-01-29 20:24:25,"RT @EtherealSummit: This May 10–11th, #EtherealNY returns to Brooklyn to connect the global nodes of the #Ethereum industry. Don’t miss out…"
1090057469416689664,2019-01-29 01:22:07,"RT @airswap: Make big P2P $DAI trades: competitive prices, no slippage, directly from your crypto wallet in under 60 seconds. #40K #WhatYou…"
1089990079035121664,2019-01-28 20:54:20,"From @PegaSysEng, @shahankhatch shares why he thinks by the time #Ethereum hits 10 million blocks ""#blockchain will… https://t.co/NLLVRKtLet"
1088885021954449408,2019-01-25 19:43:14,RT @benjaminion_xyz: Come and read my ramblings about the future of #Ethereum's PoW Mainnet in the latest edition of What's New in Eth2. Th…
1088790997130272768,2019-01-25 13:29:37,"11 best sources for #Ethereum news &amp; education, crowdsourced by @ConsenSys. @evan_van_ness's world famous WiE.… https://t.co/G8fOwoHMUv"
1088581505079758849,2019-01-24 23:37:10,RT @MessariCrypto: 🚨Exclusive report: We believe Ripple’s $XRP market cap is likely overstated by $6.1 billion based on inflated circulatin…
1088466989071454209,2019-01-24 16:02:07,"RT @3boxdb: 3Box partners with @AlethioEthstats to deliver a more social ethereum explorer, because we're more than hexadecimals. 😎 Explore…"
1088116307994832902,2019-01-23 16:48:38,"The replay is now live of my panel yesterday with @bgarlinghouse of @Ripple, @brianbehlendorf of @Hyperledger, and… https://t.co/ewhRGUM087"
1088082525573050368,2019-01-23 14:34:24,A thorough teardown of proposed validator economics in #Ethereum 2.0 by @CollinMyers15 of @ConsenSys Solutions. Par… https://t.co/Z15yHPTudX
1087734200399212544,2019-01-22 15:30:17,One hour is all you need to get brought up to speed on the variety of recent advancements in Enterprise #Ethereum.… https://t.co/fr24Gxn8qF
1087042132869828608,2019-01-20 17:40:15,Get this bread. Check out these twelve #Ethereum dApps where you can earn value right now through bounties on… https://t.co/HEzBi8DsND
1086778724564025344,2019-01-20 00:13:33,RT @peter_szilagyi: Seems we're going with block 7.28M for the #Ethereum Constantinople refork scheduled for the 27th of February! Will be…
1086740009431035904,2019-01-19 21:39:43,"RT @smatthewenglish: Have you ever wondered how to buidl an ""enterprise-grade"" mainnet ethereum client? @smatthewenglish has you covered: h…"
1086023577864937474,2019-01-17 22:12:52,"RT @3boxdb: We spend a lot of time carefully considering 3Box culture, and we're excited to finally share this update with our community! R…"
1085958080406437890,2019-01-17 17:52:37,"RT @ConsensysNews: Today, @ConsenSysVC announced its
investment in digital assets platform @CoinhouseHQ and @tentabrowser, the #Ethereum-en…"
1085717231739138053,2019-01-17 01:55:34,"RT @ConsenSysEvents: .@moshaikhs describes the three pain points @MeridioRE aims to solve in the real estate industry.
#Ethereum #Consensys…"
1085531664804204544,2019-01-16 13:38:11,RT @PanvalaMark: We’re happy to have some of the top teams in the Ethereum community participating in the Panvala Token Grants program: @gn…
1085307166637125633,2019-01-15 22:46:07,RT @ethereum: [SECURITY ALERT] #Constantinople upgrade is temporarily postponed out of caution following a consensus decision by #Ethereum…
1084497496385208320,2019-01-13 17:08:46,A short and sweet video on the upcoming #Ethereum Constantinople network upgrade scheduled to occur this week. https://t.co/ZnSxUN66IP
1084249460690030593,2019-01-13 00:43:10,RT @ConsenSys: #ConsenSys writer @everett_muzzy breaks down the 5 enhancements to occur on #Ethereum on January 16th after the #Constantino…
1083818688074170370,2019-01-11 20:11:26,RT @ethereum: Ethereum's Constantinople network upgrade is less than a week away! Click this post for more info and what you need to do to…
1083764661625991168,2019-01-11 16:36:45,A little primer from @everett_muzzy of @ConsenSys on the upcoming #Thirdening and Constantinople #Ethereum network… https://t.co/1562xDtDRx
1083423225978208256,2019-01-10 18:00:00,Great thread by @samcassatt on the forthcoming Constantinople upgrade and reduction of #Ethereum issuance. Estimate… https://t.co/1x3dYJ081v
1082782632147120131,2019-01-08 23:34:31,"Big thanks to @epicenterbtc for having me on the show. We went deep on my pre-blockchain days, early #ethereum stor… https://t.co/IpcUDvujpt"
1082655608590008321,2019-01-08 15:09:46,I could listen to @HeyoMarkS's soothing voice explain #Ethereum all day long. https://t.co/SKsWtObRO8
1082385309923532801,2019-01-07 21:15:42,RT @airswap: Trading Ethereum tokens like $DAI is quick and easy on AirSwap with @TrustWalletApp. It takes just 5 clicks! https://t.co/hBpf…
1082352884921102338,2019-01-07 19:06:51,"RT @EthereumDenver: We are proud to welcome back @ethereumJoseph, founder of @ConsenSys &amp; co-founder of @ethereum, as one of #ETHDenver2019…"
1081983586528579584,2019-01-06 18:39:23,Super proud of all the @ConsenSys-driven enterprise #Ethereum development that happened in 2018. Pantheon by… https://t.co/JUJb0XT1UE
1081947026546405376,2019-01-06 16:14:07,RT @austingriffith: 📬🗝️💸Burner-to-Burner encrypted messaging on-chain using native #Ethereum keys! 💰📲🔐🕵️‍ 🔥Burner Wallet 2.2 is live!🔥 Plus…
1081689346724556800,2019-01-05 23:10:11,"RT @jdetychey: Here we go! @ConsenSysFrance #ethereum node is ready for Constantinople #HardFork
Running @ParityTech 2.1.10 client https://…"
1081598760478785538,2019-01-05 17:10:14,"RT @APompliano: This week in crypto:

1. Overstock using BTC to pay taxes
2. Consensys &amp; AMD build cloud computing
3. DX Exchange launching…"
1081235738996420610,2019-01-04 17:07:43,"""The #Ethereum blockchain’s granular privacy layers and public-first approach make it a powerful enterprise solutio… https://t.co/28sisU7OqY"
1080909760000475136,2019-01-03 19:32:23,"Happy Birthday, Bitcoin! Ten years later and the decentralized dream has never been stronger. https://t.co/ARW1A919Gw"
1080623654659125248,2019-01-03 00:35:30,"RT @GetGitcoin: Announcing Gitcoin Grants! Recurring funding for open source software, beginning in the @ethereum community. 

Check out ou…"
1080522359809945601,2019-01-02 17:53:00,"RT @austingriffith: 🗝🔑I can encrypt messages with an ethereum public key can’t I? I found a few libraries to do it, but other posts that sa…"
1079550791449567232,2018-12-31 01:32:20,"RT @muellerberndt: 1/ People often ask me why I’m so ""against"" Bitcoin. Why do I go out of my way to point out flaws or make analogies that…"
1078807390697517057,2018-12-29 00:18:19,"RT @TDANetwork: #TDANYearInReview: #Crypto

@ethereumJoseph, Founder @ConsenSys and Co-Founder @EthereumProject on the role #ethereum will…"
1078395931907764226,2018-12-27 21:03:20,RT @PegaSysEng: Do you want to brush up on your #ethereum knowledge? @lucascrsaldanha has you covered. Check out his Ethereum Explained blo…
1077964349367640065,2018-12-26 16:28:23,RT @austingriffith: @ankitkr0 It exists! @GetGitcoin Grants is live. It uses a special type of meta transaction and DAI to send set-it-and-…
1076505943934783488,2018-12-22 15:53:12,RT @JonnyRhea: @ameensol @VitalikButerin @RyanSAdams @fredwilson @ethereumJoseph @ConsenSys @PegaSysEng #ETH2 R&amp;D team just open sourced ou…
1076477084212580353,2018-12-22 13:58:31,"RT @coindesk: Journalist-owned news site Popula has stored an entire U.S. news article on the ethereum blockchain, permanently archiving th…"
1076207173682819072,2018-12-21 20:05:59,@cryptosant76 @airswap spun out a long time ago and we continue to work closely with their stellar team.
1076171159174082561,2018-12-21 17:42:53,Our Solutions group just saw the @IoKomgo project go live yesterday and are on the verge of locking down a few very… https://t.co/45XrOVimfW
1076171158368731136,2018-12-21 17:42:53,"...or are becoming available for use in early 2019, core #Ethereum protocol development that is accelerating, and t… https://t.co/Gl2HWFRwdb"
1076171153926955010,2018-12-21 17:42:52,We have been on the receiving end of an epic amount of conjecture and preemptive paranoia --- filled with damning r… https://t.co/oBB3l7Fkan
1076119468152098818,2018-12-21 14:17:29,"RT @ETHGlobal: thank you for an incredible year of #BUIDLing on ethereum 🙏

we can't wait for even more in 2019! 🎉

https://t.co/EVoqmF9MUt"
1075528872425349120,2018-12-19 23:10:40,RT @coindesk: EXCLUSIVE: The Brazilian National Social Development Bank is to pilot a stablecoin based on ethereum to combat corruption. ht…
1075444982843097089,2018-12-19 17:37:19,"RT @benjaminion_xyz: Your latest update on What's New in #Eth2. This week, the ""Artemis Edition"". #Ethereum

https://t.co/CypyuNRTlJ"
1074738313674846208,2018-12-17 18:49:16,RT @TruSetData: The TruSet Beta is one week old! We already have community validated data on over 28 tokens. Join our Beta and earn ETH htt…
1074720181312733184,2018-12-17 17:37:13,"RT @Liquality_io: Today, contributors are rewarding 100 participants with up to $10 worth of mainnet Bitcoin for conducting atomic cross-ch…"
1073992008115597313,2018-12-15 17:23:43,Another comprehensive report from @AlethioEthstats on the current state of #Ethereum mining. https://t.co/W5C0zamglC
1073698079461793794,2018-12-14 21:55:45,RT @austingriffith: 🎲🔐📜 Blockchain fundamentals: Commit / Reveal scheme on Ethereum! Generating random(ish) numbers or hiding actions until…
1073342262812254211,2018-12-13 22:21:51,RT @ConsenSys: .@Kaleido_io and @chainlink are working together to provide a decentralized oracle service as part of its Blockchain Busines…
1073026092091539456,2018-12-13 01:25:30,"RT @TheBKP_Official: In the U.S., the @CFTC and LabCFTC issued a Request for Input containing several questions about Ethereum. We're crowd…"
1072971578370072577,2018-12-12 21:48:53,"RT @ConsenSys: Don't mistake #Ethereum for a mere database. If your organization participates in a business network, you have to consider t…"
1072519319643414528,2018-12-11 15:51:46,"RT @cburniske: Just published: ""Bitcoin &amp; Ethereum: Prices are Down More than the Fundamentals"" https://t.co/Mzuq1alObO https://t.co/Xlt6T1…"
1072205474936823811,2018-12-10 19:04:40,RT @ethBounties: The #BountiesfortheOceans wrap up: lessons learnt &amp; our commitment to expanding the #Ethereum IRL movement as a means of g…
1071811244351467521,2018-12-09 16:58:08,RT @coindesk: CoinDesk looks at the eight teams across the globe spearheading the push to create ethereum 2.0 – the next iteration of the b…
1071179417592971265,2018-12-07 23:07:29,"RT @peter_szilagyi: #Ethereum Constantinople mainnet hard fork scheduled for block #7080000, estimated around the 16th of January, 2019!"
1071139179520765953,2018-12-07 20:27:35,RT @TruSetData: The TruSet Token Data Beta is live! Signup to earn ETH prizes at https://t.co/TuTPjN21E9 @ConsenSys
1070757021123784704,2018-12-06 19:09:02,"RT @AlethioEthstats: Sneak peak on https://t.co/BHtknz9N9O 's new free and open source light weight #Ethereum block explorer: 
https://t.co…"
1070429939663548417,2018-12-05 21:29:19,"RT @GetGitcoin: Introducing The Gitcoin Ambassadors! Including @CharlieStLouis, @bobjiang123, @musman109, @shatzakis, and @iamonuwa. 

We'r…"
1070336170381467649,2018-12-05 15:16:43,"RT @owocki: . @bmann put together an 'ethereum roadmap' wiki.  really useful point of reference 👇

https://t.co/16akGM0YdO https://t.co/iIg…"
1069636094344482816,2018-12-03 16:54:52,"The @AlethioEthstats team has made #Ethereum available as a Linked Data graph! Download the set, shoot out some que… https://t.co/O8Alzfm0R9"
1069608000921448448,2018-12-03 15:03:14,"Read how @3boxdb is allowing #Ethereum users to create and manage their social profile, sign in to dApps, interact… https://t.co/XprRswR8zh"
1069256508028928000,2018-12-02 15:46:31,Excited to announce @ConsenSys support of @aztecprotocol as they implement privacy solutions on #Ethereum. Looking… https://t.co/eMi5jYyjO1
1068933994983632897,2018-12-01 18:24:58,"We have tools. So. Many. Dev. Tools.

-@infura_io's secure, reliable, and scalable access to Ethereum and IPFS.
-… https://t.co/4lgmRwWHbN"
1068933989271044096,2018-12-01 18:24:57,"Enterprises get it.

-@EY_US puts zero-knowledge proofs on #Ethereum
-@Kaleido_io plugs into @awscloud &amp; @Azure
-… https://t.co/mox4HhFnzU"
1068161693677756417,2018-11-29 15:16:07,RT @ethstatus: Building an open source project that will drive #web3 and the #Ethereum ecosystem forward? Contact us incubate@status.im for…
1067946799804108800,2018-11-29 01:02:13,RT @PegaSysEng: Read this recap of our first Enterprise Ethereum Hackathon in Prague. Thanks again to all our attendees and sponsors! @Micr…
1067784096858951680,2018-11-28 14:15:41,"RT @ConsenSysMesh: ""We have a large mountain to climb, but the technology isn’t going anywhere (but up)."" -Ejaaz Ahamadeen, #Ethereum Enter…"
1067464918327353345,2018-11-27 17:07:23,RT @3boxdb: We just published new research on the similarities and differences between popular distributed database protocols: #orbitdb #sc…
1067415772824301569,2018-11-27 13:52:06,The @AlethioEthstats team created a pretty astonishing animation of every #Ethereum account up until block 6.7 mill… https://t.co/9EoxDMt9Ic
1067176872000278528,2018-11-26 22:02:48,"In Manila, participants will be paid in ETH for spending a few hours cleaning up one of the most heavily polluted b… https://t.co/hYSrpqruFy"
1067141674546184194,2018-11-26 19:42:56,"RT @benjaminion_xyz: What's new in Eth2 hot off the press: https://t.co/tPXECt1Jli

@coindesk missed a #ethereum 1.x scoop because they wer…"
1066091764820467712,2018-11-23 22:10:58,RT @ConsenSys: Learn #Ethereum online with @ConsenSysAcad's On-Demand Developer Program https://t.co/AZQF5pN3mg https://t.co/UZ0IMLoWfH
1065627972944699392,2018-11-22 15:28:01,"RT @aantonop: Mastering Ethereum is now available on Kindle. Print in one week:

Mastering Ethereum: Building Smart Contracts and DApps htt…"
1065347484917121024,2018-11-21 20:53:28,"""Ethereum feels like the easiest one to make a bull case for right now.""  https://t.co/CGY3O79AH9"
1064292316649832448,2018-11-18 23:00:36,RT @owocki: Stability rarely makes headlines. 😎 Did you know that the #Ethereum mainnet gas prices have been extremely stable the last few…
1063219960732889091,2018-11-15 23:59:26,RT @code: Build and deploy #ethereum smart contracts using the new @trufflesuite extension for #VSCode from @MSFTBlockchain https://t.co/0g…
1063073166451449859,2018-11-15 14:16:08,"RT @MastersOfBlock: We were honored to have Joe Lubin @ethereumJoseph, who is co-founder of @ethereum and founder of @ConsenSys, the #block…"
1062864647437590528,2018-11-15 00:27:33,Quite the exhaustive list of enterprise #blockchain use cases. @viant_io using #Ethereum for supply chain track &amp; t… https://t.co/VLrC2Na0eB
1062028043970113536,2018-11-12 17:03:11,"RT @OpenLawOfficial: Making smart contracts stable.  OpenLaw has integrated with @Makerdao's Dai, making it possible to enter into blockcha…"
1060642311124602881,2018-11-08 21:16:47,"My 'Power of #Ethereum"" keynote from @WebSummit in Lisbon yesterday is now live. It was too cool to see an entire C… https://t.co/bsd8ksOdba"
1059394003198767104,2018-11-05 10:36:27,"RT @PegaSysEng: And the winners of our Enterprise Ethereum Hackathon, Jan Benes and Robert Brada of Team Lizard! Congratulations. #Java #Et…"
1058851995585601537,2018-11-03 22:42:42,RT @ConsenSys: Announcing Pantheon Core: @PegaSysEng's new open source Java client is a huge step forward in getting Enterprise #Ethereum t…
1058424002597871618,2018-11-02 18:22:01,"The @uport_me app makes a portable and open identity system possible on #Ethereum. Send and request credentials, si… https://t.co/O4crwB8tbQ"
1058366974055604226,2018-11-02 14:35:24,"You know them as the fleet of infrastructure tools that make #Ethereum development MUCH easier, but inside… https://t.co/iIexvrawbU"
1058312880406360064,2018-11-02 11:00:27,"Stop waiting for the #blockchain killer app, and start enjoying the killer ecosystem we have built around #Ethereum… https://t.co/VApcvBFSnb"
1057660276705820673,2018-10-31 15:47:15,The @metamask_io mobile app was just announced at #Devcon4! Everyone's favorite #Ethereum browser extension is comi… https://t.co/EclLX8oL3n
1057299623281336320,2018-10-30 15:54:08,"RT @coindesk: JUST IN: Unlike other enterprise versions of ethereum, ConsenSys' new Pantheon has a less-restrictive software license and us…"
1057036600675307520,2018-10-29 22:28:59,RT @UjoMusic: Some exciting updates from Ujo... there is no need for Eth to explore our Creator's Portal! 😮 https://t.co/XX6OlHAkka
1055924024348426241,2018-10-26 20:48:00,"RT @benjaminion_xyz: My latest #Ethereum 2.0 blog post is up @ConsenSys Media - get up to speed with the Beacon Chain.

Next stop, Prague 😀…"
1055515431748988929,2018-10-25 17:44:24,Super impressed by the new @3boxdb Profiles v1.0.0. Begin to establish your common identity on the #Ethereum blockc… https://t.co/I42GLU7NgT
1054167226478137344,2018-10-22 00:27:06,RT @ianbess: #Sibos2018 has kicked off in #sydney! Please visit us in the #discoverzone  &amp; find out how Enterprise #Ethereum can future-pro…
1053422607570255872,2018-10-19 23:08:15,"RT @epicenterbtc: Kevin Owocki @owocki joined us recently to talk about Gitcoin, @GetGitcoin an Ethereum-based marketplace that leverages t…"
1052987742039273472,2018-10-18 18:20:15,"RT @peter_szilagyi: Oh yeah, oh yeah, oh yeah! :D Geth is the 5th fastest growing open source project on @GitHub !!! 🤯🤯🤯 #golang #Ethereum…"
1052248473121280000,2018-10-16 17:22:40,Congrats to @GetGitcoin and @kauri_io on being included in Wave IV of the @ethereum Grant Program! https://t.co/Brg24BiY3a
1051913303340056577,2018-10-15 19:10:49,"RT @3boxdb: I just published 3Box Community Update #4 🔥 Read to learn more about our alpha, ETH SF, our first integrations, our upcoming co…"
1051222203335872513,2018-10-13 21:24:38,"RT @DocuSign: ⛓ #Ethereum #blockchain integration
💡 Intelligent Insights
📲 Mobile Document Scanning

Explore the @DocuSign Fall '18 Release…"
1050813746585722880,2018-10-12 18:21:35,"RT @ConsenSysIre: .@ConsenSys Solutions works w/ enterprises, governments, non-profits, &amp; partners to promote &amp; build the #Ethereum ecosyst…"
1050476066291310594,2018-10-11 19:59:45,"RT @Join_Civil: Need a hot wallet? (or wondering, ""what's a hot wallet vs. a cold wallet?"") We have steps to walk you through setting up Me…"
1050393471306076160,2018-10-11 14:31:33,RT @3boxdb: We just added another ETH to the prize on the 3Box + Universal Logins bounty originally posted by @avsa! Now totaling 2.7 ETH!…
1050127534698979328,2018-10-10 20:54:49,"With Spaces, @airswap continues to raise the UI/UX bar for #Ethereum dApps. https://t.co/pxPSGAuA5R"
1048974446369918977,2018-10-07 16:32:51,RT @3boxdb: Take a peek at all of our bounties from this weekend at @ETHSanFrancisco! There's still time to pick up a few extra DAI or ETH…
1047831988898582528,2018-10-04 12:53:08,RT @tokenfoundry: Coming in hot from @BerBlockWeek - now excited to share the footage from our amazing #tokenwirtschaft that went down in #…
1047544172041973761,2018-10-03 17:49:27,"The fantastic #Ethereum developer tools list has been updated with an ecosystem resources section by @corbpage, Jap… https://t.co/vYFsLPLxb5"
1047171561269149696,2018-10-02 17:08:50,RT @ForbesCrypto: Ethereum co-founder Joe Lubin invests $6.5 million in former competitors: https://t.co/Am04Dqb45G by @DelRayMan https://t…
1047108025658560512,2018-10-02 12:56:22,RT @coindesk: BREAKING: The Hyperledger Project and the Enterprise Ethereum Alliance (EEA) have agreed to collaborate on bringing common st…
1046731279411105792,2018-10-01 11:59:18,RT @ConsenSys: .@MeridioRE⁩ streamlines the process of #realestate sales and purchase via smart contracts. #ethereum https://t.co/iv2hDVDjPA
1046107320403611649,2018-09-29 18:39:55,RT @ad_chain: The #adChain Publisher Registry has been live on the #Ethereum Mainnet for the past few months. This @Medium post shares deta…
1045737346078044161,2018-09-28 18:09:46,"A deep dive on oracles and #Ethereum by @ConsenSys very own John Adler. Scaling will make blockchains usable, but o… https://t.co/45sBLOap3l"
1045346291050524672,2018-09-27 16:15:52,RT @ConsenSys: The #Ethereum #Java client is coming. @Pegasyseng explains why a Java client will meet the needs of enterprises looking to b…
1045296775484125184,2018-09-27 12:59:06,"RT @PolymathNetwork: Snaps from the Cumberland Summit in Singapore featuring Polymath's Chief Product Officer Thomas Borrel, @cz_binance, @…"
1044941969020145665,2018-09-26 13:29:14,RT @3boxdb: I just published “Ethereum Profiles API” https://t.co/pyYTxfxvy4
1044614544679751680,2018-09-25 15:48:10,RT @GetGitcoin: Want to participate in Hacktoberfest as a @github repo maintainer? See this great guide by @CupOJoseph and make a Gitcoin R…
1042763609728790528,2018-09-20 13:13:12,RT @ethBounties: “Things are getting real…they are live. And this is only a fraction of what is live on #Ethereum and only a fraction of wh…
1042579819173761027,2018-09-20 01:02:53,"RT @ConsenSys: .@ConsenSys is working with Citi, ING, Shell &amp; more on an #Ethereum #blockchain platform for financing commodities trading.…"
1042457306749960193,2018-09-19 16:56:04,RT @foamspace: We are happy to announce a bounty partnership with @GetGitcoin to fund issues on the FOAM Ethereum Functional Programming De…
1041679714396581888,2018-09-17 13:26:12,"RT @CryptoCoinsNews: Interview: Joseph Lubin, Co-Founder of Ethereum &amp; ConsenSys https://t.co/4MGvp4jAYa"
1040619726123220993,2018-09-14 15:14:11,RT @3boxdb: I just published “Distributed Database Infrastructure for Ethereum” https://t.co/GaZf5QRnip
1039944766413266945,2018-09-12 18:32:08,"I got to talk to the thousands of @strataconf attendees this morning about the power of @ethereum, and the exciteme… https://t.co/THaphezbsd"
1039886390518050817,2018-09-12 14:40:10,"RT @strataconf: .@ethereumJoseph @ConsenSys: @ethereum is a ""world computer"" with a complete virtual machine at each node of a P2P network—…"
1039632106568253440,2018-09-11 21:49:44,"RT @foamspace: The FOAM Map is now live on #Ethereum! You can now start adding points to the consensus driven map of the world! 🎉

→ https:…"
1039280712795480065,2018-09-10 22:33:25,"RT @MeridioRE: Hot off the press, a new @WhiteCase publication provides a very informative overview of the potential for #blockchain to imp…"
1038865349830209537,2018-09-09 19:02:55,"RT @ConsenSys: Congrats to @maurelian_, @smarx, @VladZamfir for their winning @ETHBerlin POC: Three Ethereum Virtual Machine's running on t…"
1038129598515634176,2018-09-07 18:19:18,"RT @ProductHunt: Build powerful apps on the Ethereum blockchain. 

Here's an Ethereum node, but as an API 🛠️👩‍💻 https://t.co/l786Sjlmxb"
1037377406426853377,2018-09-05 16:30:21,RT @jdetychey: This is @Consensys Paris #ethereum node: Macbook A1342 2.4ghz 4 Go RAM w/ 128 Go SSD running @ParityTech stable release with…
1037079755571556352,2018-09-04 20:47:36,"RT @owocki: ETH this week:

- @ETHBerlin this week: Dope 💯
- Berlin Blockchain Week: Double Dope 🌈
- @TechCrunch FUD : Silly 😜
- Elon Musk:…"
1037013521710632960,2018-09-04 16:24:25,"RT @manuelstagars: Joe Lubin @Ethereum @ConsenSys @EthereumJoseph about why decision-making is a ""big, fuzzy, hairy, and messy thing"" https…"
1036603371485126658,2018-09-03 13:14:37,"RT @aantonop: ⚡️ “Ethereum Casper (Proof of Stake)”

https://t.co/wypVzE48T0"
1035893421511245825,2018-09-01 14:13:32,"RT @GCPcloud: The Ethereum blockchain is now available for exploration with #BigQuery, use it to analyse:
✅ Smart contract functionality
✅…"
1035656410607091712,2018-08-31 22:31:44,"RT @airswap: New to our network? Want to easily buy and sell #Ethereum tokens? Read ""The Complete Beginner's Guide to AirSwap"" by @CoinGeck…"
1035181945565716480,2018-08-30 15:06:23,"RT @GetGitcoin: A great panel at @TechCrunch's Ethereum Meetup where Gitcoin was discussed extensively. 

Watch to see @vsinghdothings, @et…"
1034088194126557191,2018-08-27 14:40:12,"RT @ConsenSysIndia: Reasons why it is absolutely necessary for the #Indian government to adopt #blockchain technology in helping farmers.
R…"
1032703374939107328,2018-08-23 18:57:25,"RT @OpenLawOfficial: Read about why our integrating with ChainLink could be big for smart contracts in @bitcoinsguide. ""This is important b…"
1032411974313959424,2018-08-22 23:39:30,RT @amandagutterman: Anyone notice misinformation about #Ethereum floating around lately? Luckily @samcassatt &amp; @everett_muzzy slice throug…
1032385916306784256,2018-08-22 21:55:57,RT @uport_me: I just published “Announcing 3Box and Ethereum Profiles” https://t.co/khbJSxLmlU
1032061637317017601,2018-08-22 00:27:23,RT @AlethioEthstats: So much has happened on #Ethereum in its short history. ERC20 is still important but #DEX have gained a share. Look at…
1031928960857325570,2018-08-21 15:40:11,RT @TDANetwork: Ethereum co-founder Joseph Lubin joined #MarketOnClose to examine the relationship between #crypto token and enterprise. $E…
1030827114440937472,2018-08-18 14:41:50,"RT @ConsenSys: At the end of the day, we care about building the decentralized World Wide Web through the evolution of #Ethereum. https://t…"
1029800113982631936,2018-08-15 18:40:54,RT @crypto: Ethereum co-founder Joseph Lubin says Bitcoin bubbles are good for business https://t.co/lIXPrWcyJZ
1029756940790976512,2018-08-15 15:49:21,Want to begin exploring Web3? Here's a list of 40 #Ethereum apps you can use right now. Post a bounty on… https://t.co/mNZmQ95EEW
1029385943055257600,2018-08-14 15:15:08,"RT @OpenLawOfficial: Execute smart contracts in $USD.

We're excited to announce our new partnership with @chainlink, incorporating real-ti…"
1029184547013967873,2018-08-14 01:54:51,RT @infura_io: New #Infura documentation now live go check them out! Thanks to @rahulrumalla for the great work via @GetGitcoin #Ethereum #…
1029094766754115584,2018-08-13 19:58:06,"RT @Join_Civil: Great post on uncensored content on #Ethereum (aka, how Chinese activists inspired @Join_Civil) by Civil engineer @walkerch…"
1026486934800097280,2018-08-06 15:15:31,RT @ConsenSysVC: Listen to @KavitaGupta19's @markets interview w/ @pimmfox @bobivry on defining blockchain and why #ethereum is the best wa…
1026230479161315333,2018-08-05 22:16:27,"RT @AdamDeanWozney: We're hosting a badass #hackathon next weekend in #NYC. Dont miss out!

#Ethereum Community NYC https://t.co/OGN7xUOtFK…"
1026150861687406592,2018-08-05 17:00:05,RT @ethstatus: Huge props to our friends @ethBounties for continuing to galvanize the global #Ethereum community by launching #MOKSHACoin w…
1025453998483099648,2018-08-03 18:50:59,We want to give ambitious developers the resources they need to create powerful dApps on #blockchain and #Ethereum.… https://t.co/ifOzPZ8W7y
1024308490536411136,2018-07-31 14:59:09,"RT @airswap: Three years ago, users loaded the #Ethereum Genesis block, marking the beginning of Web 3.0. Today, we celebrate another year…"
1022551334942400514,2018-07-26 18:36:50,More comprehensive #Ethereum analytics from @AlethioEthstats. They investigated hubs and authorities in transaction… https://t.co/xa9ufWvsRI
1022452738767183872,2018-07-26 12:05:03,"RT @Cointelegraph: Ethereum co-founder Joseph Lubin: Berlin is the most important city in the blockchain cosmos
https://t.co/pm9z95RtFY"
1022265212047638528,2018-07-25 23:39:53,"RT @Cointelegraph: .@ethereumJoseph on Ethereum, ConsenSys, SEC regulations, and the fact that he’s not a crypto trader
https://t.co/uwDx4A…"
1022111057660338176,2018-07-25 13:27:20,"RT @airswap: ""If #Ethereum is a pioneer of blockchain, what that represents is bigger than whatever ETH becomes. [...] Consumer utility tok…"
1021917743749181440,2018-07-25 00:39:11,RT @ConsenSys: What happens when the #Ethereum #Blockchain and gaming collide? Join us at the @loomnetwork hackathon in London 4-5 August t…
1019945999903666176,2018-07-19 14:04:10,RT @ConsenSys: .The @AlethioEthstats demo is getting so much love from everyone here @dappcon_berlin #ConsenSys #Ethereum #Blockchian #Dapp…
1019679552312954880,2018-07-18 20:25:24,Looks like @dappcon_berlin is shaping up to be one of the best #ethereum events of the summer. Looking forward to s… https://t.co/GmycEr3DE5
1018544163091025920,2018-07-15 17:13:46,"RT @owocki: Hey #ETH friends, #dataviz friends; take 10 seconds and checkout this 3d dataviz I did of the gas prices vs confirmation time o…"
1018122914066042881,2018-07-14 13:19:53,RT @ethBounties: Are you ready #Asia? Introducing the #MOKSHA Coin at @ethindiaco: an event-focused token designed to expand #Ethereum comm…
1017833872262868993,2018-07-13 18:11:20,The consistency at which @GetGitcoin pumps out awesome developer tools for #ethereum is incredible. Take a look at… https://t.co/e4drDUMa02
1017083960445333506,2018-07-11 16:31:27,"Thanks so much to @RISEConfHQ for having me in Hong Kong yesterday to discuss 'Me, Myself, and #Ethereum'. It was a… https://t.co/b6wM8Titra"
1017014169617518594,2018-07-11 11:54:07,RT @WebSummit: “Blockchain is transforming the internet” - Ethereum co-founder and @ConsenSys CEO @ethereumJoseph at #RISEConf https://t.co…
1016909911366799361,2018-07-11 04:59:50,"RT @RISEConfHQ: ""The Ethereum platform is essentially a world computer."" - @ethereumJoseph on Centre Stage here on day 2 of #RISEConf. http…"
1016557554716086272,2018-07-10 05:39:42,RT @ConsenSys: .@ethereumJoseph and @SophiaLopez sitting down to announce exciting expansions of @Kaleido_io into APAC #Ethereum #RISEConf…
1016488575607689217,2018-07-10 01:05:36,"RT @airswap: We're excited to announce that the AirSwap Widget will be integrated on Augur's decentralized, peer-to-peer oracle and predict…"
1016373451735601152,2018-07-09 17:28:08,RT @benjaminion_xyz: A round-up of some of the developments being discussed for #ethereum 2.0. @PegasysEng https://t.co/v4gVzlopH3
1016097187594465291,2018-07-08 23:10:22,RT @EntEthAlliance: Don’t miss a Fireside Chat at the EEA Hong Kong Meetup with #Ethereum co-founder Joseph Lubin (@ethereumJoseph) and Dr.…
1015960404915351555,2018-07-08 14:06:50,"The #blockchain world descended on Zug, Switzerland this weekend for @TechCrunch Blockchain Sessions. Here is the r… https://t.co/JOVtfcxlQS"
1015289633566085120,2018-07-06 17:41:26,"RT @ConsenSys: Fireside chat in Zug on the early days, current state, and future of the #ethereum #blockchain with @ethereumJoseph and Tom…"
1014542534721310720,2018-07-04 16:12:44,"RT @ConsenSys: To those of you who want to take part in building #Ethereum’s core infrastructure and applications, come join us and @gnosis…"
1014272446063611906,2018-07-03 22:19:30,RT @TechCrunch: Here’s the agenda for the TechCrunch Ethereum Meetup on July 7 https://t.co/hs2rArwMbb by @jonrussell https://t.co/bl1kGCAF…
1014158552531984385,2018-07-03 14:46:55,"RT @WebSummit: Few breakthrough technologies have the world-changing potential of #Ethereum.

One of the main driving forces behind the rap…"
1013117177615081472,2018-06-30 17:48:52,Replay is up from @sxsw. Got to have an extensive conversation about all things #Ethereum and #blockchain with… https://t.co/uybOcRQWT3
1012724723661328385,2018-06-29 15:49:24,Check out this ridiculously comprehensive #Ethereum developer resource list aggregated by @ConsenSys labs. #BUIDL https://t.co/ee6l0C8932
1012388150356905984,2018-06-28 17:31:58,RT @ConsenSysVC: Another thank you to @ethfans for hosting a great Ethereum meetup - this time bringing out Hangzhou’s awesome #Ethereum co…
1012017817489690624,2018-06-27 17:00:24,"RT @Crypto_Potato: We had the privilege of interviewing @ethereumJoseph , co-founder of #ethereum , founder of #Consensys, as part of the C…"
1011973304268263424,2018-06-27 14:03:31,"RT @uport_me: We all know about Layer 1 and Layer 2 Ethereum scaling solutions.

But what about Layer 3?

Sybil attack resistance is the li…"
1010951613656203265,2018-06-24 18:23:41,RT @ConsenSys: .@TheFinTech50 ranked @TrustologyIO as a Top Ten #FinTech company to watch in Europe. #ConsenSys #Ethereum https://t.co/52PG…
1010144256785354752,2018-06-22 12:55:33,Tools like the @airswap in-app trading widget will make #Ethereum much more consumer friendly. It eliminates your p… https://t.co/XUwWrqGfpq
1009790488466067458,2018-06-21 13:29:48,RT @coindesk: Ethereum Accelerator to Offer Crypto Coders Resources and 'Reality Check' https://t.co/IZqjbcMZEY https://t.co/3eiK25zlXh
1009516214446682112,2018-06-20 19:19:56,"RT @CBinsights: The co-founder of #Ethereum and founder of @ConsenSys, @ethereumJoseph, is taking the stage now at Future of Fintech. Follo…"
1008718814744317958,2018-06-18 14:31:21,So exciting to see #ethereum thriving in Israel. Thanks to @globesnews for the writeup about the newly established… https://t.co/XjfNLg3mbs
1007741067280699392,2018-06-15 21:46:08,RT @ConsenSys: Check out the @ad_chain product roadmap! The advertiser registry is coming later this year.  @metaxchain #Ethereum https://t…
1007646479635353600,2018-06-15 15:30:16,RT @ConsenSys: We applaud the clarity provided by Director Hinman and the SEC today. ConsenSys looks forward to continuing to engage with r…
1007280953792884736,2018-06-14 15:17:48,"RT @ConsenSys: .@trufflesuite, #Ethereum’s development framework, already has more than 500K downloads. #ConsenSys https://t.co/yhiLzxAyF9"
1007240230137626624,2018-06-14 12:35:59,"RT @coindesk: Forget Prices, Ethereum Is Offering a Different Value in Afghanistan https://t.co/kvcBocs0Bg https://t.co/9Hcu6181tP"
1006987766096367619,2018-06-13 19:52:47,"RT @uport_me: Are you #buidling a project for the @joincolony hackathon?

https://t.co/0TP4k3eWcf

uPort has posted a 500 DAI bounty on the…"
1006566644238479360,2018-06-12 15:59:23,RT @IndiaConsenSys: ConsenSys India is excited to announce the biggest #Ethereum #hackathon – ConsenSys #India #Blockchain Hackathon’ 18 fr…
1006236807120478214,2018-06-11 18:08:44,RT @adrianweckler: Ethereum co-founder Joe Lubin (@ethereumJoseph) with @Consensys MD @LoryKehoe (left). Planning crypto ecosystem in Irela…
1005489098818236416,2018-06-09 16:37:36,RT @KavitaGupta19: Kickstarting ConsenSys India developer program with @dnovy - welcoming students to Ethereum ecosystem @IndiaConsenSys @e…
1004741195757768704,2018-06-07 15:05:42,"RT @Kaleido_io: ""Have a look at what @Kaleido_io can do running #ethereum "" says @pbmumbles in Live demo with @cointimeus.  #Kaleido and @C…"
1004053951753400320,2018-06-05 17:34:51,"RT @loomnetwork: ""What made you choose to build Loom Network on top of Ethereum as opposed to the many other blockchains out there?""

Becau…"
1002592985748566018,2018-06-01 16:49:29,RT @_andreasborg: What happens if you turn the blockchain into music? This. #crypto #generative #ethereum #music https://t.co/E73FcLRfqQ
1002571301238779904,2018-06-01 15:23:19,RT @ConsenSys: Streaming Live from Blockchain for Social Impact Conference #BSIC2018 on Facebook.@internetsociety #ethereum #blockchain #Co…
999322814548271109,2018-05-23 16:15:00,"RT @cryptomanran: Ethereum and Ethereum Killers! Is Eth a security?

The first part of our coverage from NYC Crypto week. 

@ethereumJoseph…"
997487361431887872,2018-05-18 14:41:34,"RT @airswap: We’re excited to announce a working partnership with @MakerDAO! Market makers are now trading the Dai stablecoin on AirSwap, c…"
996116089938563074,2018-05-14 19:52:37,Keep an eye on @SysIsrael for all things #blockchain and #Ethereum out of Israel
996055194906648577,2018-05-14 15:50:38,"RT @TDANetwork: “Bitcoin was just the opening act. I find a decentralized World Wide Web much more interesting, where any asset can be digi…"
995797636643946497,2018-05-13 22:47:12,"RT @coindesk: At Ethereum Summit, A Human Face On A High-Tech Future https://t.co/Mo3io3hEGn #EtherealSummit #EtherealNY #NYBlockchainWeek…"
995442256705478656,2018-05-12 23:15:03,Massive congratulations to @UjoMusic for launching on the #Ethereum mainnet this weekend. Jam out to a bunch of son… https://t.co/FeZziFn1Wf
995437128887750657,2018-05-12 22:54:40,Big shoutout to @ad_chain and @metaxchain for recently launching the first token curated registry on the #Ethereum… https://t.co/WUfa3fkxrh
995431526840987648,2018-05-12 22:32:24,"“In addition to not giving away ETH, @VitalikButerin is destroying jobs and creating better ones.” https://t.co/pCTR6Ao44D"
995423601707896832,2018-05-12 22:00:55,I’ll be taking the stage momentarily to close what has been a fantastic two-day celebration of #Ethereum and… https://t.co/VN4EblHIpj
995415685324050432,2018-05-12 21:29:27,.@ethereum researcher @VladZamfir and @IAmNickDodson share some thoughts on the hot topic of protocol governance. T… https://t.co/IwBQFeJIwA
994980106476183554,2018-05-11 16:38:37,Congrats to @UjoMusic for launching their Creator Portal on the #Ethereum Mainnet today! Thanks to @RAC for coming… https://t.co/tFKGJij5FM
994969122848075777,2018-05-11 15:54:59,RT @ConsenSys: .@viant_io gearing up to serve sushi with fish tracked and recorded on Ethereum. Serving at 12:00 @EtherealSummit #EtherealN…
993129235559706624,2018-05-06 14:03:55,"RT @JonaFunLevi: Agree with @ethereumJoseph that #EdCon this year had such an impressive lineup of speakers &amp; #Ethereum visionaries.

But w…"
992858095989809152,2018-05-05 20:06:31,RT @KavitaGupta19: The @ethereum community showing strong collaboration and education in Toronto. The web3 future is brighter than ever. @e…
992538737753063424,2018-05-04 22:57:30,"Intriguing discussion this evening at #EdCon2018 on investment, regulation, and governance in the #Ethereum ecosyst… https://t.co/SPtXKS3xAJ"
992402389989756928,2018-05-04 13:55:42,I'm blown away by the amount of passionate #Ethereum developers at EdCon this year. Thanks to everyone who came out… https://t.co/tt9BpfK1oK
992043434574798848,2018-05-03 14:09:20,Kicking off day one of #EdCon in Toronto. Such an awesome lineup of speakers and #Ethereum visionaries. https://t.co/tsfBXm3EeL
991372855882473474,2018-05-01 17:44:42,"RT @CollisionHQ: ""Blockchain can enable better voting systems, more trustworthy voting systems.""- @ethereumJoseph of Ethereum and @ConsenSy…"
991363110979231746,2018-05-01 17:05:58,"RT @ConsenSys: .@EtherealSummit is a almost here!! #ethereum #blockchain #etherealsummit #etherealsummitNY

https://t.co/fWB1nWOu1Y https:/…"
989909059196342278,2018-04-27 16:48:05,"Get the necessary tools to start developing on #Ethereum, without the need to run complicated infrastructure. Read… https://t.co/FEAIaEyW7d"
989535667981094912,2018-04-26 16:04:22,RT @BlockchainZA: @ConsenSysAndrew co-created the first #Ethereum Blockchain-as-a-Service offering with @Microsoft &amp; catalyzed the creation…
989503554837721089,2018-04-26 13:56:46,RT @crypto: ICYMI: @airswap co-founder tells @TheStalwart he believes “Ethereum is the future. If you are in the financial services industr…
989165445713481728,2018-04-25 15:33:14,"RT @ConsenSysAndrew: Congrats to @AirSwap, ANOTHER @ConsenSys incubation going into production today on @Ethereum. #BUIDL #BUIDL #BUIDL htt…"
988878383781236738,2018-04-24 20:32:33,"RT @rosenbergann: Joseph Lubin, Co-Founder of Ethereum, honoree at #DisruptorAwards, speaks on systems that will transform the future of mu…"
988817153397788673,2018-04-24 16:29:15,RT @ad_chain: Announcement: the Public Release Candidate of the #adChain Registry is LIVE on the #Ethereum Mainnet! https://t.co/LSwqd5Ofkh…
988806039754760193,2018-04-24 15:45:05,RT @EtherealSummit: Ethereal Summit Speaker Spotlight - Joe Lubin ~ @EthereumJoseph ~ Co-founder of @ethereum &amp; Founder of @ConsenSys ~ #bl…
986335146772180994,2018-04-17 20:06:38,"RT @Virtue_Poker: Using the power of the Ethereum blockchain, @Virtue_Poker never touches player funds; funds are always under the control…"
984999078328197120,2018-04-14 03:37:35,RT @AriDavidPaul: The growth in developer count is staggering.  @ConsenSys now has more devs working on ETH projects than existed in the en…
984141760325652480,2018-04-11 18:50:54,"RT @KennyMuLi: @ethereumJoseph founder of @ConsenSys on the front page of US Chamber of Commerce website. Go #ethereum! 

https://t.co/N6W5…"
981953523826024448,2018-04-05 17:55:38,"Come see author @DeepakChopra, @WEF blockchain &amp; DLT head @sheila_warren, @ethereum foundation ED @mi_ayako,… https://t.co/SOIqxvnJl3"
981652988937818113,2018-04-04 22:01:25,"RT @ConsenSys: ConsenSys is not just building on #Ethereum, but using Ethereum to build ConsenSys itself. CONE is an organizational model w…"
979388404713644032,2018-03-29 16:02:46,I'll be getting into all things #Ethereum and #blockchain at @MoneyConfHQ this June in Dublin. Looking forward to a… https://t.co/T0MCcoSf2a
976805335972401152,2018-03-22 12:58:34,RT @ConsenSysVC: Great time hearing @ethereumJoseph and @KavitaGupta19 talk all things Ethereum and @ConsenSys to an absolutely packed hous…
974820371106091010,2018-03-17 01:31:02,"RT @laurashin: 1/ Wow, amazing to read about my official SXSW event with @ethereumJoseph: ""jam-packed SXSW keynote titled, 'Ethereum Will C…"
974689774069010432,2018-03-16 16:52:05,RT @ConsenSys: Etherealites! Only two days left to get early bird tickets to @EtherealSummit! Get them here 👉  https://t.co/3XwEQpAz7V #eth…
973669966192005121,2018-03-13 21:19:44,"Full interview with @alexeheath of @cheddar from @sxsw. Extensive conversation on #Ethereum, tokenized elements of… https://t.co/VrQgjDK6N0"
973216766771040256,2018-03-12 15:18:53,"RT @cheddar: .@ethereumJoseph, co-founder of #Ethereum, says the recent crypto gold rush and subsequent crash is similar to the original do…"
972214161403981824,2018-03-09 20:54:53,RT @sxsw: Hear why Ethereum Is Going to Change the World with @ethereumJoseph and @laurashin today at 3:30 PM in the ACC in Ballroom D. htt…
972128045783011329,2018-03-09 15:12:42,Tune into the @sxsw livestream today at 11am CT/12pm ET. I'll be discussing #Ethereum and #blockchain with host… https://t.co/dtkqVmf52l
971828187142459393,2018-03-08 19:21:10,"RT @GetGitcoin: Interested in building on Ethereum, but don't know where to start? See this video for how you can use @metamask_io and @ETH…"
971486478093123584,2018-03-07 20:43:20,"RT @Investopedia: Do you actually know what #ethereum is? Co-founder @ethereumJoseph explains:
https://t.co/nByi9g5Ikq"
971173910552203264,2018-03-07 00:01:18,"RT @ConsenSys: #Ethereum has become a household name, but what's actually happening on the blockchain is still a mystery for many. @Alethio…"
969330064675532801,2018-03-01 21:54:31,"So @ConsenSys is doing some cool stuff at @sxsw next weekend. @laurashin and I will be chatting about #Ethereum,… https://t.co/8bHV3U6Rq6"
967108440505176064,2018-02-23 18:46:34,RT @CReckhow: #1 on product hunt is @Infura_io today! #Infura: #Ethereum node as an API https://t.co/EsmxFD83uW
966745281885868033,2018-02-22 18:43:31,"RT @Complex: .@ethereumJoseph, Co-founder of @ethereumproject &amp; founder of @consensys, gives insight on bitcoin and blockchain. #ComplexCon…"
964127997145108480,2018-02-15 13:23:21,RT @infura_io: Check out our new status page to monitor the health of our infrastructure including the ability to monitor pending txn relay…
963617133916762114,2018-02-14 03:33:22,RT @CBinsights: Get an insider's look at #Ethereum from one of its creators: @ethereumJoseph is speaking at Future of Fintech. Get your tic…
963423830755733504,2018-02-13 14:45:15,"This weekend, @EthereumDenver is shaping up to be the #ethereum event of the spring. @coloblockchain has booked awe… https://t.co/mAZaQquVwj"
956905430655164416,2018-01-26 15:03:27,"Watch #blockchain and #cryptocurrency company @airswap, built on #ethereum, launch from a Brooklyn loft https://t.co/zJsMjH5VS9"
955561380681277440,2018-01-22 22:02:41,RT @CReckhow: #Ethereum is moving computation from siloed systems to true peer2peer networks @ethereumJoseph at @Abundance360 #blockchain #…
950402683260764160,2018-01-08 16:23:51,"RT @ConsenSys: ""The world-at-large is realizing that we are slowly upon the next generation of the world wide web."" - @ConsenSysAndrew 

ht…"
942819691445342214,2017-12-18 18:11:45,"""When People Talk About Bitcoin's Crazy Climb, They're Missing Half The Story"". @amandagutterman tells that other h… https://t.co/cPLZQf4oHR"
942082935783657472,2017-12-16 17:24:09,"#Bitcoin = A single app. #Ethereum = An entire app store. Thanks for having me on @BloombergTV, always a pleasure. https://t.co/LXKX8cF8BR"
941415029424959490,2017-12-14 21:10:08,"RT @thebridgebk: Been hearing a lot about Bitcoin lately? You can get the bigger picture from our podcast with Joseph Lubin, founder of #Br…"
938773827575799809,2017-12-07 14:14:56,"RT @cheddar: Ethereum co-founder @ethereumJoseph discusses the difference between bitcoin and ethereum: ""Bitcoin is like a money system, et…"
938531512747741185,2017-12-06 22:12:04,"RT @rogdev: I'm participating in the @airswap beta. Looking good! 
#airswap #beta #dex #cryptocurrency $AST $ETH https://t.co/nEMeldAyBo"
938451330812825600,2017-12-06 16:53:27,RT @ConsenSys: What's in store for #bitcoin #ether and other cryptocurrencies? Hear from @ethereumJoseph on @SquawkStreet this morning on @…
932260502817923072,2017-11-19 14:53:19,RT @novogratz: ETH looks poised for a move to new highs.  Lots of good news on the horizon. #ether #consensys
931548227861733376,2017-11-17 15:42:59,"RT @CNBCi: The brains behind two of the world's biggest cryptocurrencies face off on bitcoin, cash and ICOs. https://t.co/F588yo0Tpj"
928702830650720262,2017-11-09 19:16:23,"RT @CNBC: 'Irrational exuberance' in ICOs but the tech is here to stay, Ethereum co-founder says https://t.co/BxhpQZbd1s"
928387030060593154,2017-11-08 22:21:31,"RT @cburniske: #Bitcoin &amp; #Ethereum have been in demand at #WebSummit. Last minute booking of @ethereumJoseph, @joonian &amp; myself for Centre…"
927944651893563393,2017-11-07 17:03:40,"RT @Virtue_Poker: Check out how Virtue Poker ""breaks up the central banks of online poker"" using Ethereum smart contracts: https://t.co/Ts5…"
926161057206456320,2017-11-02 18:56:17,Five startups focusing on Ethereum show how they're using the protocol https://t.co/mszKS4erRR
925143954282164224,2017-10-30 23:34:41,"“#Blockchain is is a revolution for good, not for money. It’s about changing the world.” https://t.co/ewGB9Pqv7M #Ethereum @ETHWaterloo"
924826402158972928,2017-10-30 02:32:51,RT @gridplus_energy: Less than one day to go! The GRID Token Sale Launches tomorrow! #ethereum #blockchain #energy https://t.co/vWE2e1CTuk…
923942113045286913,2017-10-27 15:59:00,RT @ConsenSys: Check out the livestream of @EtherealSummit: https://t.co/v802kHygk5 #EtherealSF #blockchain #Ethereum https://t.co/YgHFD1Xt…
922899639778660352,2017-10-24 18:56:35,Always a pleasure informing people about the exciting possibilities of #blockchain and #ethereum. Thanks for having… https://t.co/l5DgW5fuAN
907972975718289408,2017-09-13 14:23:21,There is another way: The Equifax Hack and the Road to Decentralization https://t.co/WtAmYerBpP #ethereum #equifax
905205472529145856,2017-09-05 23:06:17,"“The real pony here, is the underlying technology called the blockchain” https://t.co/QYjwZYxWLY #ethereum"
900831584126894084,2017-08-24 21:26:00,RT @IBTimes: This guy is taking blockchain to a whole new level with Ethereum https://t.co/Jwm3Ob3fic https://t.co/6FzeoqkFss
855942764403544064,2017-04-23 00:33:52,@fivedogit Our focus is on building out cool/important projects and doing work we care about. #BuyAndBuild #ethereum https://t.co/S3sMsnCcNP
830805585880821760,2017-02-12 15:47:41,RT @rahilla: Ethereum studio ConsenSys to build blockchains in Dubai https://t.co/bwnRZaV7u5 via @IBTimesUK
826338916374507520,2017-01-31 07:58:44,@donaldmcintyre_ @ChronicledInc It will create specs &amp; protocols that will be usable on the public Ethereum blockchain or private networks.
821724718306914304,2017-01-18 14:23:34,RT @JohnLilic: R3 calling 2018 the year of #Blockchain production meanwhile was @ConsenSysLLC busy shipping #Ethereum production systems in…
819597874682068993,2017-01-12 17:32:15,"RT @ConsenSysLLC: What's #Ethereum? What's exciting about it and how did @ethereumJoseph get involved? He tells all #transparency

https://…"
818560901431312386,2017-01-09 20:51:41,“The Birth of Enterprise Ethereum in 2017” by Jeremy Millar https://t.co/n4Ep2RLAhy
818236979993255938,2017-01-08 23:24:32,@lisperati What do they say about correlation and causation?  BTC can be real and lift related speculation heavy boats.
817948666388422656,2017-01-08 04:18:53,"Originally published October 2015. 15 months is a very long time in Blockchain
#Ethereum #Blockchain
https://t.co/hjdXRHJuRp"
816042458542968833,2017-01-02 22:04:18,@BorjeMelin @LordLucasCD @ConsenSysLLC Not all of those r still alive but there are many public &amp; private projects missing from that list.
811801864316522496,2016-12-22 05:13:41,@BobSummerwill @ConsenSysLLC  Yuuuuuuge.  Bob is slated to continue his  focus on strengthening Ethereum at the protocol and other levels.
809133303529934848,2016-12-14 20:29:47,RT @FuturetechP: @ConsenSysLLC – Ethereum Blockchain Development Firm. Interview with @PelleB &amp; @ArthurFalls https://t.co/0g7LXO16aq #ether…
808412027177893888,2016-12-12 20:43:41,RT @amandagutterman: Wrote this piece with @ConsenSysLLC colleagues @ethereumJoseph and @samcassatt to explain what's up with #Ethereum: ht…
807310140928049152,2016-12-09 19:45:11,RT @Blockgks: What is #Ethereum? A Step-by-Step Beginners Guide  https://t.co/0UKw5GeHDR #blockchain #fintech https://t.co/l8FTuHgdpl
801150359376982016,2016-11-22 19:48:24,"RT @AaronWatson59: Talked #Ethereum, #blockchain, and @ConsenSysLLC with @ethereumjoseph https://t.co/VQAN2S0wEX"
801098112513277953,2016-11-22 16:20:48,Vox explains how momentum is shifting toward Ethereum: @vox @binarybits https://t.co/QAvvAdYkAk
799735495605391361,2016-11-18 22:06:15,NYC is top localized/centralized level of legacy world game. When we brk thru there r infinite decentralized lvls t… https://t.co/giKAdEY3yB
799324076565204993,2016-11-17 18:51:25,Thanks @Blockgks for this guide to Ethereum. Here's where I think we'll be in two years: https://t.co/FkttQyRjsI
796102627993985024,2016-11-08 21:30:32,"Thanks FC. I expect in a few yrs, as the decentralized web gains traction you'll be upgrading yr name to FasterComp… https://t.co/ULaICh7EX1"
762067223573831681,2016-08-06 23:25:59,"Solid article.  Why #Bitcoin and #Ether prices might not matter, but blockchains do. 
https://t.co/YhqPvHKApr
https://t.co/G1cg7BJsiA"
760601142032211968,2016-08-02 22:20:18,I am working 100% on ETH. @ethereumproject @ConsenSysLLC https://t.co/hS4eU4iZiS
754748068961067010,2016-07-17 18:42:16,"@NotRhodey @ethereumproject If you regain interest in Ethereum, please send me a note."
754747834096816128,2016-07-17 18:41:20,@NotRhodey @ethereumproject Somehow this slipped through the cracks.  Various Eth devs are looking at this now &amp; someone will contact you.
754706270834270208,2016-07-17 15:56:11,"RT @JohnLilic: Was asked a question today ""who is the hardest working person you know in the Ethereum ecosystem?"" @ethereumJoseph hands dow…"
739955926640250880,2016-06-06 23:03:35,Large granite block-based financial institutions meet agile blockchain-based proponents.  First link in the chain. https://t.co/eaxmKYkJR6
735934680671920128,2016-05-26 20:44:35,"@CommonEdits Yes a change to Ethereum broke our prototype, but we have a team busy building our phase two release.  Happy to discuss."
713182915690102784,2016-03-25 01:57:12,"Andres, wearing his @ethereumproject glasses (j/k) and shirt.  First Chilean Eth meet-up.  Awesome. https://t.co/zqzGl7lntj"
709516824166191105,2016-03-14 23:09:27,@1cyrilblanc1 @jonmatonis Version 1 works as advertised. For v2 R&amp;D underway will lead to a prudent and well-tested implementation.
708855486720950273,2016-03-13 03:21:32,"Lamassu, QuadrigaCX, Kraken, @VitalikButerin, ....  What do these have in common? Canada, eh?  No, Canada, ETH. https://t.co/dSHHD9KHRs"
702515586190983168,2016-02-24 15:29:02,Ethereum: Rise of the World Computer - Silicon Valley Data Science https://t.co/b59ns3FO5C
688559740717256705,2016-01-17 03:13:29,"@dominic_w @ethereumproject Gift of Ethereum from someone who's banged his  head for a few years on the Bitcoin coding wall.  Thanks, Dom."
684816435013652480,2016-01-06 19:18:56,"Goldin boy brings Eth wisdom down the mountain to the people.

I just published “Ethereum: Bitcoin Plus Everything” https://t.co/7jGW6cFnLA"
678016392604614656,2015-12-19 00:57:59,"Simon de la Rouviere​ telling ""d"" truth about The Ethereum​  World Computer.   https://t.co/lBPdHp7Hmh via @memeburn @ethereumproject"
673888777048342528,2015-12-07 15:36:19,Start your own blockchain-resident company -- or bank -- on the Ethereum platform. https://t.co/gSW4ILoCWW via @IBTimesUK @ethereumproject
669311678283165696,2015-11-25 00:28:33,KPCB pivots: Abandoning years of inv success to become an Ethereum dev shop.  “Our thoughts on Ethereum” @kpcb_edge https://t.co/lTru4Clx0D
667534116775198722,2015-11-20 02:45:10,Rapid Decentralized Application Development with @blockapps STRATO on Ethereum Blockchain as a Service on @Azure.  https://t.co/bTVcezeeF7
665587591748698112,2015-11-14 17:50:22,@perelmanor @ThomasBertani Larger statement was: Coke was competing with water not Pepsi.  Fiat monetary system = water.  Bitcoin = Pepsi.
664568689119858688,2015-11-11 22:21:37,"Anybody wanna buy some ether?  Bitcoin in, ether out.  Coming soon..... https://t.co/VUyrCSTj5D"
664043669985624064,2015-11-10 11:35:22,Mainstreaming  @ethereumproject. Ethereum Blockchain as a Service. Any dev can now easily create decentralized apps https://t.co/SnCiRjkVrA
663509676567470080,2015-11-09 00:13:28,The ETH/USDT addition is exciting.  Looking forward to having a USDT subtoken native to Ethereum.  @CraigSellars  https://t.co/MDazM8eAMA
662833642348130304,2015-11-07 03:27:09,By end of article you’ll understand blockchains in general and Ethereum in particular &amp; what they mean to your life. https://t.co/SaUwsVbior
662090105558073345,2015-11-05 02:12:36,“What is Ethereum?” by @quickleft https://t.co/UpWbDSrweR Piper goes from 0 to 1 on Ethereum.
662056999551639556,2015-11-05 00:01:03,"@VitalikButerin sharing Ethereum - a substrate for the development of GLOBAL economic, social and political systems. https://t.co/u5D1PLHybl"
660088703503716352,2015-10-30 13:39:45,"@jgarzik @ultimape Can write dApps outside the Bitcoin protocol with lots of tools, but need to be using the protocol to minimize trust."
658680031112245249,2015-10-26 16:22:11,"Ethereum developer conference, ÐΞVCON1, is fast approaching » Brave New Coin https://t.co/PH89cwm82p via @bravenewcoin @ethereumproject"
657373857133776896,2015-10-23 01:51:55,"Father of smart contracts, Nick Szabo to be keynote speaker at Ethereum's ÐΞVCON1 in London https://t.co/sylIM8Vy5v via @IBTimesUK #ethereum"
656698031840952320,2015-10-21 05:06:26,"1/ @izakaminska This was reversed by social convention, same as it would be in a Bitcoin or Ethereum-based system."
653793641064873984,2015-10-13 04:45:25,"@jgarzik @ConsenSysAndrew @willobrien @ethereumproject That's one option.  Others include BTC Relay, a sort of SPV BTC client on Ethereum."
653792423210938368,2015-10-13 04:40:35,@jgarzik @willobrien John elucidates differences in developing a dApp on Ethereum vs. on Bitcoin. @ethereumproject  https://t.co/aAKVyFezic
653791628721696769,2015-10-13 04:37:25,@ConsenSysAndrew @jgarzik @willobrien @ethereumproject Ethereum is not good at what Bitcoin is best at and vice versa.  Let's discuss.
650752779363983360,2015-10-04 19:22:07,Imogen Heap shows how smart music contracts work using Ethereum http://t.co/rq3MBmHmRi via @IBTimesUK #ethereum
645795174896041984,2015-09-21 03:02:22,@mandeleil @ethereumproject http://t.co/VshVyQIqqX your decentralized x-ray machine with step-by-step tracing of Ethereum smart contracts.
645790365597999104,2015-09-21 02:43:16,Eth development is decentralized: multiple quasi-independent implementations that are forced to come into consensus. https://t.co/nKtXvYjkir
645789257320267777,2015-09-21 02:38:51,"Singing the praises of the blockchain, in 15-second meter with driving Ethereum bass. https://t.co/eeS1Vr63wy"
644962060447686656,2015-09-18 19:51:52,It is orders of magnitude easier to build fully featured decentralized apps on ethereum.  More info in responses. https://t.co/4HK4HDcDhE
644958902753357825,2015-09-18 19:39:19,2/ @willobrien @jgarzik @petertoddbtc @mikebelshe In BTC special devs stuff data in 80 bytes &amp; build code on protocol w/ crypto primitives
644958388221267968,2015-09-18 19:37:17,1/ @willobrien @jgarzik @petertoddbtc @mikebelshe Eth enables an avg sw dev to build secure smart contracts with arbitrary logic and storage
635513886112772096,2015-08-23 18:08:12,Step through Ethereum smart contracts using VMTrace at http://t.co/hNlkBZsxFf. @ethereumproject @mandeleil  https://t.co/ynLiUgmwoe
634573214539235328,2015-08-21 03:50:18,@euros @ConsenSysLLC will create this contract between us on the @ethereumproject blockchain.  I will use the BTC to buy ETH. Email me.
634209247149072384,2015-08-20 03:44:02,@euros @ethereumproject Would you like the lending payment and repayment to be automatically verified by Joseph Chow's BTC Swap tool?
627702599538442240,2015-08-02 04:48:56,"@cdixon Arbitrarily complex trustless, self-enforcing agreements. #ethereum https://t.co/HVh9TrytPo"
627702270570827776,2015-08-02 04:47:38,"@cdixon Low-hanging fruit: arbitrarily complex trustless, self-enforcing agreements. Higher hanging: new legal system. #ethereum"
627628824469987328,2015-08-01 23:55:47,"Then an entire next gen bank could be implemented on top. (Actually the initial Ripple part wouldn't be necessary.)
 https://t.co/g7BHaf0VCj"
627513396787744768,2015-08-01 16:17:07,@paulvigna at the WSJ getting etherREAL.  BitBeat: #ethereum Opens Its ‘Frontier’ for Business http://t.co/3GmR08YO9n via @WSJMoneyBeat
627508187940306944,2015-08-01 15:56:25,Vapor No More: Ethereum Has Launched http://t.co/120MmrMO8L via @techcrunch
626995904021725184,2015-07-31 06:00:47,Thanks @KellyBEworks. The #ethereum computer scientists are still trying to figure out how to blow out 0 candles.  https://t.co/bxwf1IVwWj
626969446486265856,2015-07-31 04:15:39,#ethereum &amp; @dtapscott &amp; @ConsenSysLLC: collaboration openness sharing integrity interdependence https://t.co/tXXmDGkAi1
626869007317135360,2015-07-30 21:36:32,RT @jeffscottward: #Ethereum the world computer https://t.co/9zfhzGWOiN
626865058954481665,2015-07-30 21:20:51,RT @AWChristoph: A new era begins !? “@ethereumproject: #Ethereum Launches https://t.co/QZjjznz5ad http://t.co/GnQGHcHvKb”
624018790146306049,2015-07-23 00:50:47,#ethereum https://t.co/IXquVbylJv Can a business have a soul?  Stay tuned....
618165521553432577,2015-07-06 21:11:59,@ryanxcharles We've been building a decentralized reddit-like platform for months.  It will launch soon after Ethereum does.  Wanna help us?
616669228171722753,2015-07-02 18:06:15,Ethereum getting some highly respected nerd ink from the brilliant tech writer @morgenpeck. https://t.co/oj4DJwhTr8
565228867653480449,2015-02-10 19:20:38,RT @jeffehh: The Work in Progress Mist UI w/ whisper chat #ethereum #web3 @avsa http://t.co/AIgHvskAXr
560351201917956096,2015-01-28 08:18:32,"RT @occupy: Bitcoin, the Blockchain and the Decentralized Path Forward http://t.co/itamv07Dji http://t.co/JxGDcukMPA"
543100037463826432,2014-12-11 17:48:33,@mandeleil @ethereumproject Roman's done a beautiful job on the first serious blockchain browser for the ethereum network.  Kudos.
542749735040610304,2014-12-10 18:36:35,@leashless @ethereumproject @JamieJBartlett     Ethereum -- decentralize all the things
541415664842313728,2014-12-07 02:15:28,Decentralized Internet Will Save Humanity!: http://t.co/ztYqmjtLTd Excellent non-tech explainer video on Decentralized Internet &amp; Ethereum.
540613623169576960,2014-12-04 21:08:26,ETHEREUM explained in 100 seconds.: http://t.co/370OYNTQ6a via @YouTube   EM with some beautifully Ethereal work.   https://t.co/xHVykGiuZm
540348553344741376,2014-12-04 03:35:08,An O'Reilly webcast: The Future of Bitcoin: A Data-Driven Perspective http://t.co/ZGTFRSGnQ6 via @oreillymedia  Proud parent block.
538871120603381760,2014-11-30 01:44:21,RT @gavofyork: First Whisper-based ÐApp tested and working: Chat #ethereum #webthree #ethdev http://t.co/Dp9tEPiHo3
538870148334354432,2014-11-30 01:40:29,RT @CoinTelegraph: Ethereum's Vitalik Buterin Wins World Technology Awards Victory… http://t.co/e3aWzHO2u8 #Ethereum #VitalikButerin http:/…
538870093217034240,2014-11-30 01:40:16,RT @ph1x: Vitalik Buterin to win the World Technology Network (WTN) award for IT software #Ethereum http://t.co/fyD9YT6isL
538870021360193536,2014-11-30 01:39:59,RT @wuehler: Tomorrow in New York City! http://t.co/lGqTEsmgW6 Don't miss a chance to hear from the 3 directors of the Eth Dev #ethereum @e…
538869898160902144,2014-11-30 01:39:30,RT @EventBrowsr: NYC #Geek Event of the Day: 'Relative Truth: The Mechanics of the ÐApp' by @wuehler http://t.co/jaOVcy44bv #Ethereum http:…
538869622645465088,2014-11-30 01:38:24,RT @TaylorGerring: Thanks to @jhmorin @newsCUI for having team #Ethereum at #TranspHackGVA! #transparency #DecentralizeEverything http://t.…
538869549710729216,2014-11-30 01:38:07,"RT @devnullius: Meanwhile in Geneva, eight #Ethereum projects are taking shape | @scoopit via @ethereumproject http://t.co/443zskN4tL"
538869277622030336,2014-11-30 01:37:02,RT @ethereumproject: Vitalik and Gav are presenting #ethereum's strategy on light clients at #DEVCON http://t.co/Q5TUCgSepH
538869249478230017,2014-11-30 01:36:55,RT @stephantual: Vitalik just showed the wishlist for #ethereum 1.1 #DEVCON http://t.co/n72AbISKPx
538869183556374528,2014-11-30 01:36:39,RT @stephantual: #DEVCON was a blast. 5 days of pure innovation with the best crypto team in the world. Proud of #ETHDEV #ETHEREUM http://t…
538109590727315456,2014-11-27 23:18:18,RT @ethereumproject: Marek takes us through the latest developments of the Ethereum javascript API - #DEVCON http://t.co/qv8UPxcLN3
538109541679120385,2014-11-27 23:18:06,"RT @ethereumproject: Piotr presentation on Golem, Ethereum and massively distributed computation http://t.co/6z4zbkZgYw"
538109114430541825,2014-11-27 23:16:25,RT @ethereumproject: Martin Becze (@null_radix) comparing his @nodejs implementation (node-ethereum) with Go/CPP/Python versions. http://t.…
538109043513253888,2014-11-27 23:16:08,"RT @ethereumproject: Meanwhile in Geneva, eight #Ethereum projects are taking shape! #TranspHackGVA http://t.co/DeRE1VN577"
538108375184470016,2014-11-27 23:13:28,RT @RealSpacesAssoc: #Ethereum That's what a break between talks at #DEVCON looks like when you building a future &amp; updating #democracy htt…
538108283169808384,2014-11-27 23:13:06,RT @ethereumproject: Daniel giving a talk on the theory and vision of ethereum's swarm. #DEVCON http://t.co/ejCu9kRkiN
537538798406864897,2014-11-26 09:30:11,"RT @NBCNews: When Black Friday comes, the bitcoin deals come with it http://t.co/fDzVk88w5a http://t.co/yfS8PsixqX"
535157610840743936,2014-11-19 19:48:11,@ArthurTCorry Please send to my Eth email.
523325541127311360,2014-10-18 04:11:46,RT @ethereumproject: Ken Kappler (@KapplerKen) has written an excellent tutorial on how to structure your Ethereum contracts' storage  - ht…
523325475905863682,2014-10-18 04:11:31,RT @ethereumproject: Anyone can participate in the Ethereum 1.0 POW peer review: https://t.co/pzkO9QeW36
521065086497353728,2014-10-11 22:29:32,"@JuicyGrabs @MrChrisEllis @patconnolly Stiftung Ethereum (Foundation Ethereum), Canton of Zug."
520990874319466496,2014-10-11 17:34:38,"@MrChrisEllis @JuicyGrabs @patconnolly Eth Swiss GmbH is 100% owned by the Ethereum Foundation/Stiftung, both based in Zug."
518490717434683392,2014-10-04 19:59:54,"@jgarzik @jmiehau @mmeijeri @johnrobb @VitalikButerin @ethereumproject Market-based costs in ""gas"" are decoupled from the price of ETH."
498295612203597824,2014-08-10 02:31:46,@martinkrafft @stephantual @ethereumproject The for-profit Ethereum Switzerland GmbH is 100% owned by the non-profit Ethereum Foundation.
494227859465306112,2014-07-29 21:07:58,RT @lightcoin: Digital currency 2.0 panel featuring @MSCProtocol @ethereumproject @petertoddbtc #Bitcoin4Bankers #bitcoin http://t.co/APvoW…
492784395389255682,2014-07-25 21:32:10,@least_nathan @ethereumproject We are working on a feature to enable you to check your ETH balance based on the BTC blockchain.
492452878670639106,2014-07-24 23:34:50,@maymaymx @cablestudios @ethereumproject It is possible that the Ethereum Foundation will give grants to non-profit public good DApps.
492084432577130496,2014-07-23 23:10:45,@twobitidiot @ethereumproject A business wanting to pay devs in ETH might want to buy lots.
491754863370711040,2014-07-23 01:21:10,"@nickjachelson @ethereumproject @SEC_News If you want to use coming apps on the platform, you'll need ETH.  Otherwise don't buy."
491754638295973888,2014-07-23 01:20:16,"@nickjachelson @ethereumproject @SEC_News If you're a sw dev interested in building on the platform, you'll need ETH.  Otherwise don't buy."
468875213032394752,2014-05-20 22:05:36,RT @PatBeems: The future of bitcoin panel @pasternack @xH20S @BenDoernberg @Ethereumjoseph @MargauxWithanX http://t.co/GKnGY07yYX
466358780792303616,2014-05-13 23:26:12,"http://t.co/yeQUGoSQiU

Compares a distributed app implementation on Ethereum (not yet in full alpha release) vs. Bitcoin."
464579175832358914,2014-05-09 01:34:41,RT @ethereumcharles: We'd like to welcome Dr. Ralph Merkle to the Ethereum team assisting us with the hard problems of the cryptocurrency w…
459783747672739841,2014-04-25 19:59:22,http://t.co/PsRLH3YXZx  Ethereum conference booth background by our art team.  Five minutes well wasted.   @ethereumproject #ethereum
457163082536878081,2014-04-18 14:25:47,RT @gavofyork: A perspective on #Ethereum that probably won't be far off the mark: http://t.co/TIEv2Mt5oA
453595075030052864,2014-04-08 18:07:47,"RT @diiorioanthony: BTC Community has begun to descend upon Canada for @BitcoinExpoCA 50+ Speakers, 7 rooms, Hackathon, &amp; MCed by @aantonop…"
