id,created_at,text
1071275431255465984,2018-12-08 05:29:00,"RT @Gemini: We are pleased to announce that Bitcoin Cash (BCH) is now available on Gemini! On Saturday, we will begin accepting Bitcoin Cas…"
1064717028034994176,2018-11-20 03:08:15,"RT @AdrianBarwicki: @MatterBCH and @YoursOrg leave BCH, we join BCH. Announcing https://t.co/w6KcoAbD6X. The first honest social media netw…"
1064028587261456385,2018-11-18 05:32:38,"RT @krakensupport: @thegreimor Hello thegreimor, the BCH ticker symbol on Kraken now refers to the Bitcoin ABC chain of Bitcoin Cash. All c…"
1064028288413196288,2018-11-18 05:31:27,@coinexcom Very good opportunity to increase the number of BCH you can have!
1063905325667872768,2018-11-17 21:22:50,"BCH was always voluntary, but BSV is forcing people onto their chain by threatening to re-org and steal peoples mon… https://t.co/QC0y4AymfH"
1063839394178621441,2018-11-17 17:00:51,I am wondering when I can deposit my BSV token into exchange to sell.
1063744717559492609,2018-11-17 10:44:38,"RT @im_uname: In case any hashpower-backed doublespends or other shenanigans happen on BCH, we know of a clear entity which declared their…"
1063288091207593984,2018-11-16 04:30:10,RT @emilolden: The Bitcoin BCH chain have now reached 100 blocks after the hard fork. Time to start thinking about all the amazing things w…
1063130950727421952,2018-11-15 18:05:45,@JiangZhuoer There will be no more negative gamma after this block in BCH community. Congratulations!
1063130789527711744,2018-11-15 18:05:06,"RT @JiangZhuoer: 【BCH hard fork &amp; Hash War Live broadcast】The SVpool have mined last block before hard fork 556766, 2.6MB blocksize"
1060740771723137024,2018-11-09 03:48:02,The whole BCH community are working together to kick Fake Satoshi out. The resisitence against cult leader proves t… https://t.co/4UGAgaguWo
1060075093949173760,2018-11-07 07:42:52,RT @ChrisPacia: There is not a single exchange that will reward BSV with the BCH ticker symbol for successfully 51% attacking BCH. That's n…
1054767861162373121,2018-10-23 16:13:49,"RT @coinbase: Coinbase is launching support for the USDC stablecoin. Starting today, Coinbase customers in supported jurisdictions can buy,…"
1049442597620445185,2018-10-08 23:33:07,RT @opinionmatters: Historic day: First client paid Bitcoin Cash into my @CentbeeWallet. I am beyond excited.  I am changing all my invoice…
1049332023196672001,2018-10-08 16:13:44,"RT @Bitcoin: Just two days left to register for the #BitcoinCash #Devcon in San Francisco! 

Prize money awarded in #BCH, and the winning p…"
1048839700306255873,2018-10-07 07:37:25,"@edmundedgar 5) Founders are not arrested but Fake Satoshi has patented everything in ETH. 
6)"
1048553659066281984,2018-10-06 12:40:48,"RT @SheriUcar: ✨Recording of the live BitcoinCash (BCH) hard fork, Developer Q&amp;A. #Bitcoin #Cash #BitcoinCash #BCH #HardFork #Fork https://…"
1048039447378325504,2018-10-05 02:37:30,"RT @BitcoinCom: The long awaited debate videos are finally here. 👏
@rogerkver debated @SatoshiLite on all things #Bitcoin #BitcoinCash #Lit…"
1048039416839659520,2018-10-05 02:37:23,RT @rogerkver: I’m now an advisor for @azbit_news with a goal of making it possible for BCH users to buy and sell BitcoinCash without any f…
1047519149000282112,2018-10-03 16:10:01,"Siacoin devs decided to use dark force to manipulate everything, and resist started. Good post. Community can fork… https://t.co/JJPZbrpabF"
1046337444289818624,2018-09-30 09:54:21,"RT @rogerkver: ""I sincerely believe, despite the current price ratio that BCH has a much brighter future than BTC"" 
https://t.co/NiQNgogm6D"
1045320800838934529,2018-09-27 14:34:34,RT @SheriUcar: ✨Gemini Exchange will soon be adding BitcoinCash to its platform✨”We've already received regulatory approval to list BCH but…
1045235352053538816,2018-09-27 08:55:02,"RT @sickpig: @Don_wonton @deadalnix Why unpopular?

BCH main point was never to block second layer solution like LN.

The main point *is* a…"
1043033161653923840,2018-09-21 07:04:19,"RT @cgcardona: Let's create a very basic voting token on $BCH. First mint a $VOTE token and issue 10 of them.

https://t.co/5tmPEWAyOQ http…"
1042102534951714816,2018-09-18 17:26:20,"RT @Blockchair: Today we’re launching simple explorers for two second layer protocols:
• @Omni_layer (tokens on Bitcoin, including @Tether_…"
1042097536910016512,2018-09-18 17:06:28,RT @SheriUcar: @toomuch72 BCH is not CSW... he just makes a lot of noise and blocks people so it looks like people agree with him... didn’t…
1041691310367760384,2018-09-17 14:12:16,BCH will continue its roadmap to build electronical cash on base protocol and encouraging permissionless innovation… https://t.co/CqsQzBk3Nf
1041688070951657472,2018-09-17 13:59:24,"@sashandiggers So, Fake Satoshi admitted that he was never a part of BCH founding community. Fuck off to BSV is the… https://t.co/T9GuBmKzqv"
1037691042852614145,2018-09-06 13:16:38,"@digitsu @DrewPflaum SBI threaten to attack BCH with their hashing power, to help CSW control BCH. They are bad people, and they will fail."
1037506636569489408,2018-09-06 01:03:52,RT @rogerkver: The reasons I started investing in Bitcoin in 2011 are the exact same reasons I’m investing in Bitcoin Cash today. https://t…
1035489925750124545,2018-08-31 11:30:11,@RYUBCH That will be an attack against the BCH community.
1035489587689222144,2018-08-31 11:28:50,@CryptoStratz We invited Vitalik to come by and have a brief chat. Vitalik expressed his congratulations on the growth of BCH community.
1035384288928124928,2018-08-31 04:30:25,"RT @Bitcoin: BitPay merchants can now receive settlement in #BitcoinCash (#BCH). 

https://t.co/AlxehsbUQU"
1034984648139567104,2018-08-30 02:02:23,"RT @Bitcoin_ABC: We have just published ""Bitcoin ABC and the Block Size Limit"" which describes the work being done to enable raising the bl…"
1034625182759940096,2018-08-29 02:14:00,RT @ChrisPacia: @EdinKuky @NationalAnarchy @OldCraig @dobe4ever @ColinAd33006332 @Falkvinge It has always been known that bitcoin needs to…
1034283562248224773,2018-08-28 03:36:31,"RT @Bitcoin_ABC: We have just published ""Sharding Bitcoin Cash"" by Bitcoin ABC developer Shammah Chancellor @micropresident 

https://t.co/…"
1033927681543303168,2018-08-27 04:02:23,"RT @SimpleLedger: Today is truly an exciting day for SLP...

The @ElectronCash developers released an SLP Edition version of their Bitcoin…"
1033758614668767232,2018-08-26 16:50:34,"RT @PeterRizun: Déjà vu.

BCH proponents make fun of Adam ""you-didn't-call-it-bcash"" Back and are disgusted by BS/Core's censorship campaig…"
1029992917257998336,2018-08-16 07:27:02,"RT @cgcardona: Part 3 in our multi-part series on #Wormhole SDK. In this part we create a token w/ a fixed supply, create a token w/ a mana…"
1028494282238251008,2018-08-12 04:12:00,"RT @Bitcoin_ABC: We would like to thank Cory Fields for his professionalism in responsibly disclosing a bug to Bitcoin ABC, as described in…"
1022136667736485890,2018-07-25 15:09:06,RT @coindesk: Tron Foundation Officially Completes Acquisition of BitTorrent https://t.co/nuTjb1jMaT https://t.co/Ez9C1mrReH
1014457722454999042,2018-07-04 10:35:43,@Bitcoin @SheriUcar It is very good!
1013305930132230144,2018-07-01 06:18:54,Bitcoin Cash is doing a good job for the benefit of low income freelancers. Charging them dollars of tx fee is very… https://t.co/atzQT4uZkI
1012465864052957184,2018-06-28 22:40:47,https://t.co/e53w7FHOtd is a very good BCH wallet. https://t.co/1t5G8UajKO
1012403526159331329,2018-06-28 18:33:04,I forward the good news but I think BCH is BCH https://t.co/9wIUKgi7D7
1012059196349509632,2018-06-27 19:44:50,It is good to see a https://t.co/FSwAhgAdgg user saved 3.16$ and BCH payment network charges only 0.01$(estimated)… https://t.co/YD7QPwgNIm
1010685998668210176,2018-06-24 00:48:14,RT @BTCTN: Introducing https://t.co/jZdzdY1l8Q the Bitcoin Cash Powered Github Tipping App https://t.co/qxlzLPSsTt #Bitcoin https://t.co/IC…
1008683839000965120,2018-06-18 12:12:22,Great news for BCH! https://t.co/WtZ02JYaO6
1008219824902684672,2018-06-17 05:28:32,"RT @Egon_01: ""Attention 170 million people of #Philippines and #Thailand: 

the Android https://t.co/PZZ72pZB57 update supporting Bitcoin C…"
1002813350353383440,2018-06-02 07:25:08,RT @Rbweeksatl: It’s so tiny! 🤓 #z9mini #antminerz9 #Zcash  @BITMAINtech https://t.co/Gyg7fTlEGC
1001842619180171269,2018-05-30 15:07:48,"RT @barrysilbert: Congrats to the Ethereum Classic community on the successful network upgrade!

Great team effort by developers from @etcd…"
1001363233570148352,2018-05-29 07:22:53,"RT @vermorel: To #bitcoin folks taking advantage of the extra OP_RETURN capacity, here is a tiny utility to speed-up your protocol identifi…"
1000272160005414913,2018-05-26 07:07:21,"RT @Bitcoin: https://t.co/ZJf0hltPyb launches blockchain-based polling feature. Cool!

https://t.co/LTvZEwoimS https://t.co/fnu13O7wMb"
1000052724954578944,2018-05-25 16:35:24,"Jack Liao is spreading rumors now that Bitmain 51%ed BTG. No, it was not Bitmain. It is possible that Jack Liao him… https://t.co/UjgAeS5dIp"
997606166413787136,2018-05-18 22:33:39,RT @2drewlee: Get $10 #CashBack when you shop on @PurseIO with BCH in June! @BitcoinCashFund https://t.co/5DowcqMsUP
996593729271087105,2018-05-16 03:30:35,@ematiu @micropresident I think both BCH and BTC community should move on. We should learn to say nice and polite w… https://t.co/jxYrYD1Va4
996024470698577920,2018-05-14 13:48:33,@GeminiDotCom @barrysilbert It means a lot for both Gemini and Zcash.
993397171062947840,2018-05-07 07:48:36,"RT @Bitcoin: In 8 days, the Bitcoin Cash (BCH) network will undergo a scheduled upgrade. This upgrade increases block size limit to 32MB, a…"
992798420174716928,2018-05-05 16:09:23,"RT @rogerkver: If you want to use the State to reward your friends and punish your enemies, you’re the exact kind of person Bitcoin was mea…"
992433168203399169,2018-05-04 15:58:00,RT @zooko: Bitmain's Latest Crypto ASIC Can Mine Zcash https://t.co/nii1ih3gFH via @CoinDesk
992268330206609408,2018-05-04 05:03:00,RT @BlockPressApp: BlockPress beta is up! Thank you to the Bitcoin Cash community for inspiring and helping to create something cool to giv…
992200837047795712,2018-05-04 00:34:48,"@WhyBitcoinCash @kickstarter This project was abandoned on BTC Blockchain long time ago, it is very excited to see… https://t.co/1AvDCscTh2"
992093902755717120,2018-05-03 17:29:53,@BCHisBitcoin LTC has 2.5min block time. BCH can do a hard fork upgrade to short the block time as well. Orphan rat… https://t.co/R7PeTBJxSt
991287515507118080,2018-05-01 12:05:35,"RT @Bitcoin: https://t.co/OdgKZhI1h9 updated with more Bitcoin Cash developer API tools, projects, and more!

#Developers - Have your proje…"
990179772276752384,2018-04-28 10:43:49,"RT @BitpieWallet: 【Update】Bitpie v3.2.3 released!!🐋🐋🐋
@BTCNewsUpdates #BCH new address supports!! @Egon_01 @cashaddr 
Android pls go to our…"
989356103833042945,2018-04-26 04:10:51,"RT @SamHamsOrg: Using Bitcoin Cash OP_RETURN transactions, this image (45 lines each 80 ASCII characters long) has been enshrined on the bl…"
989182690141261824,2018-04-25 16:41:46,"RT @rogerkver: Bitxoxo, the largest Indian exchange is launching a BCH marketplace, e-university, and a POS system to spread knowledge and…"
988370452824244225,2018-04-23 10:54:13,"In a discussion group of BCH, lots of investors concerned about the address confusing problem. BCH community should… https://t.co/LH4snuRr7u"
987496075756883970,2018-04-21 00:59:45,"RT @PeterRizun: Billion-dollar corporations take note: Bitcoin Cash is open for business! Just try to fill up our blocks, I dare you.

Ther…"
987455314382344193,2018-04-20 22:17:47,RT @MITSloanExecEd: Bitcoin Cash is soaring as traders ready for its hard fork https://t.co/6IIRGy12Bp https://t.co/Z3Z1JV3BqN via @busines…
987454892481527808,2018-04-20 22:16:07,"RT @OnWindowly: Speech &amp; Money have now become one.

Bitcoin made money information. It made money speech.

Now Bitcoin Cash is giving us l…"
987254685684858880,2018-04-20 09:00:34,"RT @thecryptokidd: Beijing #BitcoinCash meetup is set for April 21st | 4-7pm ✨ #Bitcoin #BCH
https://t.co/uegCUDV8YH 🌎✌🏻 https://t.co/TZ4t2…"
985541412077813762,2018-04-15 15:32:37,"RT @Reddit_BTC: I'm happy to announce the launch of Memo, an on-chain social network built on Bitcoin Cash. via /r/btc https://t.co/XbbfjI0…"
985536731230322688,2018-04-15 15:14:01,"RT @monero_v: Be sure to hold $XMR locally or with a supporting exchange as we approach block #1564965. 

If a third party stores your #Mon…"
985022794504126464,2018-04-14 05:11:49,RT @BrendanEich: @akhatami @michaelfolkson @NotASithLord @BurgrTamagotchi Uphold indeed supports BCH &amp; we will add UX for it.
984186566531694593,2018-04-11 21:48:57,"RT @btcfork: https://t.co/dNE0CEIXoJ 

A new resource for finding Bitcoin Cash development projects (submit yours!)

Reddit thread:
https:/…"
981821935691550720,2018-04-05 09:12:45,"RT @Bitcoin: Bitcoin ABC Releases Version 0.17.0 For May 15th Hard Fork Network Upgrade

https://t.co/3YFgpiS7LR"
981797227931648001,2018-04-05 07:34:34,"RT @kenshishido: Bitcoin Cash wants to preserve the word ""cash"" while governments are attacking ""Cash"".   https://t.co/IhaQNOFG6w"
981747687379746816,2018-04-05 04:17:43,"RT @Bitcoin_ABC: Bitcoin ABC 0.17.0 has been released! 

https://t.co/wSkLI17QZ5 

Featuring support for the May 15 Bitcoin Cash protocol u…"
981210536640593920,2018-04-03 16:43:16,RT @deadalnix: Vitalik has no issue with ethereum classic bemause he is confident in what he does. https://t.co/JEKwfBJkAz
981113445482246144,2018-04-03 10:17:28,"@imemdm BCH has an ecosystem, which is also evolving fast."
981112873538568192,2018-04-03 10:15:11,"Afterall, Bitcoin is safe based upon kind of probability, and 0-conf is no safer than Bitcoin itself, honestly disc… https://t.co/MAfpBa0nTt"
981112333849145344,2018-04-03 10:13:03,"0-conf may be a very good thing to happen for BCH ecosystem, but we need to be honest with the associated risks, at… https://t.co/Qau4oBbtAu"
980794341567340544,2018-04-02 13:09:27,@ncweaver Bitcoin Cash developer got an answer on this problem. https://t.co/6gRLt5YNzZ
979930538474524672,2018-03-31 03:57:01,@BTCNewsUpdates @xcsler @troublefocusing @real_vijay @rogerkver BTC community should focus on develop their own fut… https://t.co/9Q6dQu7N3e
979172647878578178,2018-03-29 01:45:26,"RT @Marquez_Comelab: Wow! @CoinText, the app that lets you send #BitcoinCash #BCH by SMS is integrating @BitPay! That will make transacting…"
979021547749822465,2018-03-28 15:45:00,"RT @Egon_01: To the #Litecoin folks who are disappointed about #LTC, @satoshilite, the lack of progress and good news... 

Bitcoin Cash (BC…"
976848850429399041,2018-03-22 15:51:29,"RT @rogerkver: Thanks to @MoneyToken Bitcoin Cash holders can leverage their BCH holdings into spending cash, while continuing to hold thei…"
975432712122114048,2018-03-18 18:04:15,Mini-POS Launches Zero Confirmation Bitcoin Cash Point-of-Sale Terminal - Bitcoin News https://t.co/m3zujDbj4O
974520874454859776,2018-03-16 05:40:56,RT @luluyilun: #Tencent PR just denied the company has any interest to invest in #Ripple. So much for the 2 min hype.
974440378387451905,2018-03-16 00:21:05,@JoyStreamApp It is super good news for Bitcoin Cash community!
973538336907214849,2018-03-13 12:36:41,"It is interesting that Astrill accepts Wechat Pay, Alipay, Union Pay, and they don't accept BCH now. They still acc… https://t.co/ko60d6m7wB"
972358480035065856,2018-03-10 06:28:21,RT @kenshishido: Bitcoin Cash grass-root movement continues in Japan prior to hosting @Satoshis_Vision . Updated merchant list now includes…
971377103131181056,2018-03-07 13:28:43,"RT @Satoshi_N_: .@Bitcoin's account has been restricted, likely due to anti-BCH trolls triggering an automated response.  Please RT this to…"
969812964055240704,2018-03-03 05:53:23,"RT @PeterRizun: What is your vision for BCH development? Should we follow Satoshi's design as closely as possible, only removing bottleneck…"
967245014244909056,2018-02-24 03:49:16,@CobraBitcoin No. While Ethereum is discussing erc20's improvement proposals and lots of other new blockchains are… https://t.co/904UySyveD
967241694109302785,2018-02-24 03:36:05,"@CobraBitcoin That is cool. When you achieved it, Bitcoin's market share in the cryptocurrency will fall under 10%. Good luck!"
964318986832723968,2018-02-16 02:02:17,RT @bsmith12251960: With a few paid shills/trolls you can build an army of non-paid shills/trolls.  Non-compliant participants are simply r…
963612343623012352,2018-02-14 03:14:20,RT @CobraBitcoin: People that are unhappy about Bitcoin being referred to as “Bitcoin Core” should remember they were the ones that started…
962311592397365253,2018-02-10 13:05:37,"RT @Egon_01: .@Handcashapp (#BCH Wallet) BETA now available! (Android) 

Make in-person payments with #NFC without having to ask for addres…"
962111441686769664,2018-02-09 23:50:17,BCH is not fighting the LN. https://t.co/MvU2myYu7i
953469124516110336,2018-01-17 03:28:48,@AntPoolBITMAIN Hopefully it can help the congestion problem on BTC blockchain.
951847648310411264,2018-01-12 16:05:38,@paulkrugman Please try Bitcoin Cash.
949289824233508870,2018-01-05 14:41:45,Roger Ver Debate vs Jameson Lopp about Bitcoin Cash on the Tom Woods Show https://t.co/EI14R20LrY
948133361783934976,2018-01-02 10:06:23,"RT @btccom_official: SegWit in your https://t.co/38N9uRCg2L wallet! #Bitcoin
https://t.co/Y6iTv0JDSM"
947893898952589312,2018-01-01 18:14:51,"RT @GenesisMining: Available now! 
We are offering Bitcoin Cash as AUTO (Automatically traded)! The fully minable option for all Bitcoin mi…"
946783929041747968,2017-12-29 16:44:13,"@Egon_01 On ETH, ERC20 happened, and ERC721 is coming. BCH community should quickly learn the benifit of non-fungib… https://t.co/xmi02EPv8j"
944871789158473729,2017-12-24 10:06:04,"When I use wallet includes both BTC and BCH, it is quite confusing. There should be BCH focused wallet."
944855751691968512,2017-12-24 09:02:20,@tipprbot @beijingbitcoins Welcome to spam the BCH blockchain while you want to donate to Torproject. Don't spam BTC.
943398472568340480,2017-12-20 08:31:38,"RT @BITMAINtech: We are releasing a new batch of the #AntRouter R1-LTC router+miner today at 5PM (20 Dec, GMT+8) here: https://t.co/IX1V0BN…"
943329917525094401,2017-12-20 03:59:13,RT @southtopia: BREAKING: Coinbase Lists Bitcoin Cash https://t.co/G69KKMw0jD via @HankAarons420 @bitsonlinecom @bitcoincashfans @bitcoinca…
942520782592253952,2017-12-17 22:24:00,"RT @BitcoinUnlimit: Are you a blockchain programmer or want to pivot your expertise into this exciting field?
Bitcoin Unlimited will have a…"
942005526497435648,2017-12-16 12:16:33,"@SouperNerd @Egon_01 @kristovatlas @seweso @ErikVoorhees @rogerkver @gavinandresen Bitcoin is mooning, Bitcoin Cash… https://t.co/esKfggpVpk"
942004616106876929,2017-12-16 12:12:56,RT @arruah: Buy #BitcoinCash at the first two way BTM in Kazakhstan. https://t.co/SrCZfYBrII
941969901018689536,2017-12-16 09:55:00,RT @SheriUcar: Bitpay Will Now Process Bitcoin Cash for Merchant Invoices and Debit Card Loads🌟 #BitcoinCash is #Bitcoin as #Cash #BCH  htt…
941814379829268480,2017-12-15 23:37:00,"RT @BitPay: BitPay Will Process Payments on Multiple Blockchains, Starting with Bitcoin Cash | The BitPay Blog https://t.co/xt6ikB8lsS #Bit…"
940314083525509120,2017-12-11 20:15:22,RT @rogerkver: Who wants a Bitcoin Cash Visa debit card?  https://t.co/6EeRmpfaH7 is going to be bringing it to you soon! https://t.co/xcjl…
940166441038499840,2017-12-11 10:28:41,"RT @Egon_01: I realized that @tipprbot could create ""Money Social Network"" based on BCH tipping 

@ChangeTip was the first of its kind, but…"
939551856098910208,2017-12-09 17:46:33,"RT @mikerelentless: AntPool has implemented one button switching.

BTC/BCH

#Bitcoin https://t.co/0p5rYfUIBp"
939419565733298181,2017-12-09 09:00:52,RT @SatoshiLite: Roger fell in love with Bitcoin because of instant and free transactions. I did so because of decentralization and uncenso…
936679361880584192,2017-12-01 19:32:17,RT @AlexPickard: @alansilbert @VinnyLingham I invested in #BTC in 2013 when it wasn't cool. Then went all in in 2014 when it REALLY wasn't…
936362434532540417,2017-11-30 22:32:55,"RT @kenshishido: We continue our grassroots to spread Bitcoin Cash in streets in Japan. 11th shop is in Hiroshima. 
https://t.co/ImxqFIy3G4"
936361119790260224,2017-11-30 22:27:42,"RT @cash_cashington: perhaps the ""BCASH"" insult is actually prophetic: one day it will ""Be Cash""

#BitcoinCash #BCH"
935170481837170688,2017-11-27 15:36:32,RT @btccom_official: [UPDATE] BTC. com wallet users can now securely recover their Bitcoin Gold funds at https://t.co/zsht1Qy2n9. Learn mor…
935066727620100097,2017-11-27 08:44:15,"RT @micropresident: Any Bitcoin Cash supporters wanting to join working on Bitcoin ABC, Unlimited, XT, Bitcrust or Parity Cash should apply…"
934995423638327297,2017-11-27 04:00:55,RT @dgenr818: #BCH analyst moves from censored platform to #bitcoincash powered https://t.co/CsmNu4rY14 https://t.co/w2yQdLT3qF
934628650577674240,2017-11-26 03:43:29,"RT @VinnyLingham: How many Bitcoin forks, in total, will we have by the end of 2018?"
934587454564081665,2017-11-26 00:59:47,"RT @Egon_01: Bitcoin Cash is The New Bitcoin 😉

More details and how to start with #BCH, this way -&gt; https://t.co/R4fbPAa78w 

#fintech #bi…"
934587141924962304,2017-11-26 00:58:33,"RT @Egon_01: World's first known #BitcoinCash pizza transaction (0.15 BCH for 2 pizzas)

https://t.co/EVSwCsZCgq #bch #blockchain #fintech…"
934321757225287687,2017-11-25 07:24:00,"RT @BitcoinCashAus: BitcoinCash prepaid card on the horizon 💚 #BitcoinCash fast, easy peer-to-peer electronic money #bitcoin #cash https://…"
933647781075415041,2017-11-23 10:45:52,RT @SheriUcar: BCH can bring economic freedom to the world. Girl Power! #BitcoinCash is peer-to-peer electronic #Cash #Freedom #BCH https:/…
933646535518277635,2017-11-23 10:40:55,"RT @Adrian_Xt: @CharlieShrem Charlie, ""Semantics matter"" Bitcoin is 1BCT + 1BCH ( speculates bet on the ratio.) BTC's failure is success fo…"
933580847600431104,2017-11-23 06:19:53,RT @justicemate: Bitcoin Gold is backed by the CEO of Blockstream. Recently the fraudulent ElectronGold wallet for BTG was found to steal u…
933206081496420352,2017-11-22 05:30:42,RT @BitcoinCashFund: The Bitcoin Cash Fund has a new logo. We are sowing the seeds for #BitcoinCash to grow. Help us launch our site with a…
933205919827034113,2017-11-22 05:30:04,"RT @abrkn: ""If you are confused between Bitcoin Cash and Bitcoin Core in the https://t.co/hdcOOnfNPP wallet, you are a liar or mentally han…"
932788416177041410,2017-11-21 01:51:03,RT @drwasho: Just sent 0.002 BCH ($2.45) for a fee of 0.000002 BCH (0.3 cents)... 0.12% of the transaction. Feels like the future again.
932788181128306688,2017-11-21 01:50:07,RT @OnWindowly: One of the 4+ dev teams involved in Bitcoin Cash is having their vote on some rather cool BUIPs . The next two weeks are fo…
932787922738167808,2017-11-21 01:49:05,RT @Blockchair: We're launching support for #SegWit as well as for #Bech32 addresses on our #Bitcoin explorer. Many new fields including we…
932786510436352000,2017-11-21 01:43:29,RT @PeterRizun: How many transactions per second can you push through a global network of Bitcoin nodes?  Are 1 GB blocks even possible?  A…
932745456571973632,2017-11-20 23:00:21,"RT @Amelia8904: If #Bitcoin Cash is such a bad idea, why do so many people feel the need to talk trash about it on twitter 24/7, such as #l…"
932203333686661120,2017-11-19 11:06:08,"RT @Egon_01: BTCC have mined their first Bitcoin Cash block 

https://t.co/O4WSrGTIMg via @reddit #BCH"
931696342878928897,2017-11-18 01:31:32,"RT @Egon_01: 1) Bitstamp to offer BCH trading in 2 weeks

2) Coinbase/GDAX to offer BCH trading 1st of January 2018

3) BitPay at the fence…"
931696274545393664,2017-11-18 01:31:16,"RT @BitcoinCashFans: Let's have some friendly competition with the #Zcash community.

Can we get more #BitcoinCash fans to donate to the @I…"
931669269196263426,2017-11-17 23:43:58,Bitcoin Cash Logo Animation https://t.co/8KnwrLif6n 来自 @YouTube
931663072820789248,2017-11-17 23:19:20,"RT @GaravagliaJuan: Tom relax Johnson left science some time ago, Blockstream transformed one of best Bitcoin brains in a dumb troll. https…"
931280500206923776,2017-11-16 21:59:08,"RT @Egon_01: “Over $15,000 worth of BCH tipped through @tipprbot, and that's not counting the over 600 gilds that have been distributed.”…"
931271041103437824,2017-11-16 21:21:33,"RT @bitwala: Been waiting to use #BCH to topup your Bitwala card or send money? Stay tuned for more info about how to recover, store and pa…"
931132322719547392,2017-11-16 12:10:19,RT @YourBTCC: BTCC has introduced #bitcoin cash (BCH) mining! 😎😎😎 https://t.co/C2E4i1p81T @BITCOlNCASH https://t.co/cJPIc9gHnl
930998140513107969,2017-11-16 03:17:08,RT @DrewPflaum: Look what arrived @MADinMelbourne 😁 Anyone in Perth want a #BitcoinCash  sticker? Sorry no #bitcoin stickers I don't suppor…
930985331171590145,2017-11-16 02:26:14,RT @CryptoWyvern: I sent $0.40 worth of $BCH to @YoursOrg several weeks ago when #BitcoinCash was low so I could post a couple articles. Lo…
930978854734249984,2017-11-16 02:00:30,"RT @demibrener: Just earned $40 worth of bitcoin by answering some messages on @earndotcom. Besides the money, it feels good to help others…"
930958339395039233,2017-11-16 00:38:59,"RT @jaxx_io: #BCHinJaxx We completed the roll-out of #BCH across the Android, Chrome, Mac, Windows &amp; Linux versions of Jaxx. The iOS update…"
930924091648782336,2017-11-15 22:22:53,RT @clemensley: Everybody who is now in favor of a 'modest blocksize increase provided extensive testing' should have a look at Bitcoin Cas…
930923892910178304,2017-11-15 22:22:06,"RT @rogerkver: The goal is not that everyone can afford to run a node. 

The goal is that everyone can afford to use Bitcoin. 

#BitcoinCas…"
930920752475398145,2017-11-15 22:09:37,"RT @Changelly_team: Dear Customers, in accordance with common standards, we’ve changed the ticker symbol of @BITCOlNCASH from $BCC to $BCH"
930844538805002240,2017-11-15 17:06:46,"RT @coinspeak_io: @CobraBitcoin Bitcoin Cash is Peer to Peer Electronic Cash.

FTFY."
930812428572540929,2017-11-15 14:59:11,"RT @BitcoinCashFans: The Internet Archive accepts #BitcoinCash donations!

(NB: $BCH address is below BTC QR code)
 https://t.co/CMkCCOG4T7"
930761568123416576,2017-11-15 11:37:05,@CobraBitcoin There is no block size limit in BCH now. Every client can do change the config to increase the limit of block size.
930606197211672576,2017-11-15 01:19:41,RT @OnWindowly: The Bitcoin Cash tipping bot usage just grows and GROWS! https://t.co/LUFp1LEU0t https://t.co/pyf59E0jok
930577409148993536,2017-11-14 23:25:18,"RT @SurBTC: Atención #ComunidadSURBTC: A partir de este momento nuestra plataforma opera con 3 criptomonedas. 

¡Bienvenido Bitcoin Cash! 😎…"
930566512254971904,2017-11-14 22:42:00,"RT @btcfork: Please consider adding #BitcoinCash #BCH, @coinsph !
Your customers are getting hit hard by the ""fee market"" (blind auction) o…"
930436849729921025,2017-11-14 14:06:46,"RT @njal_la: We now accept Bitcoin Cash as a payment option. #BitcoinCash #BCH #BCC

https://t.co/b2Rhm3Wqyw / https://t.co/mNtgDwThxu http…"
930176924399255552,2017-11-13 20:53:55,RT @KimDotcom: I wonder what happened to Bitcoin Cash #BCH on Thursday Nov 9 😜 https://t.co/lwpGYo7mKW
930176885526368256,2017-11-13 20:53:46,"RT @KimDotcom: Must read: The Bitcoin Cash philosophy by @Falkvinge. 

https://t.co/oCiYUOlzik

Our dream. It’s happening 😎"
930143317844570112,2017-11-13 18:40:22,"INCOMING!!! (r\bitcoin just doubled their mod team, added 9 new mods in the last 24 hours) https://t.co/xWjaVFyMKM"
930134697060966400,2017-11-13 18:06:07,RT @UpholdInc: All #BCH transactions will be temporarily suspended soon! Last call for #BCH before the #fork
930132441519362048,2017-11-13 17:57:09,"I urge Bitcoin Core to adopt a base block size increase on Bitcoin, and they should do it as soon as possible."
930124360446119936,2017-11-13 17:25:03,Last minute warning to exchanges: please stop withdraw of BCH while the HF upgrade.
930102243432337408,2017-11-13 15:57:09,@eric_lombrozo I do think BTC should do a base block size increase to solve the congestion.
929872850214776832,2017-11-13 00:45:38,"@Truthcoin @abrkn @Namecoin So, NMC is BTC now?"
929786526388568064,2017-11-12 19:02:37,@KonstantinStoy2 @VinnyLingham @Egon_01 @adam3us @eric_lombrozo BTC is a store of value. It should be used as less… https://t.co/7XqIJWiTV0
929783503809495040,2017-11-12 18:50:36,@VinnyLingham @Egon_01 @adam3us @eric_lombrozo Bitcoin and Bitcoin Cash have very different vision for the future.… https://t.co/1YdWLX8QB9
929746812302266368,2017-11-12 16:24:48,@SooMartindale @baijorge Wish that the situation for Bitcoin will be better after Bitcoin Cash upgrades its diff algorithm.
929746144372047872,2017-11-12 16:22:09,"All Bitcoin Cash fans should be brave to tell the truth to the world and friends, when dragon's den coordinated ano… https://t.co/ZzyKf43VCA"
929745529113690112,2017-11-12 16:19:42,@rogerkver I also heard that ETH idea should have be done on top of Bitcoin. Some arrogant people drive him out. Is that true?
929682540922773504,2017-11-12 12:09:25,@Dashpay Dash is also a big block roadmapped cryptocurrency which has been attacked by Core minions for a long time.
929436089172889600,2017-11-11 19:50:06,There is more and more threatening that BCH's hard fork upgrade will have spin-off(s) by some parties. It is said t… https://t.co/mFMlBfhGrP
929391297034567680,2017-11-11 16:52:07,"@TrustNodes @btcfork No, he said Bitcoin Cash is what he ""working on"", but not Bitcoin."
929382396138360832,2017-11-11 16:16:44,slush does not provide mining option on Bitcoin Cash to its hashers. All mining operations using Slush pool are suf… https://t.co/P6tJPzCc4C
928998708405977089,2017-11-10 14:52:06,"BCH community needs to learn a hard lesson. Be friend with other competing coins, learn from them, and make BCH bet… https://t.co/7XWuOM8eEJ"
928992471337508864,2017-11-10 14:27:19,"@Cointelegraph @dangerdominoes I voted ""No"". Bitcoin Cash is Bitcoin Cash."
928880908576292864,2017-11-10 07:04:01,"@iCreateOFX Let it go. At the end of this public scaling debate around Bitcoin, consensus has not been reached, big… https://t.co/JBr9LUIIJy"
928857573486239745,2017-11-10 05:31:17,"@BronxR @haydentiff @bsmith12251960 Use https://t.co/szJvVOYd9P, and your Bitcoin tx will be confirmed will be very… https://t.co/4IvhbuUI3b"
928854505868763136,2017-11-10 05:19:06,@haydentiff @bsmith12251960 Yesterday I have done some math on this problem. It will not likely to happen as your r… https://t.co/mkxiYyBTRX
928831035441274880,2017-11-10 03:45:50,"@alejoGaviria @Egon_01 Stick to reality, my dear brother. Bitcoin has upgraded with SegWit. Bitcoin is supported by… https://t.co/6p8PDky2yC"
928756075108511744,2017-11-09 22:47:58,"@Egon_01 No, please stop this. Bitcoin Cash is Bitcoin Cash. We should not confuse it with Bitcoin."
928754291472343041,2017-11-09 22:40:53,"Miners of course do not control Bitcoin, but I am curious about the mentality of theymos when he(she) asks for a pl… https://t.co/hpZmXer6ML"
928723410632433664,2017-11-09 20:38:10,@Egon_01 Bitcoin Cash is Future Cash. Bitcoin is Future Bitcoin.
928421202154045440,2017-11-09 00:37:18,@xdrcft_mgmt @deadalnix BTC has its different design philosophy than BCH. Both coins can coexist and be used by dif… https://t.co/uLdtvxzY0S
928418534014664704,2017-11-09 00:26:42,"@deadalnix You can use https://t.co/sbUdwzcFWJ to accelerate the tx, and we accept BCH as payment. https://t.co/1bwwXjL7WL"
928004774234005504,2017-11-07 21:02:34,RT @Egon_01: @blockchain @niccary Asking for the global Bitcoin Cash community ... @OneMorePeter
926111522912219138,2017-11-02 15:39:28,"RT @ChrisPacia: Bitcoin is really being overrun with non-libertarians. Here's one of many sad examples. And my response:
https://t.co/s9Gbp…"
926076475656126466,2017-11-02 13:20:12,Bitcoin is Bitcoin. Bitcoin Cash is Bitcoin Cash.
926071728190644224,2017-11-02 13:01:20,"No, Bitcoin Cash should either remain forever as Bitcoin Cash, or if it needs to rename itself, it can be some othe… https://t.co/kIoYeQOIBw"
925691969937883136,2017-11-01 11:52:18,@CobraBitcoin @Egon_01 There is no censorship in major China Bitcoin communication channel. Shame on you. @CobraBitcoin
925336083000205312,2017-10-31 12:18:08,RT @dangerdominoes: There is a reason the Global Transportation Industry relies on BIG trucks over little cars. 🚛🔥#BitcoinCash &gt; #Bitcoin.…
924619657461481473,2017-10-29 12:51:19,"RT @dangerdominoes: Every reason to move to #bitcoincash summed up in one image. 🔥🌶️🔥 

#bitcoin by @blockstream is on its way out. 👋 K bye…"
924561340001222656,2017-10-29 08:59:35,"RT @dangerdominoes: Compare #bitcoincash to #bitcoin by @Blockstream. 

Which road would you take? Fast &amp; Low fees 🚗🔥 or Slow &amp; High fees?…"
924415077674926080,2017-10-28 23:18:23,"RT @Egon_01: Sounds like a #truestory

#bitcoin #segwit 

Sell #litecoin 📉 #LTC

Buy #BitcoinCash 📈 #BCH

https://t.co/hhbCiU3jjP https://t…"
924378319839039488,2017-10-28 20:52:20,RT @LukeDashjr: @jratcliff @Frazem11 Litecoin is no better suited for low value payments than Bitcoin is. And if we must use an altcoin for…
924188915292028928,2017-10-28 08:19:42,RT @liujackc: World's first Bitcoin Cash futures are coming to @OKEx_ Nov. 3. #bcc #bch https://t.co/YkJsFNrrYO
924187618249662464,2017-10-28 08:14:33,"RT @BITCOlNCASH: BitPay CEO Stephen Pair hints at possible future integrations.

#BitcoinCash #BCH

Source: https://t.co/jusbzr5SLY https:/…"
924070475440861185,2017-10-28 00:29:04,RT @rogerkver: Simply being scarce isn’t enough to give something value.  It must be USEFUL and SCARCE.  Full blocks are destroying Bitcoin…
923865432913731584,2017-10-27 10:54:18,"Bitcoin Cash will not be captured by Blockstream. Bitcoin Cash is truely immutable, which will not seek to rewrite… https://t.co/ALFmERSTeg"
923838260035514368,2017-10-27 09:06:19,RT @savardiego: Coinify merchants can now accept Bitcoin Cash - https://t.co/ClT982CKMy  (#BitcoinCash is #bitcoin)
923764059442253829,2017-10-27 04:11:29,u/where-is-Satoshi bought a cup of coffee with Bitcoin Cash. https://t.co/zUybjgdGw1
923514154123542528,2017-10-26 11:38:27,"@CobraBitcoin You as a co-owner of https://t.co/ctxPvcMUu9 having such attitude, you make Bitcoin into a currency n… https://t.co/5lBaZJE5V1"
923388113686216705,2017-10-26 03:17:36,r/bitcoin led this user to buy the plunge of Bitcoin Cash. https://t.co/NGpeNgkcqE
923382059191562241,2017-10-26 02:53:33,"RT @bsmith12251960: btc segwit tx now below 8%.

55% off its highs.  Segwit litecoin never saw these pullbacks on its adoption.

https://t.…"
923242864263303168,2017-10-25 17:40:26,"@coinrx Bitcoin Cash is super fast, super low cost tx fee, super Satoshi Nakamoto."
923242020138708992,2017-10-25 17:37:05,"RT @coinrx: Whether you love it or hate it, you can now spend your Bitcoin Cash (BCH) at https://t.co/DO4Rgt6LbH, the #1 Bitcoin Online Pha…"
923187483113697282,2017-10-25 14:00:22,"Some discussion about Slush on r/btc, the Bitcoin Reddit of free speech: https://t.co/eLp52wA8fm"
922988796810891264,2017-10-25 00:50:52,"RT @JiangZhuoer: BTG dev @h4x3rotab  don't know how to write Replay Protection code, and offered a reward (250 BTG) for it : ) https://t.co…"
922819897813483520,2017-10-24 13:39:43,"RT @btccom_official: Statement regarding Bitcoin Gold
#BitcoinGold $BTG 
https://t.co/v6911hNrpC"
918473262689959937,2017-10-12 13:47:44,Piixpay now accepts Bitcoin Cash https://t.co/U1pjgM1J4b
918167816942923776,2017-10-11 17:34:00,"It is very good writings from freetrader, about the history of Bitcoin Cash. https://t.co/yRevByodGR"
917575204762611712,2017-10-10 02:19:11,Bitcoin (Cash): Investment Thesis https://t.co/Vi1lHPDYgG
916938822457352193,2017-10-08 08:10:25,RT @Internoc24: BREAKING NEWS: Internoc24 LLC accept now #BitcoinCash . We accept now #bch for all our #Hosting Services #Linux #VPS #Dedic…
916396734388985857,2017-10-06 20:16:21,RT @BitcoinThai: Bitcoin Cash (BCH) is now available at https://t.co/3eKbKWxum7: https://t.co/y23lHouLgU https://t.co/xuTnz1Teps
916116285422944256,2017-10-06 01:41:57,SimpleFX Adds Bitcoin Cash Payments https://t.co/PU9ysgKP7Z
915900048633769984,2017-10-05 11:22:42,Bitcoin.vn starts to provide Bitcoin Cash service. https://t.co/UOPpMZdlEt
915899424622092289,2017-10-05 11:20:14,Overstock accepts Bitcoin Cash. https://t.co/GIVbS7I5cb
915545781200764928,2017-10-04 11:54:58,"RT @OneMorePeter: We've dedicated our lives to building bitcoin products, introduced millions to bitcoin, evangelized, long before it was c…"
915439167605063680,2017-10-04 04:51:20,RT @lloydblankfein: Still thinking about #Bitcoin. No conclusion - not endorsing/rejecting. Know that folks also were skeptical when paper…
914857094288834560,2017-10-02 14:18:23,@brianchoffman Bitcoin Cash is Bitcoin Cash. It will find its own way to be The Cash. Becoming Bitcoin is meaningless.
913100584269389824,2017-09-27 17:58:38,"RT @BITMAINtech: In addition to BTC, LTC and USD, we are now also accepting BCC payments.
https://t.co/05EQOUamRd
#BitcoinCash"
908668582086578176,2017-09-15 12:27:26,"@todu77 Bitcoin trading is still legal as if trade a commodity. However, order book exchanges will not be allowed without licenses."
908658136512290816,2017-09-15 11:45:56,RT @TimDraper: The deadwood of the Bitcoin ecosystem is leaving now. Our faith in the crypto economy will be well rewarded.
908503620596899840,2017-09-15 01:31:56,TomZ: Increasing Merchant Adoption of Bitcoin Cash https://t.co/tySyrhTt9Y
907681258083201024,2017-09-12 19:04:10,"RT @ErikVoorhees: My memory is failing, was it Bitcoin or was it JP Morgan that was bailed out by the government? https://t.co/DHqFzr5UJN"
907665487856881664,2017-09-12 18:01:30,@mrvcrypto China has not banned Bitcoin.
907664565135040512,2017-09-12 17:57:50,If some Bitcoin exchange operates inside U.S. without licenses for years and later is asked to stop operating. Is it U.S banning Bitcoin?
907662915905380353,2017-09-12 17:51:17,Some established China Bitcoin exchanges stop operation right now does not mean that they cannot open again once with license.
907662433052803072,2017-09-12 17:49:22,None of the Bitcoin exchanges in China has the licenses that should be required for order book exchange. Such law is older than Bitcoin.
907661338570137600,2017-09-12 17:45:01,"Bitcoin is not banned in China, but only Bitcoin exchange business is about to be banned(according to rumor)."
905225563169669121,2017-09-06 00:26:07,"@mikerelentless Though they need more active observation for possible attacks, LN users still control their Bitcoin… https://t.co/ZGboCty1vQ"
904689107976151040,2017-09-04 12:54:26,@brucefenton @barrysilbert Bitcoin has never been banned in China. ICO is banned.
904683074335653888,2017-09-04 12:30:27,Bitcoin is still legal in China. But ICO is illegal now.
901576713867427840,2017-08-26 22:46:53,RT @jgarzik: @flix1 @adam3us @JaEsf @btcdrak @TheBlueMatt @mikebelshe They have chased developers and projects away from bitcoin with their…
901337055611015168,2017-08-26 06:54:34,"R/BTC: ""We should support Barry and Jeff."" https://t.co/K5mjiUucYg"
901218645472358401,2017-08-25 23:04:03,BCC/BTC mining together caused lots of error in the mining pools and empty block is a fall back security measure. It is solved now.
901194938469109760,2017-08-25 21:29:51,"RT @electroncash: Average fee per transaction in USD for #BTC over the last year. 0.15 a year ago, 7.96 today. Outstanding leadership. http…"
900963612981837824,2017-08-25 06:10:39,"RT @BitAlien_: BitAlien Bitcoin Cash Giveaway! Retweet this, and respond with your BCC address to get $1! Wallet recommendations: https://t…"
900001970953506816,2017-08-22 14:29:25,"Bitwala's announcement is interesting. It said that Core define what is Bitcoin, however, they may chose not to use Bitcoin."
899662482700083201,2017-08-21 16:00:25,RT @lopp: Statoshi's patch set has been applied to Bitcoin ABC by Bastien Enjalbert; now you can see node &amp; network metrics at https://t.co…
899147172012150785,2017-08-20 05:52:45,@justicemate @Egon_01 Trying to rebrand Bitcoin Cash into Bitcoin is a waste of time and resource. We have better things to do.
898956609677688835,2017-08-19 17:15:32,America is not England. America is America. Bitcoin Cash is not Bitcoin. Bitcoin Cash is Bitcoin Cash.
898936073052594177,2017-08-19 15:53:55,"@brianchoffman With the price you paid for the dish, how many Bitcoin transactions can you make?"
898932504509337600,2017-08-19 15:39:45,@kyuupichan @BitcoinCashFans @ToneVays Dont worry too much. Those trolls own very few Bitcoin and their loss is quite limited.
898444581041078274,2017-08-18 07:20:55,"RT @jgarzik: @lopp Any idea when Bitcoin Core add replay protection?
There's a whole lot of ""For Thee, But Not For Me"" going on..."
897868849483177985,2017-08-16 17:13:09,RT @btccom_official: BTC com's Bitcoin Cash recovery tool is available for other wallets: set your trapped #bitcoincash free! https://t.co/…
897866197462433792,2017-08-16 17:02:37,"RT @btccom_official: We're going global. Your BTC com wallet is now available in Korean, Japanese, German, Arabic and Portuguese. #Bitcoin…"
888827309599240194,2017-07-22 18:25:18,RT @BitKanOfficial: SHAPE THE FUTURE: BITCOIN &amp; BLOCKCHAIN GLOBAL SUMMIT NOW OPEN FOR REGISTRATION https://t.co/KH3ypV1dDL https://t.co/skO…
888444921241194496,2017-07-21 17:05:50,RT @drwasho: The most bullish signal for Bitcoin is on-chain scaling without the permission of devs who have intentionally crippled Bitcoin…
884822586567282688,2017-07-11 17:11:58,“bitcoin is hashcash extended with inflation control” https://t.co/eksIgwAqFc
882001336618897408,2017-07-03 22:21:20,Some old wisdom about the pattern of Bitcoin transaction growth. https://t.co/h0OTKbDByu
878097720103256065,2017-06-23 03:49:45,"RT @Egon_01: Goodnight #UASF 

#bitcoin https://t.co/p0zjcC9280"
876272736946892800,2017-06-18 02:57:55,RT @SimonDixonTwitt: After sharing economics of #Bitcoin with Jim Rogers his concern was Bitcoin becoming worth so much one Satoshi could n…
876104230850789377,2017-06-17 15:48:20,Do you support BIP148? Do you want to gain more 148coin out of one Bitcoin? https://t.co/qzJePOUrzv
869250317996748800,2017-05-29 17:53:20,"RT @jimmysong: I just published ""Bitcoin, UASF and Skin in the Game"". Conclusion included: https://t.co/tu0AkmZcF9 https://t.co/yXXvGPgpZG"
869230277104517120,2017-05-29 16:33:42,I support the freedom of worship to both UASF and The Peoples Temple of the Disciples of Christ. I more support debunks from r/BTC.
868344416968130560,2017-05-27 05:53:36,RT @rogerkver: .@bitcoincoreorg and @Blockstream have deliberately choked Bitcoin's growth by capping onchain scaling. This is why I no lon…
868231856839303168,2017-05-26 22:26:20,RT @ViaBTC: We believe the Bitcoin Unlimited is the best solution for Bitcoin. But we will follow the New York agreement if it get more tha…
867781040625958912,2017-05-25 16:34:57,"@Egon_01 @barrysilbert @ViaBTC ""Our acceptance of this agreement does not change our support for Bitcoin Unlimited… https://t.co/9ykXRjdfxH"
865965684173422592,2017-05-20 16:21:22,RT @ViaBTC: We receive hundreds of help emails about delayed bitcoin transactions everyday. I was told those are not important tx and so ig…
865647094173843458,2017-05-19 19:15:24,RT @notontweetter: I just published “Vandalism Is Not The New Consensus” https://t.co/ZacpDrPc6n #Bitcoin #Consensus #Vandalism
865607143902265344,2017-05-19 16:36:39,let r/BTC to teach you how much a full node will cost in big block future. https://t.co/V8wVkKgWpQ
864550661525983232,2017-05-16 18:38:34,"@lopp We are going to the uncharted part of ""fee market"" experiment. This part is not mentioned by r/Bitcoin but wa… https://t.co/i7T6IlCYXM"
864549391931129856,2017-05-16 18:33:32,"@alansilbert @VinnyLingham @dgenr818 Relax. Bitcoin is here not because of  ""influnece"". It has its own manifesto d… https://t.co/vDXbnFce9f"
864469380716834816,2017-05-16 13:15:36,"""The Alternative Vision of Bitcoin Holds Decentralization Risks That Are Worse"" https://t.co/zA4rbei3xT"
864084583016390656,2017-05-15 11:46:33,"RT @Egon_01: How #bitcoin works &amp; how consensus is achieved #truestory.

Some people are sharing disinformation.

Read the paper: https://t…"
863786712308129792,2017-05-14 16:02:55,RT @Egon_01: #UASF #UASFail #Bitcoin https://t.co/P6OVL7B8j8
863786662194577408,2017-05-14 16:02:43,"RT @Egon_01: UASFied: being deceived through disinformation and collusion.

#UASF #SegWit #Bitcoin #bigblocks https://t.co/tLFAOQ4cCz"
863051665481449472,2017-05-12 15:22:06,"@svnlyte Big blocks does not have to be ""data center"". Most likely just a 10K$ high end PC with a FPGA and lots of HDD. Bitcoin worth it."
861634661805465600,2017-05-08 17:31:26,"How many data centers do you wish to run Bitcoin full nodes in the next 10 years, out of the 3 millions? https://t.co/iKmk2lGE3a"
861466408420495361,2017-05-08 06:22:51,"@SteffenTwits Bitcoin has had kind of 2nd since mtgox time. It is centralized 2nd layer, but the problem is not lac… https://t.co/RASNhgybyo"
861446509115592704,2017-05-08 05:03:47,The back ground of creation of Bitcoin is huge financial crisis. The problem it wants to address is big. No need to constrain it with RPi.
857312814305640448,2017-04-26 19:17:57,R/BTC is worth reading more and more these days. Very useful information. Very useful information and discussion. https://t.co/jWcBfPpDLM
857308967625662464,2017-04-26 19:02:40,Discuss is also happening at R/BTC. https://t.co/WP3xllE8Cm
857304528177160192,2017-04-26 18:45:02,"That chat log is happening in a group chat of 15 users including major Litecoin mining pools&amp;devs. There is nothing secret worth ""leaked""."
854197122568118272,2017-04-18 04:57:18,@brianchoffman So maybe it is good idea to have the show last longer. Theymos will allow more attention into LTC. I… https://t.co/XmalYhKmRG
853456535602601984,2017-04-16 03:54:29,"RT @f2pool_wangchun: Core == Mao; “Users” == The Red Guard. This is what's happening on Bitcoin, carried me back to the Cultural Revolution."
852057250910748672,2017-04-12 07:14:13,Very nice DDoS traffics against lots of SegWit-undecided LTC pools.
851003056376262658,2017-04-09 09:25:14,"RT @nikzh: So, I firmly believe that UASF lobbyists are either anti-Bitcoin or simply don’t understand why we needed Bitcoin in the first p…"
850675089901109249,2017-04-08 11:42:00,RT @coindesk: The Hidden History of Bitcoin Unlimited https://t.co/M0KGBLroC8 https://t.co/o8ykKFoC9m
850057184863936513,2017-04-06 18:46:40,@SooMartindale Their troll army is a serious problem to Bitcoin.
850056165329326080,2017-04-06 18:42:37,Bitcoin businesses usually relies on reputation. Character assassination is very effective threat against nay-sayer. https://t.co/eVlxHFabik
849664683141283844,2017-04-05 16:47:01,"@alansilbert Do you mean that SegWit will lift the 21m coin ceiling? Then SegWit will make Bitcoin worth nothing, I don't like that."
849659585610735616,2017-04-05 16:26:45,Theymos is a co-founder of Bitcoin Unlimited: https://t.co/tAP5yvyLaa
849299794258534402,2017-04-04 16:37:04,We are preparing a UAHF to the market. We will have two kinds of Bitcoin if UASF is activated. Big block vs 1MB block. Let us trade.
849210077122772992,2017-04-04 10:40:34,These stupid guys do not understand Bitcoin. They just want to control it. https://t.co/5iHu3VeuN0 https://t.co/ffadVmnhDT
849131185766662144,2017-04-04 05:27:05,"Let me correct a FUD: miners love LN. LN makes bitcoin price higher, and miners love bitcoin sold at high price, hence miners love LN."
847663887713320961,2017-03-31 04:16:34,"@bendavenport Bitcoin will not be destroyed, until you destroyed your keyboard by trolling too much."
847114060676018177,2017-03-29 15:51:45,"I don't think economic majority is that important. I started to invest into Bitcoin in 2011 by ignoring so called ""majority""."
844115308864462848,2017-03-21 09:15:47,I just Weibo-ed a link to the 8btc post.
840243889990586369,2017-03-10 16:52:09,All gain distributed to Bitmain from https://t.co/szJvVOYd9P will be donated to promote uncensored Bitcoin communication channel.
837912771832393733,2017-03-04 06:29:07,"UASF will split the blockchain and create 2 or 3 kinds of Bitcoin if majority miners vote ""no"". Exchanges should be careful."
836305921026342912,2017-02-27 20:04:04,RT @ViaBTC: Roger Ver (BU) vs Tone Vays (SegWit) - Bitcoin Scaling Debate https://t.co/rpxwz4S8wh 来自 @YouTube
834713331797733376,2017-02-23 10:35:41,RT @ViaBTC: There's supposed to be NO tx accelerator https://t.co/2Scm9bKTg2 or any tx backlog in #bitcoin network. Here's what we are thin…
804592547578277888,2016-12-02 07:46:26,"A Chinese Bitcoin exchange cannot generate good cash flow to support its growth, it proves the poor quality of their management team."
756203203058774016,2016-07-21 19:04:27,"RT @gavinandresen: According to Reddit, no trades, near-zero price for the minority eth fork. File under 'markets are rational' https://t.c…"
755817160102981632,2016-07-20 17:30:28,RT @ErikVoorhees: So far so good for Ethereum hark fork... new chain over 50 blocks ahead of old.
754685097748508672,2016-07-17 14:32:03,RT @cnLedger: F2Pool founder's comments on #ethereum hard fork https://t.co/p1lC4KmW4W https://t.co/mRISxY0NrE
749102424204275713,2016-07-02 04:48:30,"RT @jgarzik: The likely -near term- impact of high #bitcoin fees is turning to centralized systems, pause for year+ while Lightning etc. bu…"
748718456866951168,2016-07-01 03:22:45,I am going to buy this mini pc and set up a Bitcoin full node in my home. https://t.co/BMp7ZGjzcU
748551187184521216,2016-06-30 16:18:05,"For the first time, I saw r/btc has more than half active users of r/bitcoin."
748497449904279552,2016-06-30 12:44:33,@ErolKazan China's Bitcoin forum is running without censorship.
748457908111716353,2016-06-30 10:07:25,"RT @bedehomender: Tier Nolan is unsung hero of btc scaling, seems to have invented paychans, atomic swaps, both basis of #LN. Now: https://…"
747654174557507584,2016-06-28 04:53:40,RT @cnLedger: CN General Provisions Civil Law (Draft): Virtual assets will be officially protected by law. Providing legal basis for BTC re…
745262315767898112,2016-06-21 14:29:17,RT @oleganza: Bitcoin reaches all-time high hashrate and becomes &gt;200 billion times more difficult to mine than in 2009. https://t.co/W551f…
737617428293648386,2016-05-31 12:11:13,"RT @BITMAINtech: Launched #AntminerS9, world's first 16nm #bitcoin miner, also the world's most efficient
https://t.co/06jN1pFgED https://t…"
735846252147920899,2016-05-26 14:53:12,RT @ErikVoorhees: Goldman Sachs Admits Bitcoin is ‘Ideal Vehicle’ for Public Transactions https://t.co/Rd1K4eTqtm #finance
734123992378789888,2016-05-21 20:49:33,@ExceIlion OK..... It sounds that he is very important to Bitcoin which is believed to be a world currency and he is the only can think.
732065640979140608,2016-05-16 04:30:24,@LukeDashjr Antpool is still in the HK agreement.  Core's HF plan is very crucial for the whole Bitcoin ecosystem in the next few months.
727525538282110976,2016-05-03 15:49:39,A new Bitcoin user was confused by the slow Bitcoin network and the fee policy. (From a wechat group) https://t.co/3yLpcZzavY
726217262160465920,2016-04-30 01:11:02,Someone must be very enjoying the tx fee policy maker position.
725116503662596096,2016-04-27 00:17:01,"If a Bitcoin mining pool is bribed/regulated to censor transactions, miners will leave that pool and go for another mining pool of freedom"
713310752392683520,2016-03-25 10:25:10,"RT @RSKsmart: Full Press Release: RSK Raises 1M for making Bitcoin Smarter
https://t.co/5l5CD02XBe"
711951026606120961,2016-03-21 16:22:06,RT @barrysilbert: We are super excited to invest in the Rootstock team and see their innovative idea (Bitcoin + Ethereum) come to life http…
709766915690893312,2016-03-15 15:43:14,"RT @cnLedger: A btc question in a CN senior high school test, 3rd grade (required course: Ideology&amp;Politics). What is your answer? https://…"
706500864312102912,2016-03-06 15:25:06,"RT @cnLedger: First CN bitcoin movie ""BitStorm""(official translation to be determined), is eyeing a summer shoot and (fastest possible) Xma…"
704476839566135298,2016-03-01 01:22:21,"@sysmannet sorry, we will continue mining empty blocks. This is the freedom given by the Bitcoin protocol."
704473318020087809,2016-03-01 01:08:22,"RT @rogerkver: If Bitcoin miners want Bitcoin to succeed, they must increase the block size now! https://t.co/LOFsMhnFj7"
703052877212700673,2016-02-26 03:04:02,maybe you want to bookmark this link for a period: https://t.co/pYoBINNZtm
702159208402149376,2016-02-23 15:52:55,"RT @cnLedger: Kevin (Bitmain R&amp;D Director) on Weibo: on Feb 22, median size of blocks is as high as 979KB"
701348708772777984,2016-02-21 10:12:17,"The consensus does not reach easily, and we hope it will be a roadmap that become true. China btc community has a very positive respond."
698180511416451072,2016-02-12 16:23:00,RT @laurashin: China's Role In #Bitcoin: How Cultural Differences Are Affecting The Technology's Progress https://t.co/vPLxG1rk8f
698061776315764737,2016-02-12 08:31:11,RT @jonmatonis: Potential Liability for Miners who Adopt New Bitcoin Classic Protocol says Attorney  Dan Friedberg https://t.co/OAErKvGMkq
690748311616106497,2016-01-23 04:10:05,@infohufu Antpool will be willing to switch to any implementation of Bitcoin protocol that is widely accepted by the economy.
688250786279641089,2016-01-16 06:45:49,@CoinRepublic Bitcoin is not limited by the GFW. Mike Hearn did not understand it very well. F2pool and Antpool are lowest in orphan rate.
688200366194724867,2016-01-16 03:25:28,Chinese miners support Bitcoin with free will and real money. They love freedom more than those Cisco America guys helping Great Fire Wall.
