id,created_at,text
1128950794412122113,2019-05-16 09:10:18,"RT @dietrich: ION - Microsoft's standards-based decentralized identity service built on Bitcoin and IPFS.

(This timeline, I tell ya.)

htt…"
1128939301910171650,2019-05-16 08:24:38,RT @SpaceX: All systems and weather are go ahead of tonight’s launch of Starlink; webcast will go live about 15 minutes before liftoff → ht…
1120817646532825088,2019-04-23 22:32:05,RT @muneeb: Merely plagiarizing the Filecoin paper wasn’t enough for Tron. A hilarious attempt at renaming IPFS code. https://t.co/wBhuTmOd…
1119458566266441730,2019-04-20 04:31:35,"RT @arcalinea: Looks like a Tron dev just accidentally opened a PR on IPFS master that renames ""IPFS"" to ""BTFS"". Such contribution, much wo…"
1114725517184253952,2019-04-07 03:04:08,"RT @AgeManning: LIghthouse #Ethereum 2.0 beacon node!
Top: #Lighthouse beacon node: #libp2p ready, simplified spec (8 validators - demonstr…"
1106510822178590721,2019-03-15 11:01:52,"RT @drakefjustin: The ""secret single-leader election problem"" is also relevant for Ethereum 2.0/3.0, and many other proof of stake systems.…"
1105819049504567296,2019-03-13 13:13:01,RT @dmazieres: Just released a simplified description of the #Stellar Consensus Protocol (SCP) here: https://t.co/sYoKVtsvcf #Blockchain @S…
1103098543462526976,2019-03-06 01:02:41,RT @ensdomains: So glad to hear @opera is integrating ENS + IPFS! 👏👏👏 Woohoo! #ethereum https://t.co/maYb5KOWGo
1101655599916343296,2019-03-02 01:28:57,RT @lelesiren: This is a GREAT Project and Contest. All #Dtube Community Members should participate!  #Steem Great changes in the making! h…
1096182850070622208,2019-02-14 23:02:12,"RT @muneeb: Protocols need to strike a balance between moving fast vs transparency &amp; community input. 

Filecoin is opening their project r…"
1093227852848197632,2019-02-06 19:20:05,"RT @ParityTech: Why do @MineFilecoin, @agoric, @IPFSbot, #Substrate, @polkadotnetwork, and (probably) @Ethereum 2.0 use @libp2p? It’s a hig…"
1055749149004509184,2018-10-26 09:13:06,"RT @decentraland: We're excited to introduce Agora v2, the newest iteration of our community voting dApp. Starting this Monday, October 29,…"
1055749025222189056,2018-10-26 09:12:37,RT @dgrmunch: We have done some improvements for the @SciArtLab district at @decentraland. Building a #virtualReality headquarters + campus…
1054835270145720320,2018-10-23 20:41:40,"RT @coinbase: Coinbase is launching support for the USDC stablecoin. Starting today, Coinbase customers in supported jurisdictions can buy,…"
1054835080714223617,2018-10-23 20:40:55,"RT @coinbase: A blockchain-based digital dollar like USDC is easier to program with, to send quickly, to use in dApps, and to store locally…"
1049411097323851776,2018-10-08 21:27:57,"RT @_Cryptographics: Cryptographics is now live on the Ethereum mainnet.🍾
Come check it out and try creating your cryptographic today at: h…"
1045527241944326144,2018-09-28 04:14:54,"RT @openbazaar: Check it out, OpenBazaar now has a web version! Browse before you buy at the all-new https://t.co/46z5rUfJcW #BTC #BCH #ZEC…"
1042562567221129216,2018-09-19 23:54:20,"RT @dietrich: New post in the @mozhacks d-web series!

Decentralized governance and autonomous organizations with IPFS and Ethereum with th…"
1042314659729006592,2018-09-19 07:29:14,RT @web3foundation: The Graph protocol makes it easy to build decentralized applications quickly on Ethereum and IPFS. This is how we reali…
1042309849256648704,2018-09-19 07:10:07,RT @bai0: We've been working on a @decentraland client at @officialjanusvr - pretty fun walking around and seeing what everyone's been buil…
1039872168119566336,2018-09-12 13:43:39,"@DavidDeutschOxf @michael_nielsen Deep link to foundations of computing (and type theory, proof theory, category th… https://t.co/M1hSPjtElU"
1039577137739522048,2018-09-11 18:11:18,"RT @_alanshaw: Better head over to your nearest modules'R'us store because #JS #IPFS 0.32 has hit the shelves. We got #IPNS, custom chunkin…"
985481979842912258,2018-04-15 11:36:28,RT @decentralion: The amazing overlooked story of bitcoin: an open source project without central servers or management has run a secure op…
973746546691883009,2018-03-14 02:24:02,@lrettig @ParityTech @Truebitprotocol @ConsenSys @dapphub @MakerDAO @kyokan_io @ethereum @pepyakin @alexberegszaszi… https://t.co/qxbcx8AEiA
962168969431003136,2018-02-10 03:38:53,@GTTVappliance @katrynadow @ethereumJoseph @MineFilecoin Don’t use twitter dm’s— can you email me? my-first-name@protocol.ai
962155836134092802,2018-02-10 02:46:41,@novaspivack @KYLEGARRETT @archmission @MineFilecoin There is! Send me an email. &lt;my-first-name&gt;@protocol.ai
957931026394697729,2018-01-29 10:58:48,"RT @BobSummerwill: I had not spotted yet Felix Lange's blog post ""Ethereum ♥ libp2p"" which he published just after DEVCON3:
https://t.co/Xp…"
956487117437153280,2018-01-25 11:21:14,"RT @TrustToken: Introducing TrueUSD: a trustworthy USD-backed stable coin, and the first major project built on the TrustToken platform. #T…"
955979886425817088,2018-01-24 01:45:40,@valkenburgh Bitcoin did this. It’s just that “full node” was defined narrowly as helping secure the chain. Lots of… https://t.co/vcASJZB5sQ
953398410232569856,2018-01-16 22:47:48,"RT @nytimes: Yes, it’s driven by greed — but Bitcoin mania could wind up building something much more important than wealth. It could retur…"
950142857712623616,2018-01-07 23:11:24,RT @bedehomender: .@justinsuntron why does your TRON whitepaper make wholesale copying of @IPFSbot and @MineFilecoin without a single refer…
950142785373405184,2018-01-07 23:11:07,"@bedehomender @justinsuntron @IPFSbot @MineFilecoin Wow! Absurd! TRON's ""paper"" is mostly copied from other project… https://t.co/5SQhnNltoT"
949920333003292672,2018-01-07 08:27:10,"RT @daviddias: Today, you can already use IPFS to traverse Git repos — https://t.co/DBDoRC0cEx —, the Ethereum, ZCash and Bitcoin blockchai…"
949038761727295488,2018-01-04 22:04:07,RT @random_walker: Poking around the blockchain feels like being in a museum of oddities. On Dec 30 a Bitcoin miner forgot to collect their…
949033731951480832,2018-01-04 21:44:08,"RT @garrytan: “In short, it's hard to come up with any rational reason why XRP exists in the Ripple protocol, other than as a means for Rip…"
946644598171955200,2017-12-29 07:30:34,RT @brianchoffman: If you would like to help test #BitcoinCash or #Zcash support in OpenBazaar you can install this release candidate. FYI…
939329633463410688,2017-12-09 03:03:31,"RT @AkashaProject: 🙌Highfives everyone for reaching 4000+ signups on https://t.co/BGOAwFdF2Q!🙌

In case you missed it, Ethereum Foundation…"
937825912359284736,2017-12-04 23:28:16,"RT @socrates1024: The ""Liquidity"" high-level language for tezos https://t.co/O9qd3b1cT9
(Tezos : Liquidity : Ocaml :: Ethereum : Solidity :…"
930586928159776768,2017-11-15 00:03:07,RT @brianchoffman: I sat in an a16z office about a year and a half ago and told @cdixon I didn't think Ethereum/alts were worth worrying ab…
928787738228170752,2017-11-10 00:53:47,"RT @brianchoffman: We currently have two groups working on other coin support for OpenBazaar, zcash and Bitcoin Cash and constantly doing r…"
926031535349702656,2017-11-02 10:21:37,RT @VitalikButerin: ZoKrates: a programming language that compiles to ethereum ZKPs. https://t.co/RmzpBlwJxi
925871880082305025,2017-11-01 23:47:12,RT @zooko: Zero-Knowledge Proofs workshop at Devcon3 sponsored by the Zcash Compay (@zcashco): https://t.co/y1zsJVZcOB
924365834205540352,2017-10-28 20:02:43,"RT @zooko: One year ago today, Zcash was born: https://t.co/yzyMvEmY17"
916406854678347777,2017-10-06 20:56:34,"@johnolilly ""You must construct additional contracts"" ""Not enough ethereum gas"""
908921661302366208,2017-09-16 05:13:05,"RT @zcashco: Dev update - Sept 15: 1.0.12 PR review, upcoming deprecation of 1.0.9, new UX project, Jubjub announcement, etc. https://t.co/…"
905876311650041856,2017-09-07 19:31:57,"RT @zooko: “Interviewer: What are…most interesting to you (beyond bitcoin and ethereum)?

@balajis: ZCash, Tezos, Filecoin.”—https://t.co/A…"
900430858003152896,2017-08-23 18:53:40,@RalapXStartUp Link pls?
898044349363011584,2017-08-17 04:50:32,RT @business: Bitcoin is soaring into space... literally https://t.co/q7r7WQoqRi https://t.co/DBq2ocmlzF
898041520493809664,2017-08-17 04:39:17,RT @JohnLilic: When your Twitter feed is #crypto af 🚀#Ethereum #IPFS https://t.co/jUeaqs69lZ
895695716508614656,2017-08-10 17:17:54,RT @MineFilecoin: Our sale begins in just a few hours on @coinlist! ONLY purchase on https://t.co/mMmtIBF8fz &amp; check status on @MineFilecoi…
895080249708302336,2017-08-09 00:32:15,"@PEntremont @MineFilecoin Table says supply after 20 years. Not close to ETH in first yrs, even at $6 FIL. Yes each… https://t.co/XAlF3RZiKX"
892236429710970880,2017-08-01 04:11:56,"RT @decentraland: We’ve migrated our content distribution layer from webtorrent to #IPFS, significantly improving scalability! @ipfsbot"
890089183569625088,2017-07-26 05:59:33,"RT @twobitidiot: Yes, the #'s are bubbly, but if teams like IPFS &amp; Blockstack raise half of what Tezos did, I truly believe we'll have a de…"
890050348076867584,2017-07-26 03:25:13,@RobertoColJr @paulvigna Uber shares are stock. Filecoin tokens closer to Bitcoin. They are fundamentally different instruments.
888914935937253377,2017-07-23 00:13:30,RT @CryptoCoinsNews: Sponsored: Opus Aims to Disrupt the Music Streaming Industry through Ethereum and IPFS https://t.co/K1GhyhihZE https:/…
888892095385051136,2017-07-22 22:42:45,"@adamludwin That's one name. Yeah maybe, I haven't seen proof they are or are not. I'm not convinced of much in cry… https://t.co/SQ7qQB2VQ2"
888870344022310913,2017-07-22 21:16:19,"@adamludwin Coins pegged to energy costs, or basket of goods, etc.-- McToken for @TheEconomist's BigMac Index."
888860992649666560,2017-07-22 20:39:09,"@adamludwin @openbazzar As decentralized as Bitcoin, and with scaling equivalent to instagram (no joke here). maybe… https://t.co/hZ97vu9hul"
887897848032788484,2017-07-20 04:51:57,"Lots of people made millions mining Bitcoin and Ethereum. Get some hard drives, and join the early miner program: https://t.co/IElo3wtu0D"
887849779480285189,2017-07-20 01:40:57,"RT @laurashin: Filecoin #ICO, Launching Next Week, Aims To Resolve Token Sale Problems https://t.co/zR7bbsBgs8 #tokensales #bitcoin #ethere…"
887000414331314176,2017-07-17 17:25:53,RT @eth_classic: Ethereum ICO @coindashio had their website hijacked. Hackers change the ICO address to their own. $7 Million so far. https…
884949471561265152,2017-07-12 01:36:10,RT @ricmac: I created an archive &amp; here I explain why I chose to link to @internetarchive over the original sources like @RWW. https://t.co…
884546995318267904,2017-07-10 22:56:52,"RT @dwr: Releasing an album on ETH and IPFS: 🙂

Creating a marketplace for digital mixtapes (i.e. Spotify playlists) for $1 in ETH: 💯🙌🙏"
883430577315205121,2017-07-07 21:00:37,RT @3Blue1Brown: New video! Ever wonder how Bitcoin (and other cryptocurrencies) actually work?  https://t.co/1Ov0Hc328f
883407397556895744,2017-07-07 19:28:31,"Amazing and simple explanation of Bitcoin and all the math behind it, by the extraordinary @3Blue1Brown

Proud to s… https://t.co/bKzVg8Cbsq"
881673355157315584,2017-07-03 00:38:03,@Tokenize @melshapiro Video on the front page or here: https://t.co/gn3fiGmgmN (@Tokenize let us link to a YT or Vi… https://t.co/BBjoAEQsTt
880977533797138433,2017-07-01 02:33:06,"If we solve this problem somewhat well, we may address some of the biggest issues in economies, capital, co-s, science credit, tech R&amp;D, (4)"
880975868402651136,2017-07-01 02:26:29,"YC podcast is out! 

One of my favorite interviews so far. P2P, IPFS, PL, Bell Labs, R&amp;D, Filecoin, CoinList, crypt… https://t.co/fy771xS8C1"
880278165796540417,2017-06-29 04:14:04,"RT @FEhrsam: Similar to the DARPA Grand Challenge, the Ethereum community could easily crowdfund $1,000,000+ feature bounties and let many…"
878299008787070977,2017-06-23 17:09:36,RT @zooko: I love this video about the Zcash Key Generation Ceremony. https://t.co/t6TFcs62Ew
878298989317169152,2017-06-23 17:09:31,Awesome video of the #Zcash ceremony! So cool. Yay for crypto MPCs run well \o/ https://t.co/LrkdByWBc3
877658787439562752,2017-06-21 22:45:35,"RT @numerai: The Numeraire Ethereum token is now live.
https://t.co/io1g6qSTwQ"
876954479681126400,2017-06-20 00:06:55,RT @thee_wolf: Here's a quick @OpenBazaar 2.0 teaser. Shout out to @robmisio @ChrisPacia @jjeffryes for coding this beast $crypto $btc http…
875695560765734912,2017-06-16 12:44:25,RT @VitalikButerin: This is the kind of ethereum project I want to see more of. https://t.co/aPMzrPttvF
872651723239702528,2017-06-08 03:09:18,@ricburton @coinbase @jaxx_io @xapo @BitGo @Poloniex @krakenfx @GeminiDotCom @ethereumproject @Bitcoin @metamask_io… https://t.co/oJW8T9ZQuT
872649318313844736,2017-06-08 02:59:45,@coinbase @jaxx_io @xapo @BitGo @Poloniex @krakenfx @GeminiDotCom @ethereumproject @Bitcoin @metamask_io @onename… https://t.co/mCQCIOOc4S
872647714948775937,2017-06-08 02:53:22,@coinbase @jaxx_io @xapo @BitGo @Poloniex @krakenfx @GeminiDotCom @ethereumproject @Bitcoin @metamask_io @onename I… https://t.co/KDZNGI5u7b
872647403479814144,2017-06-08 02:52:08,@coinbase @jaxx_io @xapo @BitGo @Poloniex @krakenfx @GeminiDotCom @ethereumproject @Bitcoin @metamask_io @onename N… https://t.co/qtf5ikIYsx
872646630268207106,2017-06-08 02:49:04,cc @coinbase @jaxx_io @xapo @BitGo @Poloniex @krakenfx @GeminiDotCom @ethereumproject @bitcoin @metamask_io @onename ... #Bitcoin #Ethereum
872642801925672960,2017-06-08 02:33:51,"It HAS to get easy to send aux data via QR code &amp; copy-paste (Bitcoin, doable w multiple outputs, Ethereum w data field) on major wallets."
872642496588726272,2017-06-08 02:32:38,"It HAS to get easy to get trivially easy to do HDM (or equivalent) on both Bitcoin and Ethereum, on all major wallets."
872641996069851136,2017-06-08 02:30:39,"It HAS to get easy to do payments on all major wallets to multiple outputs (btc), or contracts w data (eth) from QR codes &amp; copy-paste."
872641511904616451,2017-06-08 02:28:43,UX for doing interesting payments with both Bitcoin and Ethereum is really terrible. Another reason they haven't started to replace much.
872565061792915461,2017-06-07 21:24:56,"RT @numerai: On June 20, all Numeraire tokens will be released on the Ethereum blockchain. 😱 https://t.co/Y9oi6yBHZe"
871596174490296320,2017-06-05 05:14:56,"RT @VitalikButerin: How you can help Ethereum: send smart people our way. Math, CS, dist sys, crypto, econ, game theory, behav econ all hig…"
871592226882600960,2017-06-05 04:59:14,@rm0rf @VitalikButerin @buchmanster They are. Ethereum is the blockchain project that seeks most peer review and he… https://t.co/gSA9WyzqD8
870020637615468545,2017-05-31 20:54:18,"RT @VitalikButerin: https://t.co/oiFGyh1iju This is a $2220 tx fee, used to cut in line in BAT ICO. ""Ethereum avg txfee $1"" statistics incl…"
866132738776080384,2017-05-21 03:25:11,"RT @zooko: Bytecoin, the 10th-biggest ""mcap"", 24h trading volume of $18M, has a bug allowing unbounded counterfeiting. https://t.co/lkg8TWS…"
862532872422469632,2017-05-11 05:00:36,@iurimatias link to demo?
861786141967515649,2017-05-09 03:33:22,"RT @dwr: Interesting use case for IPFS, which will get an economic layer when Filecoin does its Ethereum ICO later this year. https://t.co/…"
859194889174523904,2017-05-01 23:56:39,"RT @el33th4xor: Hijacking Bitcoin: Routing Attacks on Cryptocurrencies, guest post by Apostolaki, @avivz78 and @lvanbever: https://t.co/ZTp…"
858448528409903104,2017-04-29 22:30:53,RT @coindesk: Ethereum Meets Zcash? Why IPFS Plans a Multi-Blockchain Browser https://t.co/ejU3MvzMVQ https://t.co/n4NUoEn2s1
857752299728281600,2017-04-28 00:24:19,"RT @NTmoney: Client diversity is an underrated aspect of blockchains. Great to see @ParityTech release a Bitcoin client!

https://t.co/O7EF…"
852971852976668672,2017-04-14 19:48:31,RT @socrates1024: An Empirical Analysis of Linkability in the Monero Blockchain https://t.co/ICZcXYBmN2 @random_walker @maltemoeser
852609505867087872,2017-04-13 19:48:41,"RT @AmelieCornelis: Very good talk by @drakefjustin on decentralised networks: clear intro to complicated concepts (libp2p, bitcoin, ethere…"
844161886614507520,2017-03-21 12:20:52,"RT @coindesk: ""RegChain"", from Irish Funds, uses ethereum and the IPFS behind the scenes to track and analyze transactions https://t.co/wrR…"
844161654484946945,2017-03-21 12:19:56,"RT @AkashaProject: The latest #AKASHA release ✨0.5.2✨ and a quick #update

#ethereum #lightclient #IPFS #dapp #collaboration

https://t.co/…"
841266138159898624,2017-03-13 12:34:11,"Wow, huge #ETH price hike. $28.67 -- I think that's a ~95x in 2.5yr return from crowdsale? + groundbreaking tech, R&amp;D. Fantastic ROI"
840036311822028800,2017-03-10 03:07:18,"RT @drakefjustin: 15 years of innovation in decentralised networks

2001 BitTorrent
2002 Tor
2003 Skype
2008 Bitcoin
2013 Ethereum
2014 IPF…"
836670076195602433,2017-02-28 20:11:05,"RT @dwr: Common banker response to Ethereum &amp; IPFS/Filecoin: ""Why would developers want to use a decentralized version of S3?"" Today is you…"
835263178351075328,2017-02-24 23:00:34,"RT @zcashco: Dev update - Feb 24, 2017: ticket triage for 1.0.7, focused discussion on XCAT, near future dev priorities, etc. https://t.co/…"
835263122894020610,2017-02-24 23:00:21,RT @zooko: Ask the Zcash developers anything! https://t.co/VETtJClvlF Good source of topics: https://t.co/86DcUMWy8h
834712930859970560,2017-02-23 10:34:05,RT @metamask_io: Watch MetaMask founder @kumavis_ talk about the future of Ethereum in the browser over IPFS! https://t.co/nJN82qc1ue
834236871425216512,2017-02-22 03:02:24,RT @DontPanicBurns: Finally updated my NAS sw 2 freenas 10 with #ipfs  built in. So much room for activities! $etc @FreeNASTeam https://t.c…
834236754798399488,2017-02-22 03:01:56,RT @digitaldonkey09: Akasha working on a #ethereum and #ipfs based social network. #stop1984reality Great #edcon talk by @mihaialisie https…
816895556333273088,2017-01-05 06:34:12,"RT @zcashco: This is the story of the Zcash Multi-Party Computation Ceremony 
https://t.co/fDdGYOIs4f"
805012394451709953,2016-12-03 11:34:45,RT @kristovatlas: via @jamieCrypto: How many national currencies are smaller than bitcoin? https://t.co/0oph8H1cWO
801933297987309568,2016-11-24 23:39:32,"@mikeal Whoops, correction -- Bitcoin is really 30-60m, depending on your ""certainty threshold""."
801933013089218561,2016-11-24 23:38:24,"@mikeal Consensus protocols delay network to synchronize (eg Bitcoin, 10min) -- Eventual consistency gives window of uncertainty (S3, few s)"
801921515944034305,2016-11-24 22:52:43,"@mikeal ... JS is not ""large"". Haskell, OCaml, Ada, more present. (Ofc majority still C because age)"
801918127596392448,2016-11-24 22:39:15,"@mikeal some people like types, callbacks, user threads, etc, but then lib ecosystem fragments :("
799395118801223680,2016-11-17 23:33:43,RT @KeybaseIO: Keybase chooses Zcash: https://t.co/duLZrTzZAR (just published now) @zcashco @zooko
799394211338424320,2016-11-17 23:30:06,"RT @JackGavigan: This photo of the ""Trusted Six"" Zcash paramgen ceremony participants is genuinely laugh-out-loud hilarious! (Src: https://…"
798058758446333952,2016-11-14 07:03:29,@textfiles @SavePointMD excellent name
797191400513093632,2016-11-11 21:36:55,@zittrain @verge maybe FB predictive algorithms are more sophisticated that we thought. :)
794985315706384384,2016-11-05 19:30:44,RT @ShapeShift_io: Did you know we support #Zcash? @zcashco founder @zooko speaks at #LaBitConf2016 https://t.co/yrmESbQpuD
793942071061057536,2016-11-02 22:25:15,RT @trentmc0: Yoichi Hirai presenting formal verification on Solidity. Awesome progress for smart contracts #ethereum #berlin https://t.co/…
793906634414170116,2016-11-02 20:04:26,"RT @zooko: Check it out—Zcash in The Economist! It's a good article, too. https://t.co/C1BfL8uDM8"
792051388830322692,2016-10-28 17:12:21,"RT @barrysilbert: Congrats to @zooko and the rest of the @zcashco team on the launch of Zcash

Next up...@MineFilecoin (brought to you by @…"
791518642991226880,2016-10-27 05:55:24,RT @mineZcash: The Zcash Trusted Setup has been Completed!!! @zooko @zcashco #zcash https://t.co/aQTtr6UQiY
791124075464757248,2016-10-26 03:47:32,"RT @zcashco: Great Q&amp;A about Zcash at SF Bitcoin meetup! Look for the video, @zooko is covering A LOT https://t.co/YHMZAC1q2k"
790828476378918912,2016-10-25 08:12:56,"@rauchg yes, see the existing ones. Though please use `fs://ipfs/...` it's so the link is the same in file systems. A ""UNIX URI""."
790648189372157952,2016-10-24 20:16:32,RT @mark_dago: Listening to @juanbenet detail the necessary due dilligence of network participants in our tokenized ecosystem #ethereum #ip…
790344870254612480,2016-10-24 00:11:15,"RT @AlwaysBCoding: First vid from yesterdays #ethereum meetup: The Decentralized Web, IPFS and Filecoin from @juanbenet

https://t.co/DAZGS…"
785689563712724992,2016-10-11 03:52:44,RT @ryaneshea: A decentralized web would give power back to the people online @BlockstackOrg #Ethereum @IPFSbot will make it happen https:/…
785362368398188544,2016-10-10 06:12:34,RT @drwasho: Can't understate how awesome Bitcoin Vaults are https://t.co/YrtyH0oO7x Well done @el33th4xor and team! #oscarnominated
783804181291204608,2016-10-05 23:00:53,RT @ErikVoorhees: Gonna be a great fall... two of the most exciting digital assets ever are going live soon:  ZCash and Augur's REP @zcashc…
783483550095990785,2016-10-05 01:46:49,RT @zooko: This high school kid sitting next to me in this coffeeshop just asked me a series of piercing questions about Zcash cryptography.
782458702930571264,2016-10-02 05:54:26,"RT @VictorBjelkholm: ""IPFS Meets Ethereum and They’re Changing the World""

https://t.co/VgvGTZesve"
782458312038158336,2016-10-02 05:52:53,RT @AkashaProject: October here we come! Super excited to announce the #AKASHA pre-alpha launch! #ethereum #IPFS #socialmedia #dapp https:/…
780514251257421824,2016-09-26 21:07:53,"RT @drwasho: Spectacular interview about Tor, #Bitcoin, and @openbazaar with @ChrisPacia: https://t.co/JFtOM44nf0"
780509681018032129,2016-09-26 20:49:43,"RT @aCameronhuff: BHP (giant mining company) announces they’re experimenting w/ Ethereum &amp; IPFS for mining, working w/ @ConsenSysLLC: 
http…"
779384115204329472,2016-09-23 18:17:07,"@muneeb ha, w/ @michaelfreedman once again :D -- but really, this isn't really a name collision, using term generally, not specific sys."
779373177298227201,2016-09-23 17:33:40,RT @peter_szilagyi: Holy shit! #ipfs is deploying #filecoin on top of #Ethereum!!!!!!!
779372419190448128,2016-09-23 17:30:39,RT @Alex_Amsel: IPFS is going to use #Ethereum. Much of the reason given is the development community. Very big news.
779372407857422337,2016-09-23 17:30:36,RT @WayneVaughan: IPFS announced they will launch Filecoin as a virtual chain on Ethereum.
779372325921624064,2016-09-23 17:30:17,RT @simondlr: IPFS team killing it! Network interoperation bonanza. Ethereum in the browser. #devcon2
778450284871692289,2016-09-21 04:26:25,RT @coinfund_io: #devcon2 @juanbenet just announces that Filecoin will be using Ethereum. #filecoin #ipfs
766012257075621888,2016-08-17 20:42:08,This is coming fast. Cryptocurrency and smart contracts were the missing link. @trentmc0 summarizes it all very well https://t.co/ICG4YBd603
757488735546122240,2016-07-25 08:12:42,"RT @jononor: Also did jsjob-ethereum, an experiment around #JavaScript computational market based on #Ethereum and #ipfs. https://t.co/0rRr…"
756893641776521216,2016-07-23 16:48:01,"RT @aantonop: #git + #ipfs + #ethereum = #mango. Interesting!

“Mango: Git completely decentralised”
https://t.co/TRBLxbfMME"
756893447043289088,2016-07-23 16:47:14,RT @AkashaProject: #AKASHA Update: Moving Forward On All Fronts https://t.co/qqWjQqTZP1 #ethereum #IPFS #socialmedia #freespeech #dapp http…
745038931486466048,2016-06-20 23:41:38,"RT @sthenc: Regardless of how the DAO / ETH situation plays out, *major* props to @VitalikButerin for this mentality 👏 👏 https://t.co/mdtrE…"
743940033481183232,2016-06-17 22:55:00,RT @el33th4xor: You heard about #Ethereum's send bug. This work scans live contracts to automatically discover other instances of it https:…
743885444555800576,2016-06-17 19:18:05,Wd like to remind everyone today that blockchains RELY on social agreement/contract for security. Eg. Checkpoints secure Bitcoin blockchain.
743878214464901120,2016-06-17 18:49:21,"RT @ArthurB: And THAT's why, you always use formal verification. #TheDAO #tezos"
737965086879387652,2016-06-01 11:12:42,"Great to hear that @The_DAO_Project  already responding to Critical security findings of researchers, like @el33th4xor @VladZamfir etc!"
737951636446978048,2016-06-01 10:19:15,RT @gmcmullen: Panel who will #upgradetheinternet @ChrisLundkvist @trentmc0 @juanbenet @ryaneshea (all rep @IPDBFoundation nodes!) https://…
735805736622694400,2016-05-26 12:12:12,RT @joeerl: A complex name that *never* changes is far better than simple name that might change in the future. https://t.co/wxhZFSe22Z
735698709808193536,2016-05-26 05:06:55,"@JudeCNelson Facebook, for example, did this right. Twitter and Github too, it seems. You can change your name, after all, without disaster."
734876621992296449,2016-05-23 22:40:14,RT @zooko: Every Ethereum/Smart-Contracts researcher needs to read https://t.co/lmGJxAI1xF and https://t.co/c9XsVLPwTo (note the years!).
724924990601224192,2016-04-26 11:36:00,"@ChrisLundkvist for colloquial name, i liked ""The Mesh"" (mesh similar but more secure than web), but clashes with close friend's project"
723702120826998785,2016-04-23 02:36:45,@yeswecode hey! Pls add PayPal or Bitcoin donation? CCs nor giving our mailing address should be required. I just want to support you!
722138700960940032,2016-04-18 19:04:17,Exciting: @CReckhow will give an intro to uPort - dApp for Identity and Attestations on Ethereum (+IPFS). @nicolagreco may give a talk too!
721794534003359744,2016-04-17 20:16:41,RT @openscience: 1991 email by @timberners_lee: He started the Web to #openscience https://t.co/r9JA7ONdar HT @MikeTaylor #force2016 https:…
720372550182670337,2016-04-13 22:06:14,@sciam your link on https://t.co/IejSRgZgVU to  https://t.co/HWe5kra9DN is broken. pls fix? interested in the related bibliography.
718098568037445634,2016-04-07 15:30:14,"RT @gmcmullen: ""Why are we linking to the library? We should link to the book.""—@juanbenet on IPLD https://t.co/qtWor5FRUV (I'm becoming @I…"
717748089109540864,2016-04-06 16:17:34,"RT @barrysilbert: Barclays has just made it ""acceptable"" for a global bank to partner with a bitcoin company. Game on https://t.co/cPgXcZgG…"
717116850916761600,2016-04-04 22:29:15,RT @openbazaar: OpenBazaar is now open for business! Join the peer-to-peer network and start trading with Bitcoin now: https://t.co/5KKFnJb…
717103031586787328,2016-04-04 21:34:20,RT @yaoeo: Web 1.0 = Linking data together. Web 2.0 = Adding programs to make data dynamic. Web 3.0 = Let data link to each other  @juanben…
715328155016421376,2016-03-31 00:01:36,RT @ConsenSysLLC: It's @ChrisLundkvist giving us a #uPort primer at @IPFSbot first NYC meetup! #ethereum #ipfs #blockchain #identity https:…
714902896639348736,2016-03-29 19:51:47,RT @ConsenSysLLC: .@IPFSbot is hosting its 1st #NYCmeetup tomrrow ft @ChrisLundkvist &amp; @JuanBenet #uPort #Ethereum #KYC #Blockchain   https…
709111247447445504,2016-03-13 20:17:50,"RT @barrysilbert: Bitcoin
Ethereum
IPFS
AI 
Drones
Autonomous Vehicles

What an amazing time to be alive (until the machines come, of cours…"
707814675652730881,2016-03-10 06:25:43,"Hey @expensify -- did you remove #bitcoin support? Your guide is gone, cant find it in the admin panels, and no news. What happened?"
702400460142088193,2016-02-24 07:51:34,RT @FEhrsam: What's the most interesting live &amp; working Ethereum app you have used?
701573822076612608,2016-02-22 01:06:48,Bandwidth is huge in humannet too! Can easily take 1EB of packets per link transmission. Though latency is terrible... we move so slowly...
699827561958940672,2016-02-17 05:27:47,"RT @zooko: Hey, if you are good at crypto and you love Bitcoin, Ethereum, privacy, fungibility, please go find the zcash-dev mailing list. …"
698130392373657600,2016-02-12 13:03:50,"@david415 @exiledsurfer @ageis @IPFSbot i think we can pick that up now, we modularized multiaddr, etc. let's talk about it soon."
696900461689991168,2016-02-09 03:36:32,RT @BillGates: Energy R&amp;D is one area where we’ve historically invested far too little. It’s great to see leaders changing course: https://…
696123914674548736,2016-02-07 00:10:49,RT @nylas_crew: Unified Inbox has shipped! 🎉 This is by far our biggest N1 update since launch. Get it while it's hot! 😊💯🔥🚀 https://t.co/jg…
696120219673223169,2016-02-06 23:56:08,RT @hackernewsbot: J.C.R. Licklider on the History of Personal Workstations (1986) [video]... https://t.co/iLAHa5qm5t
696106840313241600,2016-02-06 23:02:58,"Wish universities were allowed to take this more seriously. Stanford/MIT/etc could get to open ended, run-off value creation."
696104802892304385,2016-02-06 22:54:52,"So many expensive problems can be solved/vastly improved by small teams. Case in point: Unix/Linux, HTTP, VCS/Git, Bitcoin/Blockchains ..."
692523627720380416,2016-01-28 01:44:33,"RT @mbostock: “URLs, not names!” he yelled, as the waves and rain crashed around him."
692113238696300547,2016-01-26 22:33:49,"RT @Melt_Dem: thanks @juanbenet for sharing. who wants to go nerd out on the Stellar Consensus Protocol (SCP)? PUMPED.
https://t.co/hjFLjo1…"
692068960829775873,2016-01-26 19:37:52,"@joeerl like it because it allows 1:1 mapping with json, which is useful for compat + largest datastructs, but also streaming, seekable, etc"
691860364422705152,2016-01-26 05:48:59,NYC Distributed Systems / Blockchain  @dmazieres is giving a talk about SCP (Stellar Consensus Protocol) at NYU -- https://t.co/HjDWxvdB9L
690645270284009475,2016-01-22 21:20:38,RT @siraj_raval: New video: The Interplanetary File System Explained https://t.co/cl9f53g1WK @internetarchive @juanbenet @IPFSbot @Bitcoin …
690346545477259268,2016-01-22 01:33:37,RT @zooko: Announcing the Zcash project: https://t.co/8Rfc5NAL1C
690019254402469889,2016-01-21 03:53:04,RT @mafintosh: . @daviddias took this amazing photo of #ArcticJS enjoying the aurora borealis on svalbard https://t.co/XMbOrMihXf
689821574644506624,2016-01-20 14:47:34,"RT @J9Roem: #FullNode includes updated #Bitcoin blockchain, #Tor by default, #GNUPG, @OpenVPN, and #IPFS https://t.co/bywwOmgqGU https://t.…"
687467783668510724,2016-01-14 02:54:26,"RT @GeorgeAHallam: Just 4 months after release, Ethereum already has ~1/4 the number of nodes on the bitcoin network (1354/5712)! #wow http…"
687439416701403136,2016-01-14 01:01:43,"RT @zachpiester: ""The Top 10 Blockchain Startups to Watch in 2016 
https://t.co/KgXDwMRFBo 
#provenance #engima #consensys #ethereum #slock…"
687439144998559744,2016-01-14 01:00:38,"RT @jeffscottward: As far as Im concerned, the forthcoming JavaScript implementations of Ethereum and IPFS = the singularity. Damn, at 27 I…"
679777172559544322,2015-12-23 21:34:42,"RT @EuropesHistory: Klementium Library, Prague, was opened in 1722 &amp; from 1781 has been the 'Biblioteca Nationalis' for Czech literature ht…"
678851085755244544,2015-12-21 08:14:45,@ChrisLundkvist that way can just follow ipfs links to get whole chain of trust. Can do same with algos: can even link through to algo code
678850807589040128,2015-12-21 08:13:39,"@ChrisLundkvist when do you need it? I have this roughly speced. I used ipfs objects though, to get a signed key to link to signer key."
677918113887870978,2015-12-18 18:27:28,@DavidDeutschOxf curious what you think re conjecture ET civ comm is encrypted (uniform dist) &amp; obfuscated (stellar phenom) @SamHarrisOrg
677159251043852288,2015-12-16 16:12:01,RT @StartupLJackson: I'm going on the record to say the killer app for Bitcoin is not turning $1 of electricity into $.50 of BTC. https://t…
675102480879980545,2015-12-10 23:59:08,"RT @tensorjack: Just finished fixing up #Augur's comments system -- now fully decentralized, courtesy of #IPFS! https://t.co/kOpJaY6imO #et…"
669755041608155137,2015-11-26 05:50:20,"RT @torproject: Dear #bitcoin donors, our temporary @bitpay donation limit is $10,000 per day :) #FirstDayProblems #SupportTor https://t.co…"
667553008243179520,2015-11-20 04:00:14,"@ChrisLundkvist @IPFSbot i guess it should be ""ENS"" not ""eth""."
667525796739715072,2015-11-20 02:12:06,"... what's more wasteful? Total energy wasted mining Bitcoin, or the DNS registrar ""industry""? hmmmmmmmmmmmm"
666999464385736704,2015-11-18 15:20:39,"@smallpdf curious what tools you use to compress pdfs, etc. is the code open source? imagine compression can happen in browser in js, too"
663750245696827392,2015-11-09 16:09:25,RT @ethereumproject: .@juanbenet presenting on IPFS (@IPFSbot) at Ethereum’s DEVCON1. #Blockchain #future https://t.co/JJa228H0zl
663333384849137664,2015-11-08 12:32:57,RT @doctorow: EU wants to require permission to make a link on the Web https://t.co/4L31AhhDYM https://t.co/J5McowZZXN
658812461970268160,2015-10-27 01:08:25,"RT @fightfortheftr: It only takes a second to retweet this, but if we don't stop #CISA, we'll regret it forever. https://t.co/9Yip2l0bDe ht…"
657484461324394496,2015-10-23 09:11:25,"RT @tensorjack: #Augur's accounts system is now fully decentralized, courtesy of #Ethereum and #IPFS! Combination of these two techs is lik…"
657484394408513536,2015-10-23 09:11:09,"RT @redecentralize: https://t.co/VoN5jxm7xP is distributed image hosting based on IPFS, there's a Hacker News thread about it right now: ht…"
656643866162888704,2015-10-21 01:31:12,"Excited for IPFS meetup tonight! Dim sum, 7:30, @srcgraph I hear a distributed 4chan on #ipfs + #ethereum is demoing https://t.co/2KxZ4zRlzD"
651824854644060160,2015-10-07 18:22:10,@brycebaril Whoops on forgetting be name!!! Thank you very much for the fix!
651512662375821312,2015-10-06 21:41:37,"RT @daviddias: @tmpvar @juanbenet it's a wireless optical link with speeds up to 1Gb , fully open source hardware http://t.co/OI8ZlBSztg :D"
651432233106980864,2015-10-06 16:22:02,"@diogomonica and on storage, we can do it and decompress to check hashes (or define compressed rep to be canonical), haven't needed to."
651302262661382145,2015-10-06 07:45:34,"@diogomonica for proper Unix-complete (perms, xattrs, etc) reconstruction, give me a few days."
644968601494155264,2015-09-18 20:17:52,"RT @exiledsurfer: ""we're doing to websites...what #Bitcoin did to money."" -@juanbenet , chief architect of http://t.co/KFyWYH5w9E"
644180573259481088,2015-09-16 16:06:31,Thanks to achin/eminence. Help replicate it with:  ipfs pin add -r /ipfs/QmeZnaoktRvs3Ek8pQNyj8BbrkKuJ5Ez6JHi32dazL7cEJ
642489374840619009,2015-09-12 00:06:18,"RT @_alanshaw: The merkle forest, the entire Unix file system and the entire web - much hype(r) about #IPFS @containercamp"
639994108166049792,2015-09-05 02:51:00,"It's not static assets, seems the HTTP servers' timeouts (TLS handshake, proxypass, request, etc) are just configured for faster users."
635167137871622144,2015-08-22 19:10:21,"@yuvadm @shiromarieke the point i'm making is ""p2p"" has a bad rep precisely because of assumptions like this! I speak of 100% legal uses!"
634135813865934848,2015-08-19 22:52:14,RT @NickSzabo4: What happens when the managers and investors ignore the engineers and scientists #Bitcoin http://t.co/xldNquSnHv
631281936309329920,2015-08-12 01:51:56,RT @containercamp: We're very excited to announce @juanbenet of Protocol Labs as a speaker at Container Camp LDN https://t.co/I1rcplTWG1 ht…
627151768900739072,2015-07-31 16:20:08,@hpk42 would you like to make a blog post and put it on our (new) blog with link to the talk? We're making a queue of posts. (3)
621505225606565889,2015-07-16 02:22:47,"@dominictarr @petertoddbtc @zooko multihash works now. missing one 1thng: add opts to preimage if trunc (prefix collisions, HT eternaleye)"
617295563634012160,2015-07-04 11:35:05,"Capture screenshots, publish them to IPFS, and copy the link to the clipboard -- https://t.co/ktfhwD6OG7 (OSX and maybe linux)"
616890205073616897,2015-07-03 08:44:20,"RT @Johnamoroso_YO: Music Row, Meet Streaming P2P @charley #IPFS: This will once again morph the economics of digital music distribution ht…"
607397423200141312,2015-06-07 04:03:25,"RT @brewster_kahle: 40,000 books for free in Berkeley today+tomorrow! from @internetarchive , via @BayBookFest &amp; https://t.co/tERIoRq0Pn ht…"
602858988192079873,2015-05-25 15:29:18,"@mtrimpe interesting! not familiar w. elephant, thanks for link. papers.push(elephant). what's the ""idea fringe"" of this thread? cc @davidad"
592758670154407936,2015-04-27 18:34:14,@zmanian have a link?
592108119108423680,2015-04-25 23:29:11,RT @barinov: IPFS magic by @juanbenet at @blockchainU #bitcoin #developers &lt;3 #ipfs http://t.co/1VQcT6CJ3N
591064676278018048,2015-04-23 02:22:54,"@bascule @taoeffect @KentonVarda @zooko  ""blockchain"" just means shared ledger built by WAN (untrusted/crypto-economic?)-consensus protocol."
591061869017759745,2015-04-23 02:11:45,"@KentonVarda @zooko @bascule yeah i don't think it's a good status quo. sucks we don't have something better, but shouldn't make it worse"
586078765534445568,2015-04-09 08:10:41,"@substack @progrium at least in infrastructure software. Not fully so yet in hardware, bio, manufacturing, etc. Though moving towards fast."
586078020391215106,2015-04-09 08:07:43,@curious_reader thanks! and yep! Am a fan of camlistore. Hope to collab in future and at least link between systems.
584934872097038337,2015-04-06 04:25:15,@maxogden idk if I can trust bob... I hear jim's better. Either can probably record txns faster than bitcoin though...
584567414030897154,2015-04-05 04:05:06,"Whoops -- i misdirected with the twitter link on #|'s page. I'm @juanbenet here, not @jbenet."
584559283376791553,2015-04-05 03:32:48,@taoeffect yeah it's exciting to read people's responses etc.
584175642381385729,2015-04-04 02:08:21,RT @johnregehr: best project name or best project name?? http://t.co/z4o23osW13
583381531923640320,2015-04-01 21:32:50,"Amazing. Thanks to all the researchers, doctors, etc who helped Steven save his life https://t.co/4audtPWfaL"
581162519584215040,2015-03-26 18:35:16,"@github PLEASE add granular permissions!!! It's been _years_. No, my cal (@sunrise) DOES NOT require r/w access to code for milestone dates"
580692633778987009,2015-03-25 11:28:07,"Making it possible to audit + badge open libs and websites. Can have a ""Green Lock Icon"" UX equivalent for ""is this lib/site's impl safe""."
578143624581525504,2015-03-18 10:39:16,@fnxTX @prestonjbyrne @buchmanster @BrownleeMathew oh and DRAFT 3 is pretty bad rep of IPFS at this point -- protocol has evolved lots.
578143243797409792,2015-03-18 10:37:45,"RT @MeherRoy: Is there a link b/w the MAYA Trillions ""containerisation of information"" hypothesis and IPFS? @IPFSbot @juanbenet https://t.c…"
574011713969725440,2015-03-07 01:00:31,RT @shazow: What's a good issue label name to imply that it's a good issue for those not super-familiar with the codebase? Don't like [Newb…
573213563893903360,2015-03-04 20:08:58,. @MeherRoy yeah-- have been using that name to mean IPFS + other things
573206027190968320,2015-03-04 19:39:01,". @MeherRoy e.g. you can make a ""consensus blockchain"" (a ledger) out of any old byzantine consensus protocol, not just bitcoin's. (3)"
572024369939013632,2015-03-01 13:23:32,"@gitenterprise does gerrithub sync github PRs automatically, and set the PR commit status? (i.e. yellow during CR, green once CR is done)"
569455800596320256,2015-02-22 11:16:57,"RT @simondlr: Last time I got this ""whoa"" feeling about new tech, it was Bitcoin. IPFS is really magical. http://t.co/mePqUvbofl"
545762662131310592,2014-12-19 02:08:53,"RT @kragen: IPFS's Juan Benet calls Git's (and Bitcoin's) data structure a ""Merkle DAG"", which is exactly the right term."
542028033113071616,2014-12-08 18:48:48,@peakscale @nldesai thanks for cc! -- Van's talk's is cut off in that link. Anyone have the full thing? -- afaik CCN is lower level (layer2)
537713239539589120,2014-11-26 21:03:21,@github I don't want to give every random app R/W access to ALL my repos just to let it use one. What's the point of private repos then?
535505135087386624,2014-11-20 18:49:08,Every single time I paste a link somewhere I wonder how long (or how little) it will last. Someday someone will suffer a broken link.
