id,created_at,text
1113142896176197632,2019-04-02 18:15:22,"RT @VoltzRoad: The year is 2150: Bitcoin turns out to be insecure without block rewards. A market emerges, however, for the individual hash…"
1108442102407401472,2019-03-20 18:56:05,"RT @h4shr8: Episode 9 is live!

This week, cypherpunk, #bitcoin pioneer, and the CTO of @CasaHODL, @lopp joins us to discuss why most of us…"
1108404062674780160,2019-03-20 16:24:56,"RT @NickSzabo4: Bitcoin's smaller argument surface increases its social scalability: ""The more functions a currency has, the more things th…"
1107858072012099590,2019-03-19 04:15:22,"RT @BtcpayServer: Don't buy Bitcoin - earn it. Stacking sats the self-sovereign way: ""How to earn Bitcoin by using BTCPay Server"" 

https:/…"
1107759990113103872,2019-03-18 21:45:37,ht to the polymath Tim May for pointing out to me the likely importance of coastal villages as technological leader… https://t.co/L3tvByU7Jr
1107741504338972672,2019-03-18 20:32:10,"The brown rat seems to have started its career as vermin, eating food stored by &amp; for humans, in the same general r… https://t.co/pYrBkGkLXA"
1107688695392399360,2019-03-18 17:02:19,RT @fnietom: 1/ It surprises people that Satoshi used the term timechain instead of blockchain in the first releases of Bitcoin (https://t.…
1107475678067195904,2019-03-18 02:55:52,RT @EcoSenseNow: It was actually not until 2007 that @Greenpeace first cleansed my name for the list of Founders. I was still listed on Feb…
1107388008192303105,2019-03-17 21:07:30,RT @quin_solo: This is the how we started. We wanted to be self-sovereign and earn our bitcoin. BTCPay server made it all possible! https:/…
1107011094139162624,2019-03-16 20:09:46,"RT @EcoSenseNow: Oh my! @Google has removed my photo and name from the ""Founders of @Greenpeace"". It was still there 2 days ago but now I a…"
1106750123436965888,2019-03-16 02:52:46,RT @NickSzabo4: The frequency with which sparsely populated nomads conquered populous stationary societies seems paradoxical until we reali…
1106660360688328705,2019-03-15 20:56:05,"RT @fernandoulrich: Fractional Reserves, Maturity Mismatching, Liquidity.

A long needed and essential thread on #Bitcoin and Banking (and…"
1106337872745885696,2019-03-14 23:34:38,"RT @TuurDemeester: Slippery language by Tether. ""100% backed"" &lt;=&gt; ""may also include receivables from loans issued"". Imo this is a clear tra…"
1105985215078457344,2019-03-14 00:13:18,"RT @NickSzabo4: The Cantillon effect: ""the first ones to receive the newly created money see their incomes rise, whereas the last ones to r…"
1105570254099353600,2019-03-12 20:44:23,RT @marshalletaylor: We put together this visual timeline of #bitcoin's most storied moments. From the preBitcoin work of @NickSzabo4 or @c…
1105329229636427776,2019-03-12 04:46:39,RT @Catheryne_N: I just published #Ethereum Woes https://t.co/hrwDSpggoq
1105315489884987392,2019-03-12 03:52:03,RT @lopp: Big scary nodes lead to Ethereum Woes H/T @Catheryne_N https://t.co/7iP6gJN8nH https://t.co/70DYBpi8xk
1105310141333745664,2019-03-12 03:30:48,"RT @SatoshiChela: 1/2 Must follow guys who are spreading the light of Bitcoin:
@NickSzabo4 (his writings are all worth writing in Gold)
@ad…"
1104836281425518592,2019-03-10 20:07:51,The frequency with which sparsely populated nomads conquered populous stationary societies seems paradoxical until… https://t.co/eeaHXNc0qe
1104605587722006534,2019-03-10 04:51:09,@AdamEliotCooper @SohrabAhmari @IlhanMN Invade the world and invite the world. ht @Steve_Sailer
1104583258346409985,2019-03-10 03:22:25,RT @NatureisScary: Komodo Dragon attacks poor goat https://t.co/RPpTgZj9FJ
1104227052058640385,2019-03-09 03:46:59,"RT @TokenHash: ""Social scalability is much more important than computational scalability.""

--Nick Szabo

Money, blockchains, and social sc…"
1104189022270705664,2019-03-09 01:15:52,RT @kyletorpey: Bitcoin users in Canada are being targeted with audits by the Canada Revenue Agency (federal tax agency). Attached are some…
1103832540794675200,2019-03-08 01:39:20,"RT @senseisystem: #DontTrustVerify #Bitcoin

‘Trusted Third Parties are Security Holes’ by @NickSzabo4 

https://t.co/OgAxhF1Rzn https://t.…"
1102791758608457728,2019-03-05 04:43:38,"RT @ddelruss: Good sense on certain Bitcoin uses for a struggling economy, 2015 Greece in this case. I think 2018/19 Venezuela has been emp…"
1102657775736246272,2019-03-04 19:51:14,RT @StephNogales: Newbies in Venezuela get into bitcoin by selling food or services and pay directly with bitcoin. It can't be that hard on…
1102314083326427136,2019-03-03 21:05:32,"RT @fittysebum: At 1:22:26 @NickSzabo4 and @eiaine presentation on ""Weak Signal Radio Communications for Bitcoin Network Resilience""
https:…"
1102313720347209728,2019-03-03 21:04:05,@pwkad @_jillruth @coinbase @brian_armstrong Are they covered by the same regulations as banks there? And do said r… https://t.co/0lhoUEqIgy
1102310780282630144,2019-03-03 20:52:24,@pwkad @_jillruth @coinbase @brian_armstrong It depends who is receiving the data. In some cases they are legally r… https://t.co/dR1tmFECUZ
1102309882080878593,2019-03-03 20:48:50,"RT @pierre_rochard: @sheikki @rtayag @NickSzabo4 The three universal phases of Bitcoin usage:

1. Utility (receiving btc)
2. Speculation (h…"
1102248031515107328,2019-03-03 16:43:04,"RT @HaavardNord: These fat trusted third-partys are security holes. - @NickSzabo4

Bitcoin doesn't need Coinbase.
We have to educate newbs…"
1102073819794092032,2019-03-03 05:10:48,RT @hasufl: The absurd growth rate of the EOS blockchain shows again why networks need TX fees. When transaction costs are socialized on fu…
1102073378586812416,2019-03-03 05:09:03,"RT @bennyjohnson: I had the privilege of filming the story of these young freedom fighters. 

They were born in Venezuela and lived under R…"
1102069735703732224,2019-03-03 04:54:35,"RT @BobMcElrath: ASIC ""resistance"" is opening yourself to attack by the combined hashrate of Nicehash + Ethereum + Monero + Grin + Zcash.…"
1101950962661376000,2019-03-02 21:02:37,"RT @eiaine: @pierre_rochard I'd be more worried if NYTimes said ""Bitcoin *hasn't* failed."" Receiving approval from NYT is basically like ge…"
1101950695979151360,2019-03-02 21:01:33,"RT @pierre_rochard: There are 4 million NYTimes subscribers

There are 7 million Bitcoin users

NYTimes has failed to get mainstream consum…"
1101661989204443137,2019-03-02 01:54:20,"RT @Beautyon_: ""I presume people who publicly talk about Bitcoin needing rules understand the only rules are the ones in their own node. Be…"
1101574766719201282,2019-03-01 20:07:45,RT @eiaine: Bitcoin is making ham radio cool again! https://t.co/DBqCixd3dw
1101298139883962368,2019-03-01 01:48:32,"@BitGoldNinja @HereNowDanny That's a good question. It's a matter of convention: wallets, exchanges, etc. treat it… https://t.co/6IgVkaHGwb"
1101297045388709888,2019-03-01 01:44:11,"RT @BitGoldNinja: 'Bitcoin is not a list of cryptographic features, it's a very complex system of interacting mathematics and protocols in…"
1100971924853710848,2019-02-28 04:12:16,RT @yhazony: Attorney-client privilege is another inherited tradition. Overthrow the traditions and it too will become a dead letter. The r…
1100942031063400449,2019-02-28 02:13:29,"RT @NickSzabo4: How blacklists work (used in KYC/AML, anti-virus software, etc.).  Blacklists and whitelists are based on identity, which i…"
1100813531639730176,2019-02-27 17:42:52,"RT @coreyj_miller: The EOS blockchain is pretty big. Like 4TB big, and growing rapidly. Out of 21 elected block producers, only 2 (10%) run…"
1100790895006208001,2019-02-27 16:12:55,"How blacklists work (used in KYC/AML, anti-virus software, etc.).  Blacklists and whitelists are based on identity,… https://t.co/lN9aGsLMph"
1100255303474470913,2019-02-26 04:44:40,"RT @misir_mahmudov: Bitcoin doesn’t care:

- what color you are
- what sex you are
- what age you are
- what your religion is
- who your pa…"
1100115288048062464,2019-02-25 19:28:18,"@richiekp101 @rudileismann @EconTalker Also boycotts, embargoes, sanctions, etc."
1100108666785521665,2019-02-25 19:01:59,"@dan_talmon A gun can help with the key management, but generally speaking yes, Bitcoin greatly reduces the amount… https://t.co/JvMfonPAnz"
1100068348358881281,2019-02-25 16:21:47,"RT @Stadicus3000: Received a package from @21isenough today, with a printed #Bitcoin #LightningNetwork invoice on the box for me to pay for…"
1099825072800296961,2019-02-25 00:15:05,"@TradingEveryth1 @RadagastTBrown @Excellion Or, you could actually hold and validate your own Bitcoin. The software… https://t.co/zn4jHzxsoe"
1099781274036711424,2019-02-24 21:21:03,"@Excellion This doesn't account for variation in demand, which is what produces Bitcoin's volatility. It will very… https://t.co/3h2HnSSDnJ"
1099363996791070720,2019-02-23 17:42:56,@theinstagibbs Sounds like Bitcoin carnivory has suffered in the bear market.
1099342306304389122,2019-02-23 16:16:45,@midmagic @socrates1024 @adam3us @ecurrencyhodler @IEEESSP @pwuille @Blockstream I'm not part of the /r/btc/BU crow… https://t.co/cn3ELbzcWi
1099324987876421632,2019-02-23 15:07:56,"RT @WhalePanda: ""Bitcoin trader tortured with drill"" in the Netherlands.
The robbers were dressed as police with bulletproof vests and mask…"
1099319490783793152,2019-02-23 14:46:05,"RT @adam3us: @NickSzabo4 See also @bergealex4 ""Tao of Bitcoin Development"" which elaborates on the connection between FOSS, IETF and TCP/IP…"
1099099963982733314,2019-02-23 00:13:46,"RT @nic__carter: @bitstein Betty makes her money from bitcoin and tasty roast meat. Be like Betty. 

https://t.co/0HqaFp2vgF"
1098956460908699648,2019-02-22 14:43:32,RT @lopp: EOS has achieved the big blocker vision to a degree that Bitcoin forkers can only dream of. https://t.co/ayzXvrvnjz
1098687931517001728,2019-02-21 20:56:30,@Macr0chip @CountTweet @LukeDashjr @TokenHash @pyskell @fluffypony Please link us to the best primary sources on ho… https://t.co/XgXwwPfBo0
1098631697438916608,2019-02-21 17:13:02,"RT @TheCryptoconomy: 🔥🎙️ Today's #Bitcoin #Audio Article! ☕️🤓

Covering another awesome piece that I've been really wanting to get to! 

@N…"
1098620113673179136,2019-02-21 16:27:01,"RT @gaborgurbacs: Make time to watch this educational series with @NickSzabo4. Topics: history of money, Bitcoin, gold, blockchains, smart…"
1098612929358753793,2019-02-21 15:58:28,"RT @Beautyon_: This is true, and it is why people who understand this are unalterably opposed to KYC/AML in Bitcoin. Who is buying what can…"
1098598730368991232,2019-02-21 15:02:02,@CountTweet @LukeDashjr @TokenHash @pyskell @fluffypony I haven't seen anybody look into this particular Dash featu… https://t.co/xAqJk8Qy2s
1098434281414639617,2019-02-21 04:08:35,"RT @MihailoBjelic: Zether (by @benediktbuenz, Dan Bohen et al.) is the first privacy mechanism built specifically for Ethereum, i.e. accoun…"
1098405006863003648,2019-02-21 02:12:15,@r81ne @ryan_ness @eiaine @brian_trollz @jack @tippin_me @CashApp You work for somebody and they pay you in Bitcoin.
1098354207596269568,2019-02-20 22:50:24,"RT @eiaine: @brian_trollz @jack @tippin_me why do bitcoin ppl shit on coinbase and bitpay, but are totally stoked on custodial wallets like…"
1098336530622345216,2019-02-20 21:40:09,"@LukeDashjr @TokenHash @pyskell That said, I don't know how (or if) Dash solves the problem of preventing Sybil att… https://t.co/3blhQLmcvb"
1098329232164306949,2019-02-20 21:11:09,"@LukeDashjr @TokenHash @pyskell Luke, what do you think of Dash's system for remunerating full nodes?  This debate… https://t.co/AmJhYgCpPT"
1098285756047515649,2019-02-20 18:18:24,"RT @TokenHash: ""The Corporate Capture of Ethereum Classic by ETC Labs"" - @TokenHash https://t.co/H0UrR3sDqR https://t.co/OTILeUARNo"
1098014069041225728,2019-02-20 00:18:48,RT @simongerman600: All the World’s Billionaires in a Single Map. Source: https://t.co/q5zCMX7N4e HT @howmuch_net https://t.co/MllAClHjBf
1097904425518063616,2019-02-19 17:03:07,"@Eddie_Michael21 @bquittem Bitcoin would, in economic essence, turn into bit gold:

https://t.co/fTinXqXLQ4

Essent… https://t.co/8wPtMDMf6L"
1097903262835982337,2019-02-19 16:58:30,@bharathrao @bquittem That's by far the most likely outcome among current Bitcoin cognoscenti.  But if you took a v… https://t.co/pjtelVbnY4
1097899087427395585,2019-02-19 16:41:55,"@bquittem Bitcoin's unforgeable costlines provides a secure, albeit complicated and risky, fallback supply limit sh… https://t.co/yzTbcncXbD"
1097898121550487552,2019-02-19 16:38:04,RT @bquittem: Bitcoin isn't gold coins... it's the gold element https://t.co/jk5tcAEa0a
1097034440528687104,2019-02-17 07:26:07,@adam3us @MrHodl @nic__carter @Truthcoin This smacks of asking for volunteers to mine despite having unprofitable r… https://t.co/Pp9WC9AivP
1096986816714964992,2019-02-17 04:16:52,"RT @DDGaddis: @NickSzabo4 Internet? Where we’re going, we don’t need the internet

#RIPLincolnLiquidity 

#Bitcoin Successfully Sent Cross-…"
1096828040762482688,2019-02-16 17:45:57,"RT @SciHiBlog: On February 16, 1822, the cousin of Charles Darwin, Sir Francis Galton was born. Galton the polymath, was known for his fund…"
1096827758842327040,2019-02-16 17:44:50,"RT @bisq_network: Reminder: Bisq offers you the ability to arrange face-to-face cash trades for bitcoin.

You know, to step around the whol…"
1096757487229784064,2019-02-16 13:05:36,RT @remyers_: This is why exchanges collecting KYC puts their users personal data at risk the same way being a BTC custodian puts their fun…
1096297313054539776,2019-02-15 06:37:02,RT @sukru09347068: I triple-love bitcoin because it can't be controlled. https://t.co/rCjxL2lIZJ
1096289169423233025,2019-02-15 06:04:40,@Stop_Groupthink @realLudvigArt @AOC An awful thing for Ethereum. 😬
1096282662195519488,2019-02-15 05:38:49,@realLudvigArt @AOC All the cool progs love hi tech and double-love Bitcoin until they figure out they can't control it.
1096257749162160129,2019-02-15 03:59:49,"@miraclebet Yes, but intelligent people who are motivated to learn about Bitcoin already know the answers to these… https://t.co/eblKArF2kC"
1096136982718078976,2019-02-14 19:59:56,RT @danheld: JPMorgan's Crypto Coin Puts Ripple's Relevance in Question https://t.co/vz3QmoAzMu
1096113685615890432,2019-02-14 18:27:22,"RT @SamuelPatt: Two of my favorite things, Bitcoin and amateur radio.

Bitcoiners should seriously consider learning more about how radio w…"
1095901742821138432,2019-02-14 04:25:11,"RT @kyletorpey: $EOS raised $4 billion and has a network value of $2.6 billion.

$ETH raised $18.3 million and has a network value of $13 b…"
1095884693604462592,2019-02-14 03:17:26,"RT @wikileaks: The Bernie Madoff of #Bitcoin, Craig S. Wright, who keeps forging documents to make it seem that he is Bitcoin's pseudonymou…"
1095477329881554944,2019-02-13 00:18:43,"RT @phil_geiger: In order to kill #Bitcoin, you now have to shut down the internet, satellites, and the ionosphere. https://t.co/ESvpXUjrZK"
1095471796982149120,2019-02-12 23:56:43,Bitcoin sent over national border without internet or satellite -- just nature's ionosphere. https://t.co/IKCAXGs9fW
1095357942239453184,2019-02-12 16:24:18,"RT @stephanlivera: SLP52 @jack (CEO @square) &amp; @starkness (CEO @lightning) - Bitcoin: Native Currency of the Internet

Enjoy the podcast, a…"
1095220237463482368,2019-02-12 07:17:07,"RT @lopp: Welcome to Bitcoin, newcomers! Here's your FAQ:

Q: Who should I trust?
A: Nobody.

Q: When should I sell?
A: Never.

Q: Is Bitco…"
1095094549012045824,2019-02-11 22:57:41,"RT @cryptoidshop: An open thread:

Just listened to @stephanlivera pod SLP52 @jack (CEO @square) &amp; @starkness (CEO @lightning) - Bitcoin: N…"
1094867300191105024,2019-02-11 07:54:40,"@traderpd @SimonClarkeMP @mattwridley I don't know about the politics, but it does have a lovely British name."
1094856526114611200,2019-02-11 07:11:51,RT @bigfatsurprise: #EATLancet primary funder  investing in dirty fuels. Then funds a report to blame global warming mostly on animal ag ht…
1094696951205965824,2019-02-10 20:37:46,"@robep00 @Ragnarly @saifedean @__torus @La__Cuen Yes, and states, constitutions, etc. are not opt-in."
1094685275257634821,2019-02-10 19:51:22,"RT @GovMikeHuckabee: Here's the link to article exposing the phony ""fact checkers.""  Read it and don't believe the ""fact checkers"" again un…"
1094487420584701953,2019-02-10 06:45:10,"RT @realLudvigArt: If you are politically active &amp; don't own any #Bitcoin, you are doing it completely wrong. Better yet; if you are alive…"
1094397410569183232,2019-02-10 00:47:30,@BradCLemley @TuurDemeester @martijnbolt The biggest ones for gold vs. Bitcoin are likely the physical security and… https://t.co/nNnvu6xhqd
1094390720264208384,2019-02-10 00:20:55,"@TuurDemeester @martijnbolt Weight or control is not why central banks hold gold, and it wouldn't be why they'd buy Bitcoin."
1094314464357183488,2019-02-09 19:17:54,"@Ruminorang @KetoAurelius This has also been abused by meta-studies that purport to find ""no link between X and Z""… https://t.co/zQq5tSNtWN"
1094309298161606656,2019-02-09 18:57:22,@Ruminorang @KetoAurelius We have big enough challenges trying to link controllable causes (food in the mouth) with… https://t.co/ZYSUmevuzM
1094257680745562114,2019-02-09 15:32:16,@opchecksig @DicksonBuchanan @YangVentures @pierre_rochard Besides Bitcoin's better security (with good key managem… https://t.co/7DPGR9xgwx
1094063282766245888,2019-02-09 02:39:47,RT @C_Bendiksen: 1/ Last week @CoinSharesCo released our latest report on #bitcoin mining along with a follow-up Medium post detailing some…
1093974172462534656,2019-02-08 20:45:42,"@esaulgd @nic__carter @MattAhlborg @alegw ""Mainstream"" interest in Bitcoin has seldom produced anything better than… https://t.co/jJOU6NKnde"
1093932479814103040,2019-02-08 18:00:02,"RT @pierre_rochard: Bitcoin is a socially scalable neutral money, perfect for enemies.

Bitcoin is for vegans and carnivores.
Bitcoin is fo…"
1093717846536839168,2019-02-08 03:47:09,@Ragnarly @TokenHash OMG that would be an encyclopedia. Which nobody wants to read or write. It's too horrid to go… https://t.co/9ohdoTz7XO
1093666212070842368,2019-02-08 00:21:58,"RT @RealSaavedra: Socialist Rep. Alexandria Ocasio-Cortez (D-NY) calls for ICE to be completely defunded

Earlier this week, an illegal ali…"
1093636617380651008,2019-02-07 22:24:23,@ChainRiftEOS @eosnewyork @lopp I will be happy to promote to my Twitter audience good write-up(s) of the EOS arbit… https://t.co/Tf88HGa1fs
1093629162651144192,2019-02-07 21:54:45,"RT @vandrewattycpa: ⚠️🚨, @QuickBooks is discontinuing its native Bitcoin integration on March 7 (which was through Bitpay and Coinbase).

T…"
1093612835588820992,2019-02-07 20:49:53,"RT @NickSzabo4: @Ragnarly @lopp No hack required, just pulling a bait and switch by pretending that EOS works like a normal cryptocurrency…"
1093612737274335232,2019-02-07 20:49:29,RT @NickSzabo4: @Ragnarly @lopp The interesting thing here is that you can move the wealth to a centrally reversible platform like EOS and…
1093611168697004032,2019-02-07 20:43:15,"@IconiqPat @Ragnarly @lopp Nope, it's taking advantage of EOS's centralized adjudication. Piercing a pseudo-decentralized veil."
1093610451437404160,2019-02-07 20:40:24,"@Ragnarly @lopp No hack required, just pulling a bait and switch by pretending that EOS works like a normal cryptocurrency is required."
1093603883652329472,2019-02-07 20:14:18,@lopp Great then they can forget about the courts and take back their money via an EOS adjudication. Aren't trusted third parties grand?
1093598117004435456,2019-02-07 19:51:23,"RT @matt_odell: bitcoin never sleeps*

*99.98% uptime since Jan 3 2009 02:54:25 GMT https://t.co/OoX3XcdApx"
1093597924678721536,2019-02-07 19:50:37,@robasu7_rob @r81ne Bitcoin has weak anonymity -- it doesn't depend on ID for its security or use. So it doesn't ha… https://t.co/nIWbeap0i5
1093595028222406662,2019-02-07 19:39:07,"RT @peterktodd: (fixed) Zcash counterfeiting vulnerability: https://t.co/MhB39pRCfo

""This vulnerability is so subtle that it evaded years…"
1093567364484915200,2019-02-07 17:49:11,"RT @ICrypto888: Now you can play #Chess with #Bitcoin on the #LightningNetwork thanks to @koalastud_io!

New #Lapps are developing. New use…"
1093358884406800384,2019-02-07 04:00:46,"@r81ne Wow did you miss some good drama that eventually resulted in Bitcoin Cash, SegWit, the thankfully DOA SegWIt… https://t.co/zp41prs1FK"
1093355960351916032,2019-02-07 03:49:09,@rodtorresgarzon Hi to Bitcoin people in Paraguay!  But I'm not currently scheduled to go there and say hi in person.
1093269845112610816,2019-02-06 22:06:57,"Indeed, back during the block size debate when Bitcoin core devs were  being pressured by obsessive performance-fre… https://t.co/d7a2fOVlYW"
1093207881732653057,2019-02-06 18:00:44,"RT @nancyscola: For all of you following the ‘how did Rep. Ocasio-Cortez get @AOC, when it seems like all the good handles are taken?’:

Pe…"
1093207643794038784,2019-02-06 17:59:47,"RT @bigfatsurprise: .@AOC Admire you greatly, but before you tell NYC school children to give up milk and meat, consider that you may not r…"
1093171996836298752,2019-02-06 15:38:08,RT @mtracey: Twitter is on the verge of treating naturally-proliferating memes as “targeted harassment” just because certain people in the…
1093169018695966720,2019-02-06 15:26:18,"RT @aantonop: A defense of anonymity in payments by @jerrybrito in a policy briefing:

""The Case for Electronic Cash""

(PDF download link b…"
1093164997520191488,2019-02-06 15:10:20,"@paulapivat @VladZamfir @CleanApp @isTruStory People who want to know my opinion read my actual words, they don't r… https://t.co/qUiwdc0AuB"
1092887225140834304,2019-02-05 20:46:33,Bitcoin security would not be irreparably degraded if hash power decreased over the long run. The worst consequence… https://t.co/fBGfLg6feA
1092791770142801920,2019-02-05 14:27:15,"RT @pwuille: Slides for my presentation at the Stanford Blockchain Conference today, ""Miniscript: practical composability for Bitcoin scrip…"
1092222319907332096,2019-02-04 00:44:28,@PatrickBP98 No time alas but I love the name!
1091488629896077313,2019-02-02 00:09:02,RT @adam3us: @_drgo @lopp cypherpunk is a state of mind - a proactive approach to societal change by doing: building and deploying tech - r…
1091441604638851072,2019-02-01 21:02:11,"RT @bitstein: It's FULL NODE FEBRUARY.

Running a full node is how you ensure financial sovereignty on the Bitcoin network. Your challenge:…"
1091225685559889920,2019-02-01 06:44:12,"RT @jmcorgan: It is against this backdrop Bitcoin emerged as an alternative monetary system, encoding into its rules strictly limited and p…"
1091225092690853888,2019-02-01 06:41:50,RT @jmcorgan: Built within the Bitcoin design is the concept of independent validation and verification of both the money supply and indivi…
1091217927657873409,2019-02-01 06:13:22,"RT @gatewaypundit: Anti-Trump Censorship Group Newsguard Is Now Directing Advertisers to Avoid Pro-Trump Publishers  @LibertarianBlue 
  ht…"
1090799157382508544,2019-01-31 02:29:19,"RT @peterktodd: Venezuela’s ruling regime just froze opposition leader Juan Guaid's bank accounts.

This is why we need Bitcoin, and even m…"
1090440284268199937,2019-01-30 02:43:17,"RT @lopp: As advances in ASIC technology have slowed, bitcoin mining has become more competitive and hashrate is more distributed. https://…"
1089694307957714944,2019-01-28 01:19:03,RT @cryptoretreat: From CryptoDaily - Kyle Torpey: Privacy-Focused Wasabi Wallet Adds Mixing for Larger Bitcoin Amounts https://t.co/Ah1Dth…
1089645928510775296,2019-01-27 22:06:48,@DrLinus_Crypto @nic__carter $30 billion and can't find most of the $300 Bitcoin nodes.
1089607826815602688,2019-01-27 19:35:24,"RT @billy_btc: Another great #Bitcoin Reading Group video chat!

This week we discussed @NickSzabo4's essay ""Money, Blockchains, and Social…"
1089600464537223168,2019-01-27 19:06:09,"RT @bchaininstitute: Nick Szabo is a computer scientist, cryptographer, &amp; a respected name in the world of cryptocurrency. This crypto-pion…"
1089054333356826625,2019-01-26 06:56:01,"RT @BasedPoland: This is how #Macron's police treated #GiletsJaunes protesters last week. 

They almost killed this woman in the video (bat…"
1088239778422611968,2019-01-24 00:59:16,"@0xstark Such an absurd criticism is an entirely fair response to Ethereum's absurd marketing (""Web3.0"", ""world computer"", ad nauseum)."
1088184472116162560,2019-01-23 21:19:30,"RT @100trillionUSD: If you have not read these articles of @NickSzabo4, or have questions about why bitcoin has value ... please stop with…"
1086438902414462976,2019-01-19 01:43:14,"RT @vandrewattycpa: Tweeter is totally oblivious to the fact that the tweet is literally incompatible with the name of the organization.

P…"
1085407698336788482,2019-01-16 05:25:35,RT @_JustinMoon_: I really like how Bitcoin never does this to my business https://t.co/Qg57eilvrW
1084822058507223040,2019-01-14 14:38:28,"RT @NickSzabo4: Great thread about how much EOS depends on a naively drafted ""constitution"", human-interpreted wet code. As a result EOS wi…"
1084708146742886400,2019-01-14 07:05:49,RT @BobMcElrath: Changing the block reward schedule is absolutely verboten in Bitcoin FYI. Who are your masters and how much of the supply…
1084638397237362689,2019-01-14 02:28:40,"RT @bquittem: 1/ Time to shine a light on Bitcoin’s informal governance, often called a “culture war.”

Let's explore “in-fighting,” lesson…"
1084628603583619072,2019-01-14 01:49:45,"RT @notgrubles: #Ethereum is completely centralized. Infura will undoubtedly follow the fork, which forces ""the majority of dapps"" onto a d…"
1084075538329698304,2019-01-12 13:12:04,"RT @Carlomrtz: @NickSzabo4 Szabo : “#bitcoin può essere riserva di valore anche per le Banche Centrali” 

https://t.co/iTD8MkqwhQ #BTC in #…"
1084008476878155776,2019-01-12 08:45:35,RT @matthewryancase: When @NickSzabo4 speaks I pay attention. The #Crypto #OG #BTC https://t.co/4BwzSm4LNv
1084005095686074368,2019-01-12 08:32:09,RT @dergigi: 5/ Bitcoin forced me to ponder the nature of money and think about what money actually is. Learning about the history of money…
1083426435124080647,2019-01-10 18:12:45,"RT @matt_odell: If infura goes down(or is shutdown), the ethereum network will grind to a halt.

Running an ethereum node is expensive so m…"
1083366499216248832,2019-01-10 14:14:36,RT @halfin: Running bitcoin
1082940985007583232,2019-01-09 10:03:45,"RT @getongab: Email going out to 850,000+ Gab users introducing them to free speech money: bitcoin. https://t.co/Z6Es38Nxmm"
1082921735681384448,2019-01-09 08:47:16,"RT @real_vijay: 1/ 10 years ago today, Satoshi Nakamoto released version 0.1 of the #Bitcoin software. About two days later, the brilliant…"
1082727765768658945,2019-01-08 19:56:30,"RT @AlenaSatoshi: Israeli Bitcoin community surprised me, about 1000 visitors of today's Bitcoin Summit.

Is this officially the end of the…"
1082607464510566400,2019-01-08 11:58:28,RT @GoodStephV: “Bitcoin could survive a nuclear war” @NickSzabo4 #bitcoinsummit https://t.co/IIn1CzyKJ9
1082296145215393824,2019-01-07 15:21:23,"RT @TopofBlockchain: We recommended this Israel Bitcoin Summit with Nick Szabo, Jeff Berwick as speakers coming up on Jan 09, 2019. https:/…"
1082295832353882112,2019-01-07 15:20:09,"RT @womeninblock: We recommended this Israel Bitcoin Summit with Nick Szabo, Jeff Berwick as speakers coming up on Jan 09, 2019. https://t.…"
1081075186059759616,2019-01-04 06:29:44,"RT @lightning: 10 years ago today, the first bitcoin block was mined. 🏗️ It's been quite a ride since. 🎢

Thank you to Satoshi for your bri…"
1081022030684667904,2019-01-04 02:58:31,"RT @TiKawamoto: Huh, @Medium is now in the censorship business. Suspended an account for posting a guide to using Bitcoin anonymously.

A b…"
1081007821661978626,2019-01-04 02:02:03,RT @iwearahoodie: The @walletofsatoshi using bitcoin over lightning is a great example of predictions made by @NickSzabo4 and others being…
1080979801450508288,2019-01-04 00:10:42,"RT @misir_mahmudov: Bitcoin stronger than ever. 2018 in review:

- Lightning Network (5100 nodes, 18,000 channels)
- Segwit Adoption (10% t…"
1080639849953017856,2019-01-03 01:39:52,"RT @BTRICorg: Happy 10th Birthday, #Bitcoin!

Thank you, Satoshi, for bringing us a technological and societal revolution.
Thank you, @adam…"
1080628742832017408,2019-01-03 00:55:44,RT @BitMEXResearch: Happy 10th Birthday Bitcoin! https://t.co/DpOPjojsOd
1080603585723785217,2019-01-02 23:15:46,"RT @matt_odell: The top bitcoin educators of 2019 will be payment processors, banks, platforms, and governments.

Every time they exert the…"
1078887940271403008,2018-12-29 05:38:24,"RT @gladstein: My @TIME column on why bitcoin matters for freedom. For billions living under authoritarianism, it can be an alternative mon…"
1076963371272916992,2018-12-23 22:10:51,"RT @ArminVanBitcoin: 2018 has been by far the most successful year in #Bitcoin.

- lightning network launched ⚡
- #segwit quadrupled to 45%…"
1076257852447023105,2018-12-21 23:27:22,"RT @eugenewei: Holy frack: https://t.co/YRMnsYbKQ2

(ht @typesfaster) https://t.co/Roxj5rnca5"
1076197472156803072,2018-12-21 19:27:26,"RT @eiaine: @pierre_rochard After you set up your BTC/LN nodes with Pierre's guide and open a channel, take a picture with @twitshotbot and…"
1076197450040262656,2018-12-21 19:27:21,RT @pierre_rochard: If you successfully set up your BTC/LN nodes with my guide (https://t.co/fjM96FFVk3) and open a channel with me ( https…
1076172087708901376,2018-12-21 17:46:34,"RT @saifedean: Bitcoin is the utilization of large amounts of energy and cold reliable mechanical certainty to replace human labor, judgmen…"
1075994191056973824,2018-12-21 05:59:40,@Timcast @naomibrockwell @polyb1123 @Bitcoin @scashofficial @BitBacker_io @minds There's no such thing. Mainstream… https://t.co/cbr9QiOny5
1075862839204560896,2018-12-20 21:17:44,RT @lopp: Countries with the most relative interest in searching for Bitcoin in 2018. Ghana and Nigeria have replaced Australia and Singapo…
1075857153313759232,2018-12-20 20:55:08,"RT @kerooke: Bitcoin average transaction value: $3,000
VISA average transaction value: $81

@nic__carter nailed this at #bh2018... Bitcoin…"
1075604124626956293,2018-12-20 04:09:41,RT @seth586: @kerooke @NickSzabo4 Fees aren't the killer feature of Bitcoin. The long term survivability requires a fee market. The killer…
1075583330098106369,2018-12-20 02:47:03,"RT @kerooke: Yesterday someone transferred $195,000,000 worth of Bitcoin.

They paid less than 10 cents in transfer fees.

Find me a better…"
1075580438016548864,2018-12-20 02:35:34,"RT @TraceMayer: Let's start a new #Bitcoin cultural tradition.

An annual Proof of Keys Celebration on Jan 3rd to declare monetary sovereig…"
1073413426209185793,2018-12-14 03:04:38,"RT @FarLeftWatch: This is the mindset of the far-left. They immedietely label anyone who opposes their authoritarian ideology as a ""Neo-Naz…"
1073319796962340864,2018-12-13 20:52:35,"RT @getongab: You can now purchase a Make Speech Free Again hat and GabPro via bitcoin and litecoin thanks to @BtcpayServer, which NO ONE c…"
1073294989642260480,2018-12-13 19:14:01,RT @Valustks1: Additionally many think #Bitcoin was that first. Bitcoin is the pinnacle of development of years of prior work done by many…
1073078159224885248,2018-12-13 04:52:24,"RT @Doc_0: 1. Unknown assailant

2. We know who he is but we won't tell you

3. Funny story: he's been on our radar for a long time, was ""r…"
1072941917388722176,2018-12-12 19:51:02,RT @MoneroWolf: @count_satoshi @NickSzabo4 @FomoFever @RealKyleMorris Bitcoin was created and embraced by libertarians. It provides individ…
1072873880526540800,2018-12-12 15:20:40,"RT @LykkeCity: Bitcoin is about direct ownership. On Jan 3 remember to backup your private keys, safekeep your bitcoins in your own private…"
1072691857690263552,2018-12-12 03:17:23,RT @Willem_VdBergh: 1/ When applying The Szaboian Theory of Money Origins @NickSzabo4 to Bitcoin it is reasonable to conclude we just barel…
1072586202023383042,2018-12-11 20:17:32,RT @ShoebridgeC: Time Magazine names its Person of the Year: the journalists who are ‘guardians in the war on truth’.  It then features Ark…
1072279907244269568,2018-12-11 00:00:26,"@speakingcrypto It reaches its limits if there is ever, as once happened with ETH, too much conflict of interest be… https://t.co/nJRn55eC38"
1072247307553300480,2018-12-10 21:50:54,"@jdecentralized @Ruminorang And incompatible with social mores, family practices, etc. etc."
1072184382805368833,2018-12-10 17:40:51,"@LuxoCrypto @hasufl @gaborgurbacs @fernandoulrich There are well over 10,000 unforgeable copies of the full Bitcoin… https://t.co/4H57tUoZHn"
1072164876863266816,2018-12-10 16:23:21,"RT @tobdea: Sharing a visual representation of the mental framework I employ when thinking about Bitcoin, DAOs and coordination design at l…"
1072020604495118337,2018-12-10 06:50:03,@pwuille BCH = Bose–Chaudhuri–Hocquenghem code not that other thing. :-)
1071971827826647040,2018-12-10 03:36:14,"@trogggg @SLBCTexas @exjon @MZHemingway @USATODAY Earth's climate cares not one iota about ""fairness"". But as the Y… https://t.co/ckQcP1Om6E"
1071890979160940544,2018-12-09 22:14:58,@hasufl @gaborgurbacs @fernandoulrich Depends on the institution's argument and attack surfaces. Bitcoin's in each… https://t.co/2taT1P15GV
1071823460836364288,2018-12-09 17:46:41,RT @ArthurSchwartz: —@RandPaul: We Will Become a 'Banana Republic' If Every President Is Investigated by Special Prosecutors | Breitbart ht…
1071798508380803072,2018-12-09 16:07:32,"RT @AJ_FI: A video of the Chang'e-4 Queqiao relay satellite and lander/rover missions, including launch, landing, roving, etc. This one is…"
1071780686661484544,2018-12-09 14:56:43,"RT @tzlibre: Venezuelan govt: arrests Bitcoin miners, runs scam ICO, enforces Orwellian surveillance on its own citizens. https://t.co/7gow…"
1071774100761149440,2018-12-09 14:30:32,"RT @matt_odell: Pushback from patreon censorship leads journalist Dave Rubin to begin accepting bitcoin donations as an alternative. 

http…"
1071623190110101504,2018-12-09 04:30:52,"RT @mtracey: Russia is an omniscient, evil force constantly tricking people into believing they have genuine grievances with the status quo…"
1071149986316840961,2018-12-07 21:10:32,"RT @pierre_rochard: The Coinbase strategy:
1. Try to control BTC, fail, get salty
2. Try to flippen BTC with ETH, fail
3. Try to flippen BT…"
1071067728486658049,2018-12-07 15:43:40,"RT @hasufl: Good thread on the state of @0xProject that highlights many problems and growing pains of DEXs. My favorite quote:

""0x should…"
1070831301677051904,2018-12-07 00:04:12,RT @fernandoulrich: The Bitcoin dollar to knowledge ratio is reverting to the mean.
1070198633125957632,2018-12-05 06:10:12,RT @MiguelCuneta: The people that say #Bitcoin is gonna die don't realize that it is almost certain that THEY will die first. It's just sof…
1069684907146952704,2018-12-03 20:08:50,RT @RealSaavedra: Far-left Democratic Rep. Pramila Jayapal (WA) rushes to the border to attack Trump while the district she represents has…
1069378073471213568,2018-12-02 23:49:35,@ercwl @giacomozucco @BitMEXResearch Bitcoin both (a) makes it very difficult to censor (requiring a risky and expe… https://t.co/54AyQjLV4N
1069372327576637440,2018-12-02 23:26:45,"@SaturnMercury1 If actually knew about any specific aliens, I'm sure we could make up a more specific name."
1069066808190267394,2018-12-02 03:12:44,"RT @thecodeMD: For anyone interested in learning more about Bitcoin:

The Bitcoin Standard @saifedean

Shelling Out: The Origins of Money @…"
1068959933897437184,2018-12-01 20:08:03,"@lrettig If you want Ethereum to be a  true world computer it must scale socially, i.e. behave in a manner trustwor… https://t.co/4ADlIksOq5"
1068956486808698880,2018-12-01 19:54:21,"@lrettig An abuse of the word ""community"". Ethereum users are far too diverse and unknown to the developers for any… https://t.co/5QFRO5MaYr"
1068733036584329216,2018-12-01 05:06:26,"RT @NickSzabo4: @Mullz__ Central banks converting their reserves to Bitcoin would deter conflict: unlike gold, with good key management it…"
1068714419402629120,2018-12-01 03:52:27,"@Mullz__ Central banks converting their reserves to Bitcoin would deter conflict: unlike gold, with good key manage… https://t.co/6aOwXzVhV3"
1068710624253829120,2018-12-01 03:37:23,"RT @splix: On the Attempt to Take Over Ethereum Classic (ETC)
 https://t.co/pzuqjjTSqD"
1068631946622722048,2018-11-30 22:24:44,"RT @DollarVigilante: Israel #Bitcoin Summit  January 8, 2019  in  #TelAviv, #Israel  with @NickSzabo4 , Jeff Berwick and others  -  https:/…"
1068562209851138048,2018-11-30 17:47:38,"RT @ryaneshea: Lightning Network is on fire lately

12500 channels (up 38% this month)
4000 nodes (up 9% this month)
450 BTC capacity (up 3…"
1068551073944678400,2018-11-30 17:03:23,"RT @danheld: The US won't give Germany their gold back in a reasonable timeframe (they want 7 years). 

With #Bitcoin you don't have this p…"
1068360458384531456,2018-11-30 04:25:57,RT @roomofsatoshi: Ohio’s State Treasurer has declared Bitcoin a “legitimate form of currency” as the state becomes the first in the US to…
1067597207619088384,2018-11-28 01:53:03,"RT @NickSzabo4: Gold was a medium of wealth transfer, not just an investment. Today Bitcoin is an OK long-term SoV (will improve as volatil…"
1067286060592295937,2018-11-27 05:16:40,RT @btc: Rule of thumb: don’t use any software from companies pushing #Bcash or contentious forks. If they don’t even understand how #Bitco…
1067278689975451648,2018-11-27 04:47:23,"RT @BillOReilly: On CNN, in discussing the border situation, puts pictures on the screen of little children, their mothers, strollers, etc.…"
1067239411740332032,2018-11-27 02:11:18,"RT @NickSzabo4: The Cantillon effect: ""the first ones to receive the newly created money see their incomes rise, whereas the last ones to r…"
1066816767220056064,2018-11-25 22:11:52,RT @BreakingNLive: BREAKING NEWS: Illegal immigrants are reportedly storming the U.S. border from the Mexican city of Tijuana right now. ht…
1066728587007389696,2018-11-25 16:21:28,"RT @paulvigna: Exclusive: Ohio to accept #bitcoin for taxes, appears to be a first for a U.S. state. Starting w/business filers, plans to e…"
1066686556252004352,2018-11-25 13:34:27,"RT @Peoples_Pundit: Stunning how U.S. &amp; E.U. globalist geniuses think it best to carry on w/ the name-calling, while they lose control of m…"
1066189539935322112,2018-11-24 04:39:29,"RT @alexbosworth: Happy with the choices taken in BTC:
Making platform stability and reliability a goal
Distributing decision making away f…"
1065846869992005632,2018-11-23 05:57:50,"From original paper: ""A roughly spherical object with a hemispheric albedo variation of a factor of 10 could also r… https://t.co/CBCZbiZpU4"
1065754597564678144,2018-11-22 23:51:11,"RT @nvk: Bitcoin is dead 😂

“Bitcoin Close to Overtaking @MasterCard in Daily Transfers” https://t.co/jGvLcEznKN"
1065511983053586432,2018-11-22 07:47:07,"RT @gselabofficial: A Thanksgiving to these giants:
Satoshi Nakamoto Bitcoin 
Ralph Merkle digital signatures and merkle trees 
@NickSzabo4…"
1065488343272632320,2018-11-22 06:13:11,"RT @bobbyclee: #Money has always been either #Physical in nature (coins, bills, gold), or #Account-based, and thus tied to real-name identi…"
1065388388516225024,2018-11-21 23:36:00,"RT @matt_odell: goTennas are 40% off this week if you use code: MESH

Love this product. Allows you to send bitcoin transactions, messages,…"
1064261294272872448,2018-11-18 20:57:20,RT @_JustinMoon_: @TuurDemeester BUIDL Bootcamp student used Bitcoin escape Venezuela with wealth intact https://t.co/ZQSHULWL2g
1064182582424756224,2018-11-18 15:44:33,RT @misir_mahmudov: 9/ Bitcoin doesn’t care who you are and what you do. Bitcoin isn’t trying to censor anyone’s transactions based on anyo…
1063788059290816514,2018-11-17 13:36:52,"RT @matt_odell: ""Over the past 12 months, the number of global bitcoin ATMs grew 360%+ from ~860 in November 2017 to over 3,900 in November…"
1063566042042032128,2018-11-16 22:54:39,RT @QuantaMagazine: ICYMI: There’s a tantalizing link between cancer and the power of regeneration: Injecting a carcinogen into a newt make…
1063138844973748224,2018-11-15 18:37:07,"@vcorem @intjr vs. Bitcoin (and probably some others, but Bitcoin is the one I'm most familiar with)."
1063125485729660931,2018-11-15 17:44:02,"@intjr Some kinds are much better than others. EOS is even more poorly governed, albeit the resulting symptoms are different."
1063123856884326400,2018-11-15 17:37:34,"@intjr BCH are the subset of the old Bitcoin culture, in contrast to BTC, did not value trust minimization and are not well governed."
1062913986776055808,2018-11-15 03:43:37,RT @pierre_rochard: I just published Understanding the Technical Side of Bitcoin https://t.co/fazxsPZ44d
