id,created_at,text
1128743215891402752,2019-05-15 19:25:28,"Just dropped our first public Galaxy Research piece onto @Medium, giving a perspective on Bitcoin and a free market… https://t.co/eM7T0PC1Ik"
1127927220893253634,2019-05-13 13:22:59,@JohnArnoldFndtn How about we only allow loans to the top 250 or maybe 500 of the  4200 colleges.  Kind of like a r… https://t.co/CSrZGNAWgx
1126918398221459461,2019-05-10 18:34:17,"More TV.   Bitcoin bull predicts prices will triple by 2021 — but fears 'melt-up' in stocks
https://t.co/GVP23XQ7pG"
1124984622050365440,2019-05-05 10:30:09,"Of course, when you bet on $BTC they can’t change history. https://t.co/CI9rWihDr2"
1124633453222420480,2019-05-04 11:14:44,"This makes me more bullish Bitcoin.    Stephen Moore, Herman Cain, and Mike Pence all make me bullish hard money.… https://t.co/s4RzuHUNXl"
1121761199547457536,2019-04-26 13:01:25,GLXY has zero exposure to Bitfinex or Tether.   My own sense is that they are less integral to the crypto community… https://t.co/AZde66IzdQ
1118532240387006466,2019-04-17 15:10:42,I am more and more bullish $btc and our whole space.  I’ll make the case at the @SALTConference and then at @EtherealSummit.
1116019171924619265,2019-04-10 16:44:39,Get your tickets soon.  They are going like hot cakes.  ⁦@BeattheStreets⁩ https://t.co/KzDDOMd5JB
1113525895820730370,2019-04-03 19:37:16,Gold has an $8.5 trillion dollar market cap. Silver is $15bn That is .17%.  $BTC has a $90bn mkt cap. $ltc is $5.7b… https://t.co/Qj9oMQrR3D
1102047286513860609,2019-03-03 03:25:22,@Crypt0cracy @JessicaNutt96 @realDonaldTrump I’ll bet you a $btc
1099782034778664962,2019-02-24 21:24:04,This should keep a bid to $BTC.  Worth reading.   https://t.co/ljbA1y7qCg
1099087899998539776,2019-02-22 23:25:50,@FloWrestling I love desanto but my money is on fix.   They were supposed to wrestle at BTS but Desanto was hurt.   Gonna be fun to watch.
1098678819970564099,2019-02-21 20:20:17,"@ninio1973 @digitalassetbuy @Ripple At that point ripple the equity, which we own, was trading at a 98 percent disc… https://t.co/Ajmxdh9A4H"
1094222682953003008,2019-02-09 13:13:11,Don’t understand why all the big macro funds out there don’t have a 1 percent position in $btc.  Just seems logical… https://t.co/dFXEcKtDwC
1091354836157775872,2019-02-01 15:17:23,@JohanDXB I invested in cosmos in 2016😉eth was 35 at the time.  Hoping your right.
1087548420129214464,2019-01-22 03:12:03,These are scary stats.  Makes me more bullish Bitcoin and more worried about China. https://t.co/srjuQTaia7
1063595956367695874,2018-11-17 00:53:31,"Smiling.  

Activision Alums Raise $16 Million to Build EOS-Focused Blockchain Game Studio https://t.co/yabnLreXZ5 via @cryptocoinsnews"
1061410429123973120,2018-11-11 00:09:01,In San Fran to judge my first hackathon ever.  Excited to see the $eos community in action  @block_one_… https://t.co/774ZpDkWX8
1060008153465737216,2018-11-07 03:16:52,"So happy for @MaxRose4NY   A veteran, a Poly prep wrestler, a criminal justice reformer and now a democratic congre… https://t.co/Tjmo7wD6N2"
1059987527329898496,2018-11-07 01:54:54,"Big thanks to @galiabenartzi, one of my favorite founders (@Bancor), for a great interview at a Summit LA. https://t.co/qUghgd7qO2"
1053288836791447552,2018-10-19 14:16:42,Id like to put context to these quotes as the last thing I want to do is spread FUD.  I said I thought tether has a… https://t.co/lLxndZmt9b
1048344624404856832,2018-10-05 22:50:10,6850 is the level that matters in #BTC.  Take it out and we will see a real move.
1045390008109199361,2018-09-27 19:09:34,So the question is are the R’s throwing it? The prosectution was lame.  As long as they hold the senate they still… https://t.co/pLBiVzNwiw
1045389308687978496,2018-09-27 19:06:48,"Here’s the conundrum — if Kavanaugh goes through, it dooms the R’s in November as women around the country will reb… https://t.co/czQBrUKoZT"
1039276323687092226,2018-09-10 22:15:59,I actually believe it’s time for the  old generation to pass the torch.  Step down please. Pelosi is a lightening r… https://t.co/r11bg32J91
1036947333181784065,2018-09-04 12:01:24,Respect to Nike for having the courage to live by thier ideals.  Most companies want to stay apolitical lest they r… https://t.co/YcyEaVjSfb
1024426491461943296,2018-07-31 22:48:03,I don’t see $btc dominance pulling back any time soon.  Lots of cool institutional projects coming and most will st… https://t.co/n0fsAm3SMS
1018854359520534528,2018-07-16 13:46:23,Good day for Block one and $eos. https://t.co/1RYsMZS5jh
1016893451533553670,2018-07-11 03:54:26,@cz_binance That is full on celebrity status
1014669380855238656,2018-07-05 00:36:46,"@StephenMilIer Stephen.   I am still willing to wrestle, box or bare knuckle fight for 100 $BTC.  Money either goes… https://t.co/chd2XoKb3M"
1012649711566835712,2018-06-29 10:51:20,@Bitcoin Our criminal justice system needs a complete overhaul.  It is broken.   No one is served by having this young man in jail for life.
1012644478379855872,2018-06-29 10:30:32,"In the next six months, $wax will amaze.   I am constantly amazed at the size of the gaming world.  It dwarfs the c… https://t.co/8QJH2VKAlo"
1010527750845878272,2018-06-23 14:19:25,@MyBallsBounce The Tether story doesn’t make sense to me.  While it was used by arbitragers to make markets more ef… https://t.co/2URKLAc7Sm
1008836242581139459,2018-06-18 22:17:58,@CharlieShrem I think the $eth community made the right call in the dao hack.  I was inclined not to fork but was p… https://t.co/8a1kgOEryB
1005423706204753920,2018-06-09 12:17:46,"@Vincen_Nash2x @BrendanBlumer i don't think so.... XRP was over 200bn at that time, and that was just on their bala… https://t.co/uM7aIyRwEn"
1005277211128102912,2018-06-09 02:35:38,And so it is....   the EOS blockchain lives.... congrats to @BrendanBlumer and the B1 team.
995345101181325313,2018-05-12 16:48:59,@CPyles8 He passed on BTS for WTT so my guess is he got hurt.
995322253960187905,2018-05-12 15:18:12,@DeaterBob @MariaBartiromo @MariaWallStreet Capped any name at 30 percent so one name wouldn’t dominate.
994239232016297984,2018-05-09 15:34:39,"RT @CNN: Tune in to @CNNMoney's ""Markets Now"" today at 12:45pm ET to see Blackrock Chief Equity Strategist Kate Moore and bitcoin bull @nov…"
992917264310702080,2018-05-06 00:01:37,@raphaelfranci19 @Bitcoin When is the last time you bought something with gold?  No one  does.  It’s just a store of value.
992788273448632320,2018-05-05 15:29:04,@Bitcoin Enough already.   Bitcoin core is BTC.  It is a store of value.  It is digital gold.   It’s market cap dwa… https://t.co/bA9UHM9gYi
991846355680178176,2018-05-03 01:06:13,@HighlightHump @BeattheStreets BTS was planned early and them with the new trials format the trial dates got moved.   Really frustrating.
948901960132038656,2018-01-04 13:00:31,total $XRP now worth $380 bn....  makes Ripple labs worth $225bn..  tenth largest company by market cap in the worl… https://t.co/dXiw1GfaLI
946993304616321024,2017-12-30 06:36:12,@loftonprestwich Full disclosure.  I am a day 1 investor in ripple labs.  I have said many times you need to divers… https://t.co/wP44MXd9Ss
946991247763181568,2017-12-30 06:28:02,@BitfuryGeorge Actually ripple is valued at more than bitcoin.  You are just looking at free float.  It’s not the r… https://t.co/6VjvsfyOsh
946007959233892359,2017-12-27 13:20:48,@coindesk @aerobatic Eth was up 70x in 2017.   How can it not be Eths year.
943460849091596289,2017-12-20 12:39:29,Is @SatoshiLite selling all his $ltc bullish or bearish?  If @VitalikButerin or @ethereumJoseph sold all of their $eth I’d be worried.
943313466114396163,2017-12-20 02:53:50,excited that $WAX tokens will start to trade.   this is worth a read.https://t.co/UoRnPICsLo
940417542778220544,2017-12-12 03:06:28,RT @CryptoChang: @novogratz Mike are you bullish on 20k by year's end $BTC?
940411538686476288,2017-12-12 02:42:37,"I️ hate Steve Bannon but I️ love Bitcoin.   Hoping Roy Moore goes down.  Worried that Alabama elects a bigot.  Oh,… https://t.co/jmgBKkkkbY"
939967960420110339,2017-12-10 21:20:00,@johannestknd @rogerkver I️ agree scalability will be solved.   My only point was that bitcoin can go higher in adv… https://t.co/FGHwNAgBtX
938980548713820160,2017-12-08 03:56:22,@Benaskren @GeorgesStPierre My 100 bitcoin best is getting more expensive.  Where r u @danawhite ??
938127426248421376,2017-12-05 19:26:22,RT @CNBC: Hedge fund manager Novogratz worried surging bitcoin price may attract government regulation https://t.co/SyPXRexSYj
938046695119745024,2017-12-05 14:05:34,"RT @GammaticalError: Some heavy hitters in the Bitcoin industry looking to break ground in the U.S.! 

Advisors to the partnership: Mike No…"
936643610799460357,2017-12-01 17:10:13,RT @CNBC: CME says it's launching bitcoin futures on Dec. 18 https://t.co/tsh3mCWYkx
936401634812465153,2017-12-01 01:08:41,RT @novogratz: BitConnect really seems like a scam.  an old school ponzi ...   bad actors hurt the community.  period.   #bitcoin #ether
936379584962064384,2017-11-30 23:41:04,@urgencahit 8300-8500 btc.  380-400 eth. 😉
936351253457760257,2017-11-30 21:48:30,Billionaire bitcoin investor Mike Novogratz: 'We sold some bitcoin in a frenzy' https://t.co/IABMpJnBp9
936332924726726657,2017-11-30 20:35:40,About to go on @LizClaman of Fox.   White House press conference asked about bitcoin.
936289332289208320,2017-11-30 17:42:26,BitConnect really seems like a scam.  an old school ponzi ...   bad actors hurt the community.  period.   #bitcoin #ether
935509315678625793,2017-11-28 14:02:56,"@ImogenNYC As a New Yorker I hope your right, but R’s see this as life or death.   So it will pass.  Politicians ar… https://t.co/15ru5Mz2cm"
935276644989833217,2017-11-27 22:38:23,RT @CNBCFastMoney: .@novogratz: #Bitcoin could be at $40K by the end of 2018
935262067094904834,2017-11-27 21:40:27,RT @CNBCFastMoney: The man who called #Bitcoin $10K is back tonight with a bold new call on the cryptocurrency $BTC https://t.co/TkOasBf9OC
934779213252562949,2017-11-26 13:41:46,#bitcoin over 9k and #ETH over 460 is a pretty nice way to wake up on my birthday.
934638447809253376,2017-11-26 04:22:25,Go Wax. https://t.co/DegpZgwvxz
934224796375805952,2017-11-25 00:58:43,I'd bet 100 bitcoin that @Benaskren can take George St Piere.  Where are you @danawhite ?  Check your damn ego and book this fight.
934223334228791303,2017-11-25 00:52:54,@MacroScope17 BTC.  Not even close.
933212953280688128,2017-11-22 05:58:00,@T_OConnell Love monero
932016358652604416,2017-11-18 22:43:10,ETH looks poised for a move to new highs.  Lots of good news on the horizon. #ether #consensys
931578966875525120,2017-11-17 17:45:08,"Crypto market cap will go to 1 trillion by end of 2018.

Bitcoin to hit $20,000 by December 2018 – investor… https://t.co/trGaXNE8Bn"
931241702265892864,2017-11-16 19:24:58,@zerohedge Everyday your short bitcoin is a painful one. 😰
931223518905290752,2017-11-16 18:12:42,"https://t.co/uzeujezQzb

fun talk about crypto and politics -- thanks breaking news #bitcoin #ReutersSummit #BreakingNews"
930848101979615235,2017-11-15 17:20:56,Not to sound like a broken record but this is a big deal.  The herd is coming.  BTC volume makes this asset class v… https://t.co/wKbxYYaymA
930635716496904192,2017-11-15 03:16:59,Big news -- looks like Square is adding a function to buy and sell BTC... the herd is coming  #bitcoin
930227337127440384,2017-11-14 00:14:14,Big money is coming to bitcoin: ex-Fortress executive Novogratz https://t.co/VpEm0rg6Fg
930204961039880193,2017-11-13 22:45:19,"RT @Reuters_Summits: Institutional investors close to adopting bitcoin, says ex-Fortress executive Novogratz https://t.co/go9f6QpB2H https:…"
930047600622997504,2017-11-13 12:20:02,@CryptoChang BTC core is being used as a store of value.  That is what the majority of people are buying it for. Ne… https://t.co/7yTvZfLbyq
923053335459930112,2017-10-25 05:07:19,Andre says he loves wrestling and bitcoin. https://t.co/po3GH6gXxE
917865989286572034,2017-10-10 21:34:39,RT @CNBCFastMoney: .@novogratz: I see #bitcoin soaring to over $10K in next 10 months $BTC
917865966687617026,2017-10-10 21:34:34,RT @CNBCFastMoney: Just how high could #bitcoin go? Hedge fund legend @novogratz says $BTC will soar to over $10K in the next 6 to 10 month…
907704318287138820,2017-09-12 20:35:48,I normally agree with Jamie Dimon but he's dead wrong on BTC.   Blockchain has gone from experiment to implementation.  It's a revolution.
901389277266944000,2017-08-26 10:22:05,@USAWrestling @alliseeisgold Time square rematch #BTS
442058352143892480,2014-03-07 22:04:58,May 7 bts gala I'm Times Square.  Already have 6 world champs signed up to square off against team USA.    A night of champions.
228478880862830592,2012-07-26 13:16:24,Not that wrestlers are whiners but no ac. In the village.    And it's hot.
