id,created_at,text
1128392025466974210,2019-05-14 20:09:58,❤️ seeing users use crypto with their own keys at scale with @blockchain  - 22% of all #Bitcoin transactions today
1118627032206696449,2019-04-17 21:27:22,If I had a #Bitcoin for every time someone asked me if I know who Satoshi is... I'd be Satoshi.
1117871062924972032,2019-04-15 19:23:25,"@blockchain We felt it was important to respond to users requests to enable  access to their BSV tokens, and built… https://t.co/cw4DSP7X7L"
1117870179944259584,2019-04-15 19:19:54,"In the next thirty days, we will end even close out support for #BSV transactions. To use #BSV, go somewhere else!… https://t.co/5OGRlv0rvO"
1117852087830794240,2019-04-15 18:08:01,"At @blockchain, we added support for close out only transactions (sell, send) for #BSV in January in the… https://t.co/VG6KI6KR2p"
1113062407239135236,2019-04-02 12:55:32,"RT @CMcgarraugh: So the recent low tick on Bitcoin was c. 3100 in December.  With the market now trading at 4800, we are roughly +54% from…"
1112797920292753408,2019-04-01 19:24:33,"#bitcoin network is busy today! 

https://t.co/QFueructXe"
1112743472191229953,2019-04-01 15:48:12,RT @barrysilbert: U.S. Dollar plunged 10% in value against bitcoin in Q1
1111671667921694722,2019-03-29 16:49:14,RT @Gwented2: The average number of transactions per block is at ATH. Source: https://t.co/XAQailPunX #bitcoin https://t.co/B86lkuh5Iv
1109383510937227264,2019-03-23 09:16:55,"@jeremysliew In one particularly great example, @msquinn had this list nailed, but had also seen that I love book r… https://t.co/pdxIvK3RyD"
1080925833945075718,2019-01-03 20:36:16,No better way to celebrate the 10th Birthday of #bitcoin than by using your private 🔑 today. https://t.co/b4gJMBNDPT
1080835246344622080,2019-01-03 14:36:18,RT @niccary: Bitcoin is now 10 years old. Much to do still. Thanks Satoshi.
1072899731179872256,2018-12-12 17:03:24,"RT @RaphaelFlocon: Thanks @blockchain for the $XLM airdrop 🎁🎁🎁🎁🤑🤑🤑🤑😇😇

#XLM #Stellar #Blockchain #Altcoins https://t.co/RTy17UxKkz"
1072119205338714112,2018-12-10 13:21:52,"RT @DAzaraf: Insights from @coinmetrics data keep coming.

Have a look at the TX Frequency Index for #ETH (avg # of transaction per active…"
1063068341344989184,2018-11-15 13:56:58,We're suspending BCH services in light of upcoming network instability. Your funds are safe and we'll be bringing s… https://t.co/t0lnBa2VaA
1059814576542363648,2018-11-06 14:27:40,Excited to add #XLM to the @blockchain wallet today and announce a $125M airdrop - the biggest digital giveaway eve… https://t.co/8xUK7LyS5h
1056988046560821248,2018-10-29 19:16:02,"Announcing the addition of  #ETH to our explorer (and a walk down memory lane!)
https://t.co/8r8GT6RdT8"
1046452607986933762,2018-09-30 17:31:58,"We'd welcome standards @blockchain -- AFAIK we were the first company to enable transaction history exports, etc. H… https://t.co/cHfsY5IeOo"
1037141557957210112,2018-09-05 00:53:11,"RT @ljxie: The Bitcoin white paper was 9 pages. Your white paper doesn’t need to be 10x the length to get your idea across. If it does, I t…"
1023929502202847235,2018-07-30 13:53:11,Happy Birthday #ethereum ! https://t.co/VlgJmxNsLj
1023662199351529474,2018-07-29 20:11:01,"RT @VitalikButerin: I think there's too much emphasis on BTC/ETH/whatever ETFs, and not enough emphasis on making it easier for people to b…"
1011580002821865472,2018-06-26 12:00:41,Nifty little feature on https://t.co/F5vPhOH9KU - a wayback machine for bitcoin purchases. This one is from two yea… https://t.co/ugNgxbgbFg
1005849282963009537,2018-06-10 16:28:51,RT @VinnyLingham: Irony: Satoshi builds Bitcoin because Banks didn't trust each other. Banks build R3 to prove it.
998588926809034754,2018-05-21 15:38:47,RT @NeerajKA: By age 35 you should have an undisclosed amount of gold and bitcoin buried in various locations around the country
989856648343773184,2018-04-27 13:19:50,"RT @ArminVanBitcoin: Derivetives: $600T - $1200T
Real Estate: $220T
Global Debt: $215T
Money: $130T
Stocks: $75T
Gold: $7.8T
...
Bitcoin: $…"
985627727624470528,2018-04-15 21:15:37,"It's easy to be interested in something hot for a few weeks, months. Harder to remain interested and then dedicated… https://t.co/B9pA7e41wx"
957924209073770496,2018-01-29 10:31:43,"FYI: It's a great Monday morning to get your #bitcoin transactions done before the next difficulty increase 😀
https://t.co/BkdD9cslW2"
956268274261676032,2018-01-24 20:51:37,"RT @blockchain: Bitcoin Cash addresses have a new format so you can easily distinguish them from bitcoin addresses. As of today, you'll see…"
954323142893297665,2018-01-19 12:02:22,RT @ArjunKharpal: I chatted to @blockchain CEO @OneMorePeter about the US launch of bitcoin selling and eventually buying  https://t.co/hRQ…
948956184509407238,2018-01-04 16:35:59,"RT @blockchain: It's been an epic 9 years since the Genesis Block was mined. Happy Birthday, #Bitcoin! https://t.co/QD3erZHIap"
939913265118924800,2017-12-10 17:42:39,"If you believe in the long-term value of digital currency, the best way to buy #bitcoin is a little bit at a time,… https://t.co/HxysbDfwab"
938776006386683904,2017-12-07 14:23:36,"RT @niccary: You asked for it, we built it! Recurring orders now available to make it easier than ever to squirrel away some #bitcoin every…"
933315552424194054,2017-11-22 12:45:42,RT @cyounessi1: I love the deep and nuanced discussions of /r/Bitcoin https://t.co/nlHw0FSGZf
931311757116694528,2017-11-17 00:03:20,"Long BTC, ETH, BCH and others. Haven't sold cyrpto in ages. https://t.co/LeDfydiKgv"
931260720238428160,2017-11-16 20:40:32,"Good news: If Bitcoin hits $196,165 there will be plenty of people willing to buy it from them 😀 https://t.co/aHizO1A1RD"
930173591265710080,2017-11-13 20:40:40,"And that's if they're happy to route all their transactions through hubs which will charge fees, etc. Great for com… https://t.co/0C1NYHzHNg"
930170384426684422,2017-11-13 20:27:56,The endless accusations of social media campaigns by both the #bitcoin and #BitcoinCash camps is getting tiresome.… https://t.co/dUDAZpnF3p
929444242883260416,2017-11-11 20:22:30,"I'm still asked daily why anyone would hold #cryptocurrency instead of GBP/USD/EUR etc. This is 1,000 GBP into… https://t.co/nH4A2MpnEK"
929386192814182400,2017-11-11 16:31:50,"RT @bobbyclee: Very disappointed that next week’s #SegWit2x #Bitcoin upgrade is cancelled. Clearly, investors were looking for it. Now $BTC…"
928893533678854144,2017-11-10 07:54:11,@_jonasschnelli_ Very doubtful they'd be able to have an impact on the things in bitcoin core that impact infrastru… https://t.co/s2YlReha2D
928664306098503680,2017-11-09 16:43:18,It would be extremely helpful if you'd lead an ecosystem wide effort to define 'decentralization' and 'censorship r… https://t.co/AJ82djiI2R
928571892281298944,2017-11-09 10:36:05,"Trend over last few years in #Bitcoin is increasing centralization. More coins within fewer entities/sys, fewer min… https://t.co/dNyBYyUMp5"
926747190566858752,2017-11-04 09:45:23,We'll bring back transactions when its safe bc either i) there is one chain or ii) funds are protected by our own r… https://t.co/OLWwUgCqM7
925367315398524928,2017-10-31 14:22:15,"RT @brianeklein: 9 years later today and the Bitcoin white paper is still a great read:
https://t.co/rVYcbymmxG"
924371642532466689,2017-10-28 20:25:48,"Insightful analysis from a longtime bitcoin lawyer and friend re: decentralization, SW2X, and the overall market. R… https://t.co/AWZLtR3T7x"
918876684866244608,2017-10-13 16:30:48,RT @niccary: The #bitcoin market cap now surpasses Goldman Sachs and Morgan Stanley. The future of money is here #ToTheMoon https://t.co/NW…
918412673091502080,2017-10-12 09:46:59,RT @SimonDixonTwitt: Love the new feature allowing me to exchange $BCH on my @blockchain wallet at time of the fork to $BTC via @ShapeShift…
915590808526557184,2017-10-04 14:53:54,@adam3us @JihanWu @wences It's the declaring enemies of Bitcoin that bothers me. Working on SW and LN. And I (mostl… https://t.co/AhYhb8pAcK
915508207199670272,2017-10-04 09:25:40,"We've dedicated our lives to building bitcoin products, introduced millions to bitcoin, evangelized, long before it… https://t.co/jm5ObFw0Xc"
913425769635840000,2017-09-28 15:30:48,"It's an easy way to get some press at the moment.... Go on TV, proclaim your bitcoin stance. https://t.co/EWjUS6oCDq"
909849803022110720,2017-09-18 18:41:11,Want to be on the cutting edge of finance + software? We’re looking for a stellar Product Counsel to join our team! https://t.co/gCdGkROTp8
905766152445595648,2017-09-07 12:14:13,Really proud to enable our users in India to buy Bitcoin in their BlockchainWallet from today! Lets' go India 🚀… https://t.co/48QgiBeKBa
898938063556149249,2017-08-19 16:01:50,RT @VitalikButerin: Congrats to ethereum community for 5 days of record-high transaction usage! (410061 ... 443356) https://t.co/ggAbrgA1Qn
898217114363887617,2017-08-17 16:17:02,"Stoked to be launching #Ethereum today in the @blockchain wallet. Huge high five to the team :)
https://t.co/l08msbVAaF"
895575976297496576,2017-08-10 09:22:06,"RT @OneMorePeter: Want to setup your first bitcoin wallet and buy bitcoin? The @Telegraph tells you how with @blockchain
https://t.co/Lgc3w…"
893444899814690816,2017-08-04 12:13:58,"We've now seen a few successful hard works, executed by tiny teams (Bitcoin Cash) and larger ones (Ethereum) with v little advance planning"
888389124444606465,2017-07-21 13:24:07,"Want to setup your first bitcoin wallet and buy bitcoin? The @Telegraph tells you how with @blockchain
https://t.co/Lgc3wrRLmT"
887768331784261632,2017-07-19 20:17:18,RT @anguschampion: I keep hearing from bank execs that they will never use Bitcoin. You have to be brave to say 'never' when technology inn…
887735273488101386,2017-07-19 18:05:57,"RT @anguschampion: Person: ""We want to do something really innovative in blockchain.""
Me: ""What are your thoughts on Bitcoin?""
Person: ""Oh…"
884877035717480450,2017-07-11 20:48:20,RT @blockchain: Buying #bitcoin is now available on Android for our users in Europe: https://t.co/7tkFoVdb3U https://t.co/d1WhQyqMVU
876916613693538305,2017-06-19 21:36:27,"RT @girlandgrowl: Misogyny persists when people turn their heads, pretend it is not happening, or elevate the status of a misogynist for ot…"
867056031188357121,2017-05-23 16:34:01,"RT @lopp: ""Bitcoin obituaries are fake news."" - @OneMorePeter"
859534598799319040,2017-05-02 22:26:32,😀  Handy link: https://t.co/5iSKbq4Wy6 https://t.co/rMITdQ9iMw
851479575972507648,2017-04-10 16:58:45,RT @blockchain: #Bitcoin's resilience is one of many reasons why @jeremysliew &amp; @OneMorePeter envision such a bright future ahead: https://…
835153700104650753,2017-02-24 15:45:33,Easy to forget how far its come when your in the trenches.... Great read on the  #bitcoin ecosystem from @bitcom21 https://t.co/QVC17OcQxv
827099528436281344,2017-02-02 10:21:09,@TheStalwart @RosieGray buy #bitcoin while your at it
825025448803520512,2017-01-27 16:59:29,"Fun interview with @axelthrelfall on @Reuters at #Davos on digital currency, @blockchain and #bitcoin (40:33 mark)
https://t.co/GgjJOOt8TI"
824743310766067713,2017-01-26 22:18:22,"@phildaian @TuurDemeester @gavinandresen or how hard he worked to explain Bitcoin to some very, very tough audiences with @virtuallylaw"
824741548688543744,2017-01-26 22:11:22,@TuurDemeester @phildaian its hard for folks to reconcile the reality that @gavinandresen led bitcoin to success w the steady stream of BS
821308829765865473,2017-01-17 10:50:58,"RT @lmdouzman: ""Bitcoin grew by 120%+ in 2016."" @OneMorePeter kicked off our day in Davos discussing the future of digital assets with @Reu…"
817754783620665344,2017-01-07 15:28:28,"A quick one on @CNBC to talk about the strong six months #bitcoin has been having.
https://t.co/AVLdTd6PUd"
806941219846811648,2016-12-08 19:19:13,"As of today, you can buy #bitcoin from inside your @blockchain wallet in 34 European countries, instantly! 🚀"
801363357798465536,2016-11-23 09:54:47,"Bitcoin is def on its way to to being a safe haven asset. We've added more activity this quarter than ever before
https://t.co/8A6Sv87UBX"
800293437035737088,2016-11-20 11:03:18,Book rec - The River of Doubt: Theodore Roosevelt's Darkest Journey by Millard. Riveting account an insanely tough expedition. (ht @niccary)
798870520716521473,2016-11-16 12:49:09,I just published “How bitcoin can help you protect against political risk” https://t.co/WuVvQmqXIl
796462852899008512,2016-11-09 21:21:56,"RT @OneMorePeter: Some #ElectionDay thoughts about monetary independence, macro risk and #bitcoin in @TechCrunch https://t.co/11MwaZXmQe"
796114631618076672,2016-11-08 22:18:13,"Some #ElectionDay thoughts about monetary independence, macro risk and #bitcoin in @TechCrunch https://t.co/11MwaZXmQe"
788721681988812800,2016-10-19 12:41:17,"@AaronvanW @el33th4xor @BitcoinMagazine it's about the same as a regular Bitcoin transaction, but yes. Looking forward to article update!"
788715792456159232,2016-10-19 12:17:53,@el33th4xor @AaronvanW @BitcoinMagazine actually that's not true -the latest release is trustless (no server) -go send some real BTC with it
782923107854127104,2016-10-03 12:39:49,"Hot yoga w Phil + a lively debate at #VirginDisruptors w @richardbranson, @ES_Entrepreneur, @HollyRansom = perf morn
https://t.co/7qWqK0gdcd"
780113436575490048,2016-09-25 18:35:11,RT @nilanp: Pretty awesome #lunchwise with @OneMorePeter and @kaarmann @TransferWise on #bitcoin #ethereum and the future of money https://…
776035809514418176,2016-09-14 12:32:09,"Cash is king folks, but money really won't make you happy - not even bitcoin can do that  https://t.co/AIs7eiHBMS"
773244968055877632,2016-09-06 19:42:21,We've been privileged to grow with and alongside the #bitcoin network. Onward.  https://t.co/hQgV0GLEiI
770595484381569025,2016-08-30 12:14:15,We're digging deep on the engineering team to scale block chains and Bitcoin! An update on Thunder | BlockchainBlog https://t.co/euVUAG76Dx
762648834631761920,2016-08-08 13:57:06,RT @niccary: This is why #bitcoin matters. This is why the team @blockchain is relentless. https://t.co/bYvRyIAU1w
761144232958648321,2016-08-04 10:18:21,@kyletorpey @petertoddbtc users do not have to connect to bc.i to access their Bitcoin. Our wallets are all OS and audited regularly.
756754192979689472,2016-07-23 07:33:54,"One thing is certain: for better or worse, team #ethereum has proven it's possible to successfully hard fork a major public block chain"
749582628265795584,2016-07-03 12:36:39,I tweet this as a reminder to the folks that assume the present is always the future #bitcoin #ethereum #scaling  https://t.co/qULZRh6Cqq
747619353676374016,2016-06-28 02:35:18,Live from @WEF Summer Davos #amnc16 on Bloomberg @business talking about @blockchain #bitcoin #brexit and #fintech https://t.co/cks7HLpgy5
742469914498355200,2016-06-13 21:33:16,"RT @ErikVoorhees: This doesn't get enough coverage, but Bitcoin has been the world's best performing currency for 6 of the last 7 years ('1…"
740391052176134144,2016-06-08 03:52:37,"RT @dan_pantera: Past 18 months, #bitcoin price has very closely tracked actual transaction growth (162% avg annual grwth, inception) https…"
739901714313011200,2016-06-06 19:28:10,RT @blockchain: Use https://t.co/PvLaBoYWET to track the latest #bitcoin price &amp; more -&gt; https://t.co/H0m7QxKW3G
739327865657950209,2016-06-05 05:27:53,RT @bgurley: Impressive Bitcoin price. Global economic backdrop seems ideal.  https://t.co/3d3CDYOE8N
739194252689854465,2016-06-04 20:36:58,How long do you think it will take to reach 50% of transactions utilizing SegWit across the #bitcoin ecosystem?
738792416241684480,2016-06-03 18:00:12,RT @ErikVoorhees: Wow... @blockchain's new Bitcoin commercial could not be better. Inspiring and beautiful and correct. Video: https://t.co…
736731212174233600,2016-05-29 01:29:43,"It's basically Bitcoin 2013 
https://t.co/gXvKEwcdS6"
736270988665577472,2016-05-27 19:00:57,"The future is fascinating, terrifying, promising. Good thing guys like @el33th4xor + @VladZamfir are on it #ethereum
https://t.co/rZ8OdRURm1"
733473436887093248,2016-05-20 01:44:29,Thanks for introducing Thunder to China Bitcoin community @BITMAINtech and @JihanWu!  https://t.co/7AWafHF7B3
732583798303526912,2016-05-17 14:49:22,RT @drwasho: . @OneMorePeter @blockchain Peter &amp; I are like-minded on the necessity of on-chain &amp; off-chain scaling for #Bitcoin https://t.…
732292343001456642,2016-05-16 19:31:14,"RT @jalak: Congrats @blockchain team! Blockchain open sources Thunder network, paving the way for instant bitcoin transactions https://t.co…"
732227130319360012,2016-05-16 15:12:06,"The future is now. #tothemoon #Bitcoin 
https://t.co/paLBwNfPCl"
731979762646851588,2016-05-15 22:49:09,RT @jerallaire: Ethereum DAO $100m+ crowdfunding is a watershed moment in the history of the Internet IMHO. https://t.co/dVfaZmsqLV
730771005015265283,2016-05-12 14:45:59,RT @flix1: New @blockchain Bitcoin wallet lets you sign messages with your private keys... no excuses now #satoshi @OneMorePeter @niccary
725765225484541953,2016-04-28 19:14:48,@jonmatonis no public link available right now..
725020325092585473,2016-04-26 17:54:50,RT @khannib: Yesterday was the 6th busiest day in Bitcoin history (average block size) and nobody noticed. Gracefully failing to scale.
724936243956559872,2016-04-26 12:20:43,Excited to see @matt_tuzzolo and Pedro spread the word about @blockchain and #bitcoin tonight! https://t.co/7NZ5FL9Wpk
724649663475806208,2016-04-25 17:21:57,The Monday's can't keep #Bitcoin down   https://t.co/CNwXdxFCSX
721532399595692033,2016-04-17 02:55:04,"#bitcoin is definitely dead cc: @kaarmann @taavet 
https://t.co/khhrZdI8Tv"
719708648063246336,2016-04-12 02:08:07,"RT @nikcub: Only 3 bitcoin blocks mined in past 82 minutes, all by AntPool and last 2 reached block size limit. https://t.co/s3BEHCRq3W"
719577892145881088,2016-04-11 17:28:33,"@TaylorGerring a lot of SM noise, but very little is informed by talking to users. Users want an efficient, fast, and open bitcoin network"
718889546021236736,2016-04-09 19:53:18,RT @jgarzik: Linus' decisionmaking has lessons for #bitcoin: Do not over-engineer or plan for 5-20 years down the road. LT predictions usua…
717351675334266881,2016-04-05 14:02:21,Excited to see @jgarzik and @schildbach working together on #bitcoin! Magic :) https://t.co/EjnjIxNuhG
714475196070170624,2016-03-28 15:32:15,Well done @BrianForde @Joi @gavinandresen @orionwl. Thank you for helping Bitcoin. https://t.co/Q6NPbl8mnk
712697441754157056,2016-03-23 17:48:06,I hereby challenge @niccary and @kristovatlas to a game of risk fueled by coffee purchased with #Bitcoin  https://t.co/BzsCq80qPg
710173563882491904,2016-03-16 18:39:06,RT @ebepark: What do you love about our #bitcoin Merchant Map? How can we make it better? #TellMeYourWish @blockchain https://t.co/3EdvsRyV…
710104655452356608,2016-03-16 14:05:17,"Can someone link me to the first mention of 'economically dependent' / ""economically validating"" (+etc) node? @kristovatlas @morcosa"
706845199620820992,2016-03-07 14:13:22,"Some thoughts about where Bitcoin is and the choices we need to make
https://t.co/lhtcuzPeOi"
705453351048253440,2016-03-03 18:02:40,I agree - central decision making on who gets to use Bitcoin is the wrong way forward. https://t.co/KGMzVVMHaG
705104656175726592,2016-03-02 18:57:04,RT @blockchain: Here's the latest on our #bitcoin wallet updates for #iOS &amp; #Android! https://t.co/gEqPlx1aHS https://t.co/E7DLATCgTE
705075330143363073,2016-03-02 17:00:33,RT @jgarzik: @Aquentys Soft fork means miners and devs have much more power to change economics of #bitcoin - Users only have opt-out (leav…
704294722345504769,2016-02-29 13:18:41,"thank you @rogerkver for helping bootstrap Bitcoin by giving many of your own away to fund core dev, community development"
704293677909286912,2016-02-29 13:14:32,"...and who supported MIT/Bitcoin foundation? Industry and many generous individuals like @rogerkver 
https://t.co/xsOCrRojCv"
703645667701481472,2016-02-27 18:19:34,RT @khannib: Bitcoin blocks are fuller than ever. https://t.co/nEraQqztZT https://t.co/ai53l7dmtr
703280538241503233,2016-02-26 18:08:41,"After a week+ of running Bitcoin classic, it's performing just as good/better than our bitcoinj, Core and btcd nodes."
702905829943455745,2016-02-25 17:19:43,"@sysmannet @mikebelshe in BTC dev history, there has been notable turnover (3 devs with commit access even)."
702812233286492160,2016-02-25 11:07:48,"@kyletorpey @mikebelshe he isn't. almost overwhelming support exists for 2mb+ by miners, exchanges, wallets, etc."
702102854945923072,2016-02-23 12:08:59,"RT @cnLedger: Kevin (Bitmain R&amp;D Director) on Weibo: on Feb 22, median size of blocks is as high as 979KB"
699753655336112129,2016-02-17 00:34:06,"Antpool, the largest mining pool, just mined their first #bitcoin classic block
https://t.co/T5vHuGhuB4 - classic officially in production"
699334510979260421,2016-02-15 20:48:35,"Love #bitcoin and want to work on it everyday? Join us :-) I promise you it'll be an adventure!  
https://t.co/nivSMfHp1H"
696746108165423105,2016-02-08 17:23:11,RT @rogerkver: Think running a dedicated Bitcoin full node is too expensive?  Check out my $85 @Raspberry_Pi @BitcoinClassic setup. https:/…
694970640097476612,2016-02-03 19:48:07,"RT @MateTokay: I just updated to the new @blockchain HD wallet! Looks awesome.
Great work @niccary @OneMorePeter  
#bitcoin #blockchain"
690943608732696577,2016-01-23 17:06:08,Good article on tech/Bitcoin news cycle and problems therein from former @TechCrunch editor @johnbiggs https://t.co/0AslF4dlwD
689094901720608770,2016-01-18 14:40:01,RT @spair: very good advice from @Falkvinge for the #bitcoin community https://t.co/ZlNsDLReAM
688409263014850560,2016-01-16 17:15:32,"Only dead 88 times? I'm more confident in the project than ever. Looking forward to the 1,000th ""death"" of #Bitcoin https://t.co/ajGqiH6img"
688113826084990976,2016-01-15 21:41:35,"I agree with @psneville - #bitcoin is worth it 
https://t.co/OzMaRlHVGw…"
687946857260183552,2016-01-15 10:38:06,After a week in SF and calls around the world discussing #bitcoin I am firmly convinced that competition and decentralization is the future.
687945746465865728,2016-01-15 10:33:42,"RT @rogerkver: ""If you don't let discussion happen, you've already lost the debate"" - @ErikVoorhees on the Bitcoin Block size debate censor…"
671778488991522817,2015-12-01 19:50:47,"RT @blockchain: Learn more about #bitcoin R&amp;D with Blockchain’s Mats Jerratsch, the developer behind the Thunder Project: https://t.co/ZGx7…"
664079756896399360,2015-11-10 13:58:46,"RT @barrysilbert: Bitcoin (a ""company""):
Authorized shares: 21m
Outstanding: 14.8m
Price: $385
Market cap: $5.7bn
Comps: WU ($10bn), PYPL (…"
663684832988368896,2015-11-09 11:49:29,Just read through https://t.co/MKFItFvbr1. Highly recommend- some of the most insightful thoughts on #bitcoin ecosystem in years in there.
661591016651132928,2015-11-03 17:09:24,"Awesome #bitcoin news today!
https://t.co/wAy4ULThvP"
660299064374722560,2015-10-31 03:35:39,"@rogerkver ""It is precisely Bitcoin’s openness which, like the internet before it, brings revolutionary change to how humans interact."""
653765450975825920,2015-10-13 02:53:24,"@alex http://t.co/XyzJKOTUkD TL:DR mining equipment, mining pool, etc. have taxi adds in NY too"
651790060933787648,2015-10-07 16:03:54,"RT @jerallaire: Love this work from @BitPay and @IngenicoPayment. Open innovation on the #bitcoin #blockchain.  Yes, that one.  http://t.co…"
650073675929112576,2015-10-02 22:23:36,"(i) don't understand this tech after all, or (ii) are doing it to raise $. They do not understand #bitcoin, 'the blockchain' or raising. 2/3"
650073111430328320,2015-10-02 22:21:22,Interesting to watch #bitcoin companies pivot to 'block chain'/distributed ledger / edge security etc. shows they either:
646793716540116992,2015-09-23 21:10:13,"Only Bitcoin company on the list and in #3. What a difference two years makes! 
http://t.co/gUZITDXUWV"
641624323636232196,2015-09-09 14:48:54,"#Bitcoin and @blockchain in the @FT today... ""Former Merrill banker hails bitcoin potential"" by @kadhimshubber http://t.co/BedbPTA4qp"
640580074861920256,2015-09-06 17:39:25,@davidlee link to full article?
638058185077694465,2015-08-30 18:38:20,RT @breadwalletapp: @joe_ekine we want bigger blocks and bip101 appears to have the most support among bitcoin users and service providers.…
636846236679716864,2015-08-27 10:22:29,RT @random_walker: Bitcoin course available on Coursera; textbook is now official https://t.co/3aiyaaUXAH Sign up here: https://t.co/jFtkch…
630909884758933504,2015-08-11 01:13:32,"@semil got it. It's tough, particularly as you know how hard it is in early days. Even harder when your space explodes like #bitcoin has"
629217839300227072,2015-08-06 09:09:57,"Recap time! #Bitcoin and @blockchain at 30,000 feet with PM David Cameron @Number10gov http://t.co/EZ0bKiLqRl"
628845598746234880,2015-08-05 08:30:48,Great to see the UK cabinet secretary and head of the civil service tweeting about #bitcoin and @blockchain https://t.co/55r5XDYscH
627144523353878529,2015-07-31 15:51:20,Awesome week spent spreading the word about #bitcoin and @blockchain in SE Asia with PM David Cameron @number10gov http://t.co/U2WjRo6FGM
626759075607384064,2015-07-30 14:19:42,Newest @Blockchain user! setup @AirAsia founder @tonyfernandes with his first #bitcoin wallet. Cool things coming :) http://t.co/LoXGNpvelz
626083409224306688,2015-07-28 17:34:51,Had a great drink with #Singapore #bitcoin community members. Great to get feedback IRL about @blockchain products. http://t.co/ZvLuqB70FQ
625015967781761024,2015-07-25 18:53:13,#bitcoin “@blockchain: We are proud to be the most popular Bitcoin website and web wallet in the world!  http://t.co/XZpKJbtFzw @BTCTN”
620538873718939648,2015-07-13 10:22:51,@tcoppel this is why I'm blessed to be working on #bitcoin
619454254760239104,2015-07-10 10:32:57,RT @mikebutcher: London's best funded bitcoin startup is on a hiring frenzy.  Interesting...  https://t.co/NI1N0MuAoU
617439541515915264,2015-07-04 21:07:12,China market is down 30%. So why not let consumers bet their houses on the market? http://t.co/kZMJKnSfFK Seems like a sign to get #bitcoin
616694058761654272,2015-07-02 19:44:55,RT @blockchain: Meet @kevinriggen our latest Blockchain API Developer Spotlight. His project BTC Img is cool! What do you think? http://t.c…
612698754416803840,2015-06-21 19:09:01,Most troubling part of watching Bitcoin debates on Twitter is seeing friends tear each other apart on a personal level.
607001927692500992,2015-06-06 01:51:51,"RT @aantonop: A great proposal from @kristovatlas to standardize sorting of inputs/outputs in bitcoin transactions (for privacy):

https://…"
604227894764785664,2015-05-29 10:08:50,"RT @CoinSlumIt: Simon Levene from @Mosaic_VC talking with @OneMorePeter at #Pioneers15 #fintech #bitcoin panel
http://t.co/TJuNbhOIMJ http:…"
603945441542217729,2015-05-28 15:26:28,"Join @rogerkver, @slevene and I tomorrow from 11-12 in the main room to talk #bitcoin and @blockchain at #Pioneers15 @Pioneers"
603688275275055104,2015-05-27 22:24:35,RT @zooko: This post embracing Hayekian humility is a great example of @gavinandresen's strength as a leader of Bitcoin: http://t.co/1b9jjC…
599292231724314625,2015-05-15 19:16:17,"RT @GreylockVC: ""The most transformative ideas are not the ones that achieve broad consensus early on."" @reidhoffman on #bitcoin http://t.c…"
597091620866129920,2015-05-09 17:31:50,RT @niccary: Lots of energy at the #SMR9 so many people curious about #Bitcoin and @blockchain http://t.co/JJxdU8txAE
596054095980400640,2015-05-06 20:49:05,Excited to talk about #bitcoin and @blockchain in an hour at #CollisionConf
595697246559145984,2015-05-05 21:11:05,On my way to #CollisionConf! If you want to talk about #bitcoin or @blockchain I'm yours.
595424954633555969,2015-05-05 03:09:06,"RT @jgarzik: #Bitcoin transactions are validated three times:
1. By network, receiving a broadcast
2. By miner
3. By network again, checkin…"
593530403773747202,2015-04-29 21:40:50,RT @overdrev: Son's first experience at a bitcoin cafe: 'The whole thing was very novel.' #TheNext100Million
588293986399432704,2015-04-15 10:53:10,RT @kristovatlas: Becoming a developer at a Bitcoin company w/ @matt_tuzzolo and @OneMorePeter of @blockchain #DevCore http://t.co/O4rlgGaa…
588259580418875392,2015-04-15 08:36:27,"""The dirty secret of Bitcoin is that there are no bitcoins... If you look under the hood it's just transactions"" -@gavinandresen"
584364931828600834,2015-04-04 14:40:31,"RT @jgarzik: 3/ Anyone who thinks @BTCFoundation ""controls"" #bitcoin by hiring more devs does not know how Internet/OSS software developmen…"
584033354565165056,2015-04-03 16:42:57,RT @ryaneshea: Off to @Princeton to speak on blockchain/bitcoin tech w @brianchoffman @OneMorePeter @twobitidiot @random_walker courtesy of…
582624907781107714,2015-03-30 19:26:17,"RT @jgarzik: One concept I call ""active addresses""   These are on-chain entities holding #bitcoin  and can receive &amp; process TXs based on s…"
579188988159791107,2015-03-21 07:53:10,"RT @blockchain: Meet @cyoumna, in our latest Meet the Team profile about the role of visual design  in increasing #bitcoin adoption: http:/…"
578598475606188032,2015-03-19 16:46:41,"RT @BitcoinDoc: ""The Rise and Rise of Bitcoin"" is now available on #AmazonPrime @AmazonVideo FREE! http://t.co/PjQtXtYCl8 @BitcoinDoc http:…"
577665681933631488,2015-03-17 03:00:05,RT @msantoriESQ: And now Rakuten accepts #bitcoin...
577484196098252800,2015-03-16 14:58:56,RT @BitPay: This morning @spair speaks on What is Bitcoin at @BitcoinSXSW panel w/ @queentatiana @niccary @willobrien #BTCSXSW15 http://t.c…
577288963137908736,2015-03-16 02:03:08,RT @jillfriedman: http://t.co/p1OWU3d3qx is now live and we accept #bitcoin thanks to @blockchain and @OneMorePeter
576131820984516608,2015-03-12 21:25:04,RT @danzzinger: @OneMorePeter - I just signed up for my wallet on @blockchain! Looking forward to finding you &amp; getting free bitcoin. :-) #…
576113284580937729,2015-03-12 20:11:25,RT @fbourdeau: @OneMorePeter from @blockchain shares how #bitcoin helped raise funds for a school in Afghanistan #interzoneio http://t.co/D…
575245779620794368,2015-03-10 10:44:16,RT @rogerkver: Looking for a job in the Bitcoin ecosystem? DevCore London is a great place to start! http://t.co/J02go49ewQ @BTCFoundation …
572778411342626816,2015-03-03 15:19:49,Are you a #bitcoin #developer interested in coming to #DevCore? apply for @blockchain's $250 travel stipends! dets: http://t.co/H9PcKXTKZ0
572526655723327489,2015-03-02 22:39:26,RT @natbro: interest and belief in #bitcoin increases the more international wire transfers you perform in life.
572115175928541185,2015-03-01 19:24:21,Another excellent one from @paulvigna paulvigna &amp; @mikejcasey - use bitcoin to vastly expand access to fin products http://t.co/vHwJd9uNZh
570312384671289344,2015-02-24 20:00:43,RT @blockchain: Today @RiskRewardFBN recapped with our CEO @OneMorePeter about reaching 3M wallets &amp; the growing #bitcoin ecosystem: http:/…
568613201434312704,2015-02-20 03:28:46,RT @DavidShares: Pretty awesome seeing @blockchain on @CNN #InsideMan tonight during the Bitcoin special!
565567224476610563,2015-02-11 17:45:08,"Super excited to be en route to @AnnaKNonE and the #bitcoin #berlin #meetup to talk about @Blockchain, Bitcoin, and hang out!"
564839467819597825,2015-02-09 17:33:17,RT @AnnaKNonE: Yay! It's #Bitcoin Startup #Berlin meetup on Wednesday w/ special guest @OneMorePeter from @blockchain! Come join us: http:/…
561178470123048960,2015-01-30 15:05:48,"RT @HeatherPark: Look at this Bitcoin stat they just showed at my meeting, @OneMorePeter. (PS, miss ya!) http://t.co/WBBOvYrI7K"
558688340317597696,2015-01-23 18:10:54,"RT @blockchain: Our latest Meet the Team profile features @ChristopherCamp: #candlemaker, #vegan &amp; #bitcoin buff! http://t.co/R5BlGFYunV"
553930531885572096,2015-01-10 15:05:04,RT @rogerkver: .@Squarespace and @paypal need to integrate Bitcoin so I can actually buy the #Polaris #BJJ event today. @Visa #fail http://…
553920837670432768,2015-01-10 14:26:33,RT @jgarzik: Love #Dakar2015. #bitcoin needs a Dakar/Baja rally team... Off-road is far more exciting than racing on a paved loop over &amp; ov…
553143467808161792,2015-01-08 10:57:34,Breakfast tastes better when you buy it with #bitcoin @JaguarShoesCo
552903087590232064,2015-01-07 19:02:23,RT @niccary: Team @blockchain wrapping up day 1 @intlCES -- come by tomorrow and get some free bitcoin and gear! http://t.co/dr6pdlFiJ2
552847812317425664,2015-01-07 15:22:44,@create_magic thanks! Can you link me to the one you read?
552571037330989058,2015-01-06 21:02:56,RT @BitPay: The @blockchain booth is drawing a crowd!  Visit #Bitcoin at #CES2015 http://t.co/jdPvx9jZIQ
552156023994478592,2015-01-05 17:33:49,RT @blockchain: We have switched to using @bitfinex for bitcoin prices and market data
552075981322985474,2015-01-05 12:15:45,@jony_levin most like for ex dash pass reserve their truly useful features for premium
551609804486369280,2015-01-04 05:23:20,RT @TuurDemeester: Bitcoin market cap in perspective http://t.co/kpGE7DPkny
550753935896879104,2015-01-01 20:42:25,Reading this post http://t.co/mZU6ghMw3n from @jmonegro is a great way to start kick start some reflection on building #bitcoin apps
549779844662587392,2014-12-30 04:11:44,@brucefenton have a link to the study?
547023263281733633,2014-12-22 13:38:03,"RT @adam3us: MIT tech review on blockstream &amp; sidechains, an extension mechanism for bitcoin http://t.co/gQjfxNjgfs by @tsimonite"
547022209622233088,2014-12-22 13:33:52,Want to build #bitcoin? We are looking for a few good devs. http://t.co/dLSjk8fpP5 CC:@blockchain @FinTechEurope
543601710795874304,2014-12-13 03:02:02,RT @ErikVoorhees: How do Bitcoin skeptics argue with this? Could there be a better example of this technology's organic growth? http://t.co…
539179427272593408,2014-11-30 22:09:27,400M of investment into the #bitcoin ecosystem so far - and 107M in Q4 alone to date. We all have a lot to build! https://t.co/IH4EOdZS0h
538727472758816768,2014-11-29 16:13:33,RT @rogerkver: .@blockchain demonstrates their commitment to Bitcoin privacy by offering a .onion address for @torproject users https://t.c…
538720248795762688,2014-11-29 15:44:50,"RT @blockchain: When using your #Blockchain wallet via #Tor, you can now access us through this .onion link: http://blockchatvqztbll.onion/…"
537277481926262784,2014-11-25 16:11:48,"RT @niccary: The /r/bitcoin thread is loaded with gems today, check out the @blockchain UI vs Western Union in the top spot! http://t.co/EV…"
536669104359624704,2014-11-23 23:54:19,"RT @RafaelCorrales: ICYMI: +2.5 million users for @blockchain, making it the most popular bitcoin wallet by far: https://t.co/Nv2SxsUG8U"
535130172849389568,2014-11-19 17:59:10,"iOS Bitcoin Wallet by Blockchain.. 
https://t.co/6O9GvyA67a"
534869153199697920,2014-11-19 00:41:58,RT @blockchain: Why we love a good #bitcoin #hackathon &amp; our experience at #HackBit #NYU @chain @OneMorePeter @KMHouk @BloombergNews http:/…
534408612219977729,2014-11-17 18:11:56,RT @blockchain: @Blockchain's @OneMorePeter joins a panel at 2:30 @BloombergNews HQ in NY re: #Bitcoin as a Technology @secondmarket @chain…
534310245796151297,2014-11-17 11:41:04,RT @coindesk: NYU Hackathon Heralds New Generation of Bitcoin Apps http://t.co/wq3Rq5FzH6 http://t.co/9JcZxTP5cv
533465917678977024,2014-11-15 03:46:00,RT @dunn: @hunterwalk can we all agree on this hierarchy for digital exec emails. Gmail (yep) &gt; yahoo (uh..)  &gt; hotmail (really) &gt; aol (omg)
533241371159973888,2014-11-14 12:53:44,#Bitcoin + #hackathon = optimal Friday. Stoked to join @blockchain dev advocate @KMHouk at the NYU Hackbit https://t.co/iFxSTPqpr0
533044312926601216,2014-11-13 23:50:42,RT @orionwl: Call for testing and review - help if you want autoprune in #bitcoin #core 0.10:  https://t.co/fqPgYqABnE #pruning
530663729311264768,2014-11-07 10:11:07,"RT @rogerkver: ""Bitcoin is P2P software. It was not ever designed for other people to store your money; it was designed for you to store yo…"
530389407657119744,2014-11-06 16:01:03,RT @eddycarroll: Great overview of #Bitcoin and @blockchain's impressive growth from Peter Smith @onemorepeter #builders #websummit http://…
530332497096503296,2014-11-06 12:14:55,Stoked to talk #Bitcoin and @blockchain at 3:00pm Dublin time on the @WebSummitHQ builders stage.  Livestream @ http://t.co/MibJRPJ26X
529434730010533888,2014-11-04 00:47:30,Really cool hack! “@ppalavilli: this is what I've build - bitcoin service for android http://t.co/UMCwrwlmQ6” 1 of favs from @money2020 hack
529043174010798080,2014-11-02 22:51:36,impossible to judge the @blockchain apps. 23 teams (1/4 of the #hackathon) built amazing  #Bitcoin apps at @money2020 #hackathon. Amazed.
528972151911493632,2014-11-02 18:09:23,"Overheard @money2020 #hackathon: ""there is way too much #bitcoin excitement here"" -Dev evangelist from traditional payments company."
528751276868120576,2014-11-02 03:31:42,"RT @rogerkver: Step 1. Buy BTC at https://t.co/cZYV6jGclZ
Step 2. Spend BTC on https://t.co/xDHGHrPgBt
Result: 15% savings on Amazon http:/…"
528620108608856064,2014-11-01 18:50:29,RT @money2020: #Bitcoin pioneers @blockchain launching their #money2020 Hackathon challenge http://t.co/QzMmI00eYl
528598870641881090,2014-11-01 17:26:06,So stoked about how excited @money2020 #hackers are about #bitcoin and @blockchain
528566027567648768,2014-11-01 15:15:35,"RT @Stammy: ""Paul, Bitcoin is HIGHLY controversial"" - recruiter http://t.co/zX6av0Y3rb"
526883420904116225,2014-10-27 23:49:31,RT @jeremysliew: Our portfolio company LedgerX Hopes to Establish First U.S.-Regulated Futures Exchange for #Bitcoin - @WSJ http://t.co/5cD…
524908464376926208,2014-10-22 13:01:44,"RT @trish_regan: MRT ""bitcoininfo: Trusting the Tech Behind Bitcoin: @jdrive http://t.co/MActLQYHY6 via @BloombergTV @trish_regan”"
520596378314375168,2014-10-10 15:27:03,RT @TheFoodSnobFrog: My local fishmonger in Amsterdam accepting bitcoin payments :) using @blockchain app @BenedictEvans @pmarca http://t.c…
520595823869304832,2014-10-10 15:24:51,RT @blockchain: Where is the nearest #bitcoin ATM to you? Is it in our Merchant Directory yet? http://t.co/tLFCX15yCp  RT @rogerkver: http:…
520379699923783680,2014-10-10 01:06:03,@chrisdotjackson @dave_latham @coin ...just think how much better a @blockchain wallet with 50 worth of #bitcoin would have been...
519977103916548096,2014-10-08 22:26:16,@stumptowncoffee you guys need to accept # Bitcoin!
519902452448264192,2014-10-08 17:29:38,"RT @trish_regan: Bring on #bitcoin: Why Branson, Gates Support the Currency - Bloomberg http://t.co/7UDr1lEFCj"
519607330007023616,2014-10-07 21:56:55,Thanks @trish_regan and @BloombergNews for having me on Street Smart today to talk #bitcoin and @blockchain!
519394067202187264,2014-10-07 07:49:30,RT @dealbook: Blockchain Is Latest Bitcoin Start-Up to Lure Big Investment http://t.co/Fs0ubqBuwL
518401455896944641,2014-10-04 14:05:13,RT @blockchain: #Blockchain by the numbers. Check out this infographic showing #Bitcoin taking off! http://t.co/yBdvQdbINI
517913133969838080,2014-10-03 05:44:48,"RT @CharlieShrem: Tomorrow! ""The Rise and Rise of #Bitcoin"" premiers in Cleveland, NYC, and LA! Highly recommend! http://t.co/uuaEURV8xN @B…"
517288320511254528,2014-10-01 12:22:01,"@MarcHochstein in this case though, i think its just that #bitcoin startup tech mania hasn't spread here yet, except @YellowPay + @bitoasis"
517283682886119424,2014-10-01 12:03:35,I think I am the only person excited about #bitcoin at #webit. Crazy.
517043193532387328,2014-09-30 20:07:58,Excited to talk about @blockchain and #bitcoin at @WebitCongress tomorrow in Istanbul! If there are any other bitcoiners here... hit me up!
513079884654985216,2014-09-19 21:39:11,"So hot right then. ""@chrisdotjackson: @HeatherPark @OneMorePeter @treblesoul http://t.co/iP6d58vZvr"""
508431346868703233,2014-09-07 01:47:33,Just paid with #bitcoin for my drink at @oldmanhustle using the @blockchain app. Pretty cool @oldmanhustle uses the @blockchain app.
508304224875450368,2014-09-06 17:22:25,Are dog years equal to #bitcoin years?
507998962234953728,2014-09-05 21:09:25,RT @Percival: Great Bitcoin panel at #sthlmtechfest Thanks @FrankSchuil @niccary @steepdecline KNC Miner and others who joined! http://t.co…
505336448934219776,2014-08-29 12:49:32,We remember a #Bitcoin pioneer and pass our condolences to his family today.  Beautifully written by @southtopia http://t.co/XtmjSOmG03
504354075602087936,2014-08-26 19:45:56,@SHodyEsq I blame #bitcoin
504263228172795905,2014-08-26 13:44:57,@nycbtcpros @blockchain Hey! we scrap but then we independently verify (in person or phone) that the location actually accepts #bitcoin
504237359991648256,2014-08-26 12:02:09,So many places to use #bitcoin in NYC today! Using my @blockchain to navigate the city. http://t.co/9gpkUbPrvW
501820611594051586,2014-08-19 19:58:51,Just want to say... @airvpn is awesome. It's not often you get a super reliable and fast VPN service... and it takes #bitcoin via @BitPay!
501291297186258944,2014-08-18 08:55:33,in London city airport looking at #Bitcoin quotes on the lounge @Bloomberg terminals. I feel frighteningly mainstream http://t.co/d77rJjrI1y
500772641440280577,2014-08-16 22:34:36,Hey @melbournecoal nice article ( http://t.co/XA0tEsHYs5 ). If u are ever interested in chatting abt btc transaction trends hit me!
499898585967001601,2014-08-14 12:41:25,Found a great spot for a lunch date with @niccary using my @blockchain iOS #bitcoin wallet w the merchant directory! http://t.co/X0g6lqzbzN
498951582403555328,2014-08-11 21:58:21,"RT @jeremysliew: .@WSJ Video: @Blockchain hits 2m #Bitcoin wallets, doubled in last 7 months http://t.co/V7jjZLMHAF @OneMorePeter"
498882623507554304,2014-08-11 17:24:20,At @RiskRewardFBN to talk about 2 million #bitcoin @blockchain wallets! Will be on at 1:40 NYC time.
498812664823697408,2014-08-11 12:46:21,Fun to watch @d_seaman use the new @blockchain #bitcoin wallet for iOS and Android. I can't find her address tho man! http://t.co/jsnAXRvKJw
498557706895372289,2014-08-10 19:53:14,"RT @msantoriESQ: 2,000,415 @blockchain #bitcoin wallets as I type this.  Marvelously done. @OneMorePeter @niccary @rogerkver"
497153351948050432,2014-08-06 22:52:50,"RT @PipelineDeals: ""Keep your run rate down. Cost efficiency is the name of the game!"" Insights from @blockchain COO @onemorepeter http://t…"
496101947276275714,2014-08-04 01:14:56,"RT @twobitidiot: Love so many companies in #bitcoin, but if I had to bet on the most likely to exist in five years, it would be @blockchain."
495297180102844417,2014-08-01 19:57:04,RT @blockchain: Did you know our #bitcoin Merchant Directory is now available on #iOS? See who accepts bitcoin near you! http://t.co/HXosY3…
494175170006093824,2014-07-29 17:38:36,"RT @RiskRewardFBN: @blockchain's @OneMorePeter: ""Well at least the volatility moves in the right direction"" on why #bitcoin has gained trac…"
494163669044199424,2014-07-29 16:52:54,"Headed to @FoxBusiness to talk about #bitcoin, iOS and @blockchain... Tune in at 1:30 NYC time to join!"
493832049925828608,2014-07-28 18:55:10,@JohnRMeese  where is it? link me or it didn't happen ;)
493791927054376960,2014-07-28 16:15:44,"Thanks for having me @SquawkCNBC - it was great to talk about #bitcoin, @blockchain and iOS"
493765749773991936,2014-07-28 14:31:43,RT @brianeklein: Super excited to have my @blockchain #bitcoin wallet on my iphone #welcomebacktothepartyapple @niccary @OneMorePeter
493758943911354368,2014-07-28 14:04:40,Want the new @blockchain iOS #bitcoin App? Click https://t.co/4wUkx3f7i6 CC: @twobitidiot @niccary
493745335353999360,2014-07-28 13:10:35,"Its coming back! ""@businessinsider: We just got another sign Apple is embracing Bitcoin again http://t.co/tIbpDWrePS"" CC: @rjwile @niccary"
493556093688090627,2014-07-28 00:38:37,"At night, I look at my iPhone 5S and wish it had a bitcoin wallet on it.... @matt_tuzzolo &amp; @zootreeves maybe we should go hack code for it"
493531885729873921,2014-07-27 23:02:25,RT @niccary: Woohoo! The new Android #Bitcoin wallet @blockchain passes thorough 100K downloads. @coindesk @WSJ @TechCrunch http://t.co/mHu…
493524008441085952,2014-07-27 22:31:07,Anyone else think @fiverr and #bitcoin are a match made in heaven? Love using that service and easily paying in #bitcoin.
491747802330849281,2014-07-23 00:53:06,"When @DorianSatoshi pays for sushi with #bitcoin, does he use the new @blockchain #android  #app? Inquiring minds want to know."
491438531462455296,2014-07-22 04:24:11,RT @XBTeller: Good day for buying #bitcoin in #Denver apparently. @LamassuBTC #bitcoinATM +1 @blockchain wallet user. #onboarded http://t.c…
490604712392417280,2014-07-19 21:10:53,"RT @jeremysliew: .@Blockchain, with more #Bitcoin wallets than any other company, releases slick new Android wallet app. http://t.co/rJvI5W…"
488991152041783297,2014-07-15 10:19:10,Any1 have a good breakfast spot in Chicago? Will be dtown 4 @btcusa and need fuel 4 #bitcoinchicago. If they take #bitcoin ill buy u bfast.
487273626996314113,2014-07-10 16:34:20,"RT @coinsummit: Now: ""The challenges of operating a #Bitcoin Business In Europe"" @markdavidlamb @FrankSchuil @diacle_ @OneMorePeter"
487239545545822209,2014-07-10 14:18:54,@coinsummit and looking for a coffee shop that accepts #bitcoin
486886029039656960,2014-07-09 14:54:09,Verifying myself: My Bitcoin username is +peter. https://t.co/bwEPnoW3Qq #bitcoin
484334856621416448,2014-07-02 13:56:42,Very wealthy very libertarian individual wins USMS #bitcoin auction... as predicted. http://t.co/BOkfq28MfO congrats @TimDraper
483666338301628416,2014-06-30 17:40:15,RT @BitPay: Retweet if you use #bitcoin
483237280107077632,2014-06-29 13:15:20,Looking forward to spending some #Bitcoin today at the @hesterfair with Mr @niccary and Mr @msantoriESQ
482743013307740160,2014-06-28 04:31:17,@niccary @blockchain wallets all around the world! #bitcoin @niccary @rogerkver @SHodyEsq @fonebtc @keonne
482739511579787264,2014-06-28 04:17:23,RT @niccary: Uh oh! Leaving behind some more Bitcoin wallets at LAX with @OneMorePeter @blockchain http://t.co/tRf0UyaJI1
480105885436764160,2014-06-20 21:52:17,"RT @msantoriESQ: Check out the new http://t.co/fulwauvqLR, now my #bitcoin landing page of choice. @blockchain @niccary @OneMorePeter"
479611242353397761,2014-06-19 13:06:45,"@keonne  you should be on it ""@coindesk: Bitcoin Foundation Forms Committee to Create Bitcoin Unicode Symbol http://t.co/Vt8VOf5wbO http://t"
479369390060605440,2014-06-18 21:05:43,@BakariPace link?
479340353493803008,2014-06-18 19:10:20,hey @expensify why can't I pay for my subscription with #bitcoin? cc: @aantonop @quinthar
479242926946410497,2014-06-18 12:43:12,RT @niccary: Reddit asks. Reddit gets. #sneakpeak #bitcoin iOS @apple coming soon http://t.co/pmdlO4KAyb
479217766017163264,2014-06-18 11:03:13,RT @fonebtc: 2 new wallet owners thanks to the Blockchain/GogoCoin partnership &amp; 1 future #BlockchainMerchant  #Paris #Bitcoin http://t.co/…
478235000354406400,2014-06-15 17:58:03,RT @CharlieShrem: Over 25 merchants accepting #bitcoin ! nycbitcoinfair http://t.co/8eldqpzOCH
476658954798649344,2014-06-11 09:35:25,@Monimus But they seem so friendly! Isn't it a little early for Btc Chicago?
475027730762039296,2014-06-06 21:33:31,RT @TheStalwart: The future of Bitcoin is not in the US. http://t.co/9kcrR713SJ
474514307045003265,2014-06-05 11:33:21,RT @TheStalwart: Interesting. Sorkin on CNBC saying he's coming around on Bitcoin after talking to eBay's John Donohue (who owns Bitcoin pe…
474352344919207936,2014-06-05 00:49:46,RT @niccary: The @blockchain COO making the case for consumer protection of #bitcoin @OneMorePeter http://t.co/onSJ4DwZ3c
474328081818464256,2014-06-04 23:13:21,Who at @NYFTS  would like some #bitcoin? @blockchain has some for you. Look for @niccary or me
473501660384608257,2014-06-02 16:29:27,@HeatherPark Soon it'll be daily Bitcoin adventures :)
473501590578810881,2014-06-02 16:29:11,RT @HeatherPark: I always love my weekly Bitcoin lessons from @OneMorePeter =&gt; What is Bitcoin? - We Use Coins http://t.co/mdjqaqvkq2
473466690714734592,2014-06-02 14:10:30,Where should @niccary and I spend our #bitcoin in NY this week?
473069678902784001,2014-06-01 11:52:55,Only half of the Afghan governments 700k employees have a bank account. How do we get them #bitcoin wallets from @blockchain or similar?
472015364029947904,2014-05-29 14:03:27,RT @ErikVoorhees: DISH Becomes World's Largest Company to Accept Bitcoin http://t.co/qafqNamI3b via @coindesk
471088472116060160,2014-05-27 00:40:18,"Very strong move kids ""@InsideBitcoins: #Lego #Bitcoin QR Code http://t.co/N7MHmXEt0M http://t.co/cf18rVDaPA http://t.co/5GORWrRMZq"""
470943994378485760,2014-05-26 15:06:12,RT @emilyspaven: Bitcoin and Regulation: Lessons from the Early Days of Skype http://t.co/YAT2gQW0MK via @coindesk
469599559967338497,2014-05-22 22:03:54,"@DorianSatoshi I'm sitting next to @niccary right now. He wants to buy you lunch, but only if he can pay for it with XRP. Lulz."
469558612801499137,2014-05-22 19:21:11,RT @niccary: Bitcoin Pizza Day!! @blockchain @OneMorePeter #bitcoin http://t.co/pnevTATAyr
469230791856500736,2014-05-21 21:38:33,RT @niccary: Honored to announce I will be presenting The Future of Money at TEDxEAST in NYC June 3rd @blockchain #bitcoin http://t.co/vXu4…
469195297097523200,2014-05-21 19:17:30,"RT @corkket: #bitcoin having trouble breaking 500, sell your couch for bitcoin on @Corkket and drive up demand!"
469131129694748672,2014-05-21 15:02:32,Going to NYC next week and I want to talk #bitcoin with @TheStalwart and @rjwile - can anyone put me in touch?
467666256468787201,2014-05-17 14:01:39,Find free bitcoin from @blockchain at #bitcoin2014 underneath the tree + exclusive new look at new a @blockchain app http://t.co/wpkmPlUvsB
467595646682152960,2014-05-17 09:21:04,Want some free #bitcoin and a look at a  @blockchain product? @niccary hid a wallet near a booth in main room :-) #Bitcoin2014
466684112288636929,2014-05-14 20:58:57,RT @DorianSatoshi: The secret is still safe.  I denied the gold-to-bitcoin transmutation function when @Newsweek called me. @OneMorePeter @…
466662296375558144,2014-05-14 19:32:16,Hi @Finzel_11921 - Bitly says the link is problematic.
464023859247988736,2014-05-07 12:48:03,RT @PelleB: How Bitcoin is Thriving in Argentina's Black Market Economy http://t.co/fAIZ7odpGF
463494660460408832,2014-05-06 01:45:13,RT @blockchain: Our COO's appearance at #TCDisrupt; Don't Trust #Bitcoin Startups That Centralize Everything: http://t.co/zJnILy7lYf @OneMo…
463334552266883072,2014-05-05 15:09:00,RT @KristenTaylorS: .@OneMorePeter from @blockchain says the tech is available to manage own #bitcoin so why trust anyone else to manage it…
463322488634871808,2014-05-05 14:21:04,"RT @TheTorqueMag: ""We have to do a better job at educating consumers on the differences between services"" @OneMorePeter #bitcoin #techcrunc…"
463058396678475776,2014-05-04 20:51:39,"RT @blockchain: Tomorrow at 9:50am, join our COO Peter Smith as he speaks about #Bitcoin, at @TechCrunch #DISRUPT NYC! http://t.co/CJ7hfhN2…"
462628750216404992,2014-05-03 16:24:23,@aantonop + @Percival wish I was headed to the #bitcoin #job fair with you to hang out and meet people who'd like to join @blockchain
461361322341728257,2014-04-30 04:28:05,"RT @rogerkver: ""The Bitcoin payment network opens a new world of possibilities. I don't have to ask anyone permission to innovate in financ…"
460626363297562624,2014-04-28 03:47:37,"Woahhh “@brianeha: Job: ""If the crazy ride and popularity of Bitcoin makes you cackle like a mad scientist..."" http://t.co/LmkGQ779Yg"
460448275494367232,2014-04-27 15:59:58,RT @odoudin: Great article by @elerianm on #Bitcoin @BitcoinMENA @BTCLB @BTCJO  http://t.co/NcwP2ngcG8
460145779077025793,2014-04-26 19:57:57,@blockchain is at the @corkket #bitcoin picnic today in Union Square! http://t.co/fXTvZmCatd
459101675496935424,2014-04-23 22:49:03,So fun to watch @rogerkver setup a merchant in San Jose with #bitcoin in the #bitcoindoc
456797007156637696,2014-04-17 14:11:08,RT @blockchain: http://t.co/qmDyCvxjYP strikes five year deal to exclusively manage http://t.co/gA0N24J9sc http://t.co/YGcA2ouajt #bitcoin
455882488418938880,2014-04-15 01:37:09,"RT @coindesk: Classifieds site Corkket is ""more local than eBay, more trustworthy than Craigslist"" with 'secure' bitcoin payments http://t.…"
455731641814892544,2014-04-14 15:37:45,RT @blockchain: 1.5 Million Wallets! Thx everyone for your support &amp; appreciating our services we provide to the #Bitcoin community! http:/…
455718808658128896,2014-04-14 14:46:45,RT @CharlieShrem: #Bitcoin Picnic! Sat April 26th! #Bitcoin food and juice trucks. Musical guest @ZhouTonged! https://t.co/A1baxtlY54
455432251413921792,2014-04-13 19:48:04,RT @virtuallylaw: Wladimir van der Laan's Top Four Priorities for Bitcoin http://t.co/hWZYtwTgR1 via @coindesk
453917859564236801,2014-04-09 15:30:25,RT @BitPay: Congressman Jared Polis Buys His First Bitcoin at Capitol Hill - https://t.co/oKF7wDe11u via @coin_report #bitcoin
453545644842835968,2014-04-08 14:51:22,RT @twobitidiot: Excellent guest post for today's Bit on #bitcoin's utility in emerging markets! From @OneMorePeter: http://t.co/68drZSeXDJ
453181831266205696,2014-04-07 14:45:42,RT @qikcoin @coindesk: Identitymind Launches Low-cost Compliance Services for Bitcoin Startups http://t.co/gnLzJmD2bt
451916891980697600,2014-04-04 02:59:17,Very interesting investigation by @MotherJones into @Newsweek - that special mag that doxxed 'Satoshi' #bitcoin http://t.co/a3ZnW66bNc
451686155499487233,2014-04-03 11:42:26,RT @rogerkver: Standing room only every week at the Tokyo Bitcoin meetup! @caicaikiki @msantoriESQ @OneMorePeter @kenshishido http://t.co/B…
451681272478179329,2014-04-03 11:23:01,@rogerkver @caicaikiki @msantoriESQ @kenshishido so awesome to meet yet another passionate #bitcoin community
451523105232396288,2014-04-03 00:54:31,RT @jgarzik: Who says #bitcoin cannot do micropayments?  My demo can do 100+ per second: https://t.co/ziS9gKJdza implements https://t.co/kO…
450901451397558272,2014-04-01 07:44:18,RT @bitcoinartnews: Bitcoin fundraiser for disabled bugfixer who helped Satoshi in early days http://t.co/FzkogJARV1 http://t.co/JOiWCDFbCq
450737736912080896,2014-03-31 20:53:45,RT @TheStalwart: Square adopts Bitcoin http://t.co/nYaMiqeDp4
449262702167224320,2014-03-27 19:12:29,@BitcoinBelle @Sonnenshein @BitcoinTrust @barrysilbert @Barclays @coinbase @coinsummit #bitcoin
449206524657664000,2014-03-27 15:29:15,@samimccabe email me with what type of legal work you need and I'll link you
449188214402596864,2014-03-27 14:16:30,"RT @UrgentSpeed: Who should banks fear? Lenddo, Baidu, DealStruck, bitcoin, Google.  http://t.co/4XC9BjSahV via @newsweek @kmaney"
448989768123035649,2014-03-27 01:07:57,in hotel bar. Angel and founder are talking next to me. Founder keeps trying to explain why you can't patent 'core #bitcoin tech'. lulz.
448562510916882432,2014-03-25 20:50:11,@Sonnenshein @BitcoinTrust @barrysilbert @Barclays @coinbase this pic is as big a deal as @coinsummit in terms of where #bitcoin is today
448561360352190465,2014-03-25 20:45:36,"RT @coindesk: ""My initial reaction is that the IRS guidance makes the use of bitcoin as a currency extremely onerous."" - @msantoriESQ #coin…"
448249630485393408,2014-03-25 00:06:54,@jonzanoff great! ? Was bc I attended a btc event w/ 'speakers' that had been interested in btc 4 barely a min - glad to hear u r vetting
448248227234869248,2014-03-25 00:01:20,"@NYFTS I don't think he's known as a bitcoin expert, try @barrysilbert or @coinsetter"
448183809071403008,2014-03-24 19:45:21,Looking at a #Bitcoin project right now that can only be described by this cartoon... http://t.co/Gvi7xRqrik
448138059054592000,2014-03-24 16:43:33,RT @PelleB: Resumen of my talk in Jo'burg last week: African banks should innovate around Bitcoin – @KipochiPay | HumanIPO http://t.co/CUjG…
446304228072759297,2014-03-19 15:16:34,@HelloBitcoin @FortuneMagazine how does it work specifically tho? Lots of vapor in #bitcoin :) love the name though!
446273884846047233,2014-03-19 13:16:00,RT @gavinandresen: Bitcoin Core version 0.9.0 is finished! Download binaries from https://t.co/Brm6CPBw58 -- report bugs to https://t.co/hz…
446009888901443584,2014-03-18 19:46:58,"RT @MarlisseSS: Thanks so much to @virtuallylaw for answering all these questions, plus dozens more about #Bitcoin http://t.co/ygiUPSQTZT a…"
446000113383931904,2014-03-18 19:08:07,"RT @nathanielpopper: It's true! @zseward NYT's @nathanielpopper has sold the first big bitcoin book, ""Making Money,"" to HarperCollins"
445681206055940096,2014-03-17 22:00:54,"RT @aantonop: Happy Birthday @SeansOutpost! Demonstrating how bitcoin can deliver more than 50,000 meals for the homeless in less than a ye…"
444867893126520832,2014-03-15 16:09:05,@uberconference should prob update blog then... Link to 'iPhone app' is just a dead end
444525717897101312,2014-03-14 17:29:24,RT @jonmatonis: I love the location of this #bitcoin kiosk. RT @cedricdelzenne First bitcoin ATM just arrived in #hongkong! http://t.co/Q9o…
439956994753970176,2014-03-02 02:54:56,RT @cdixon: I hope Bitcoin fails again this year.
439246855193763840,2014-02-28 03:53:05,RT @TheDailyShow: TONIGHT! Find out why Bitcoin is the most exciting fake currency since the Euro!
439112275992272897,2014-02-27 18:58:19,"RT @Coinapult: @coindesk on The State of #Bitcoin for 2014. Such data, very insight, much graph. Wow. http://t.co/d2UXPyukmy"
439067981671571457,2014-02-27 16:02:18,RT @ErikVoorhees: Government should let Bitcoin users—all of whom got involved of their own free will—absorb the growing pains http://t.co/…
437316156765270016,2014-02-22 20:01:11,"RT @lopp: Water bowl now open: first 100 shibes to retweet this will receive 1,000 dogecoins. Learn more about Dogecoin at http://t.co/1ziy…"
436997246228631552,2014-02-21 22:53:57,“@coindesk: If VCs want their Bitcoin startups to succeed... one other investment. http://t.co/adKhU2J7re by @danprimack” @coinsetter
436189703239647232,2014-02-19 17:25:03,RT @BenLawsky: FYI -- I'll be stopping by Reddit for  #Bitcoin AMA around 1230pm EST tmrw (Thurs). Post should be live abt 15-20 min before…
435843716470018048,2014-02-18 18:30:14,RT @BenLawsky: Thanks to all for request/feedback on doing a Reddit AMA about #Bitcoin. Working to set up a time soon. Hopefully later this…
434437678000787457,2014-02-14 21:23:08,RT @FatherBitcoin: Happy Valentines day. Father Bitcoin will always share his umbrella. Credit: http://t.co/FFXOdNTaWf http://t.co/2LCe7YR8…
433676873550159872,2014-02-12 18:59:58,"Just paid for a @fiverr gig with #bitcoin - it was faster, easier, and more secure than when I paid with @PayPal - way to go @coinbase"
433613386593865728,2014-02-12 14:47:42,RT @bitcoinpoet: Those who can't compete regulate. #bitcoin
