id,created_at,text
1129075901826830337,2019-05-16 17:27:26,"RT @tylerwinklevoss: Bitcoin is gold 2.0. It matches or beats gold across the board. It’s market cap is ~140bil, gold’s market cap is ~7tri…"
1128847383364800518,2019-05-16 02:19:23,RT @tylerwinklevoss: Bitcoin breaking 8k this time feels lot different than the last time. So much progress has been made since then and it…
1128658213812015107,2019-05-15 13:47:42,"RT @Gemini: In addition to @FlexaHQ supporting #GUSD, all #crypto held with SPEDN is custodied with Gemini, providing safety and security f…"
1128308767127416832,2019-05-14 14:39:07,"RT @APompliano: The world is waking up to the potential of Bitcoin.

What didn’t kill it, made it stronger."
1128250369082048513,2019-05-14 10:47:04,@OgJono OMG! Brilliant! hahah
1128018056167526403,2019-05-13 19:23:56,RT @Gemini: Want to learn more about how to spend the Gemini dollar and other #crypto? Join us at the @FlexaHQ store at #Consensus2019 toda…
1127987679742898176,2019-05-13 17:23:14,"RT @APompliano: BREAKING: Whole Foods, Starbucks, and other retailers are now accepting Bitcoin in stores with @Gemini’s help.

Don’t liste…"
1127970687812026374,2019-05-13 16:15:43,@allnick @BedBathBeyond @WholeFoods @GameStop Then use the Gemini dollar which is supported on the SPEDN app!
1127957368921137152,2019-05-13 15:22:47,"2009-Yesterday: no one is going to buy coffee w/ bitcoin. Not because u can't, but because it's a bad experience (e… https://t.co/yvK5DeUgV7"
1127947471081152514,2019-05-13 14:43:28,"RT @jeffjohnroberts: Crypto breakthrough: Whole Foods, Starbucks et al now take Bitcoin via in-store scanners with @Gemini doing the back-e…"
1127382003790299138,2019-05-12 01:16:30,RT @tylerwinklevoss: Should we rename Blockchain Week to Bitcoin Week? 😂🚀👍
1124354440197279745,2019-05-03 16:46:02,"RT @TheRealBlockFi: BlockFi client assets are stored at @Gemini, who have insured hot wallets, are SOC 2 compliance and are industry leader…"
1121571852877484032,2019-04-26 00:29:02,RT @Gemini: The Gemini dollar combines the creditworthiness and price stability of the U.S. dollar with blockchain technology and the overs…
1118543650861064192,2019-04-17 15:56:02,Gemini Is Now the Largest Bitcoin Exchange to Add ‘Full’ SegWit Support https://t.co/oKIFd7iDFd via @CoinDesk
1117853416078790656,2019-04-15 18:13:17,RT @tylerwinklevoss: JUST IN: @Gemini never listed $BSV in the first place.
1108383438392958976,2019-03-20 15:02:59,"RT @Cointelegraph: Winklevoss Capital’s Sterling Witzke discusses stablecoins and BTC’s fair price with Cointelegraph
https://t.co/AQki5V4A…"
1104107285650071553,2019-03-08 19:51:04,"RT @Gemini: Today and everyday we celebrate, Ada Lovelace, the first computer programmer, and all of our female trailblazers here at Gemini…"
1099017020962754561,2019-02-22 18:44:11,RT @Gemini: “The tokenization of real assets is a major step forward in the evolution of the #crypto economy. Working w/ BTG Pactual to lev…
1098283420621393921,2019-02-20 18:09:07,"RT @ritholtz: Coming up on Masters in Business, my conversation with the Winklevoss twins
#bitcoin ⁦@winklevosscap⁩ https://t.co/muiEt1kdLy"
1090674164950855680,2019-01-30 18:12:39,RT @Gemini: A conversation at Zuccotti Park with Gemini on why enhanced regulation is important for the crypto industry #cryptoandcoffee ht…
1088878576840122368,2019-01-25 19:17:37,"RT @Gemini: Our Director of Business Development, Esther Babb, joined @Davos @wef to spread the word about #crypto and the Gemini dollar ht…"
1087775998739955718,2019-01-22 18:16:22,"RT @Gemini: ""People believe in the dream of #crypto. They just don't know how to get involved without getting burned. It's about building r…"
1083468697560367106,2019-01-10 21:00:42,RT @jeffjohnroberts: Thanks @tylerwinklevoss and @winklevoss for talking about the future of Bitcoin on @FortuneLedger. Story coming soon.…
1078382444330532864,2018-12-27 20:09:44,RT @cex_io: We’re happy to list Gemini Dollar. It’s one of the regulated stablecoins intended to bridge a gap between cryptocurrencies and…
1078354354032308226,2018-12-27 18:18:07,RT @Liquid_Global: The @Gemini dollar is the world's first regulated stablecoin. We are proud to offer $GUSD trading on Liquid against $BTC…
1078354318993051648,2018-12-27 18:17:59,RT @brianjesposito: @Gemini @Liquid_Global Once again rock star status @winklevoss &amp; @tylerwinklevoss.  You and your team keep kicking ass.…
1078086091482243073,2018-12-27 00:32:08,RT @jeihjeih: The way I can withdraw $GUSD directly from my USD balance from @Gemini without trading/buying it is what seals the deal IMO.
1072523963052552194,2018-12-11 16:10:13,If I got 1 bitcoin for every time someone asked me when @Gemini is going to launch a mobile app I would have more b… https://t.co/fRuN4bZNmy
1072499918365954048,2018-12-11 14:34:41,RT @Gemini: Bitcoin Cash (BCH) is now open for trading on https://t.co/UX9D7DCpqf! https://t.co/knr6EnOh63
1071100526920679425,2018-12-07 17:54:00,"RT @Gemini: We are pleased to announce that Bitcoin Cash (BCH) is now available on Gemini! On Saturday, we will begin accepting Bitcoin Cas…"
1068599395170623488,2018-11-30 20:15:24,"RT @Gemini: Our Head of Business Development, Sarah Olsen, joined @Citi yesterday to discuss tokenization and the Gemini dollar https://t.c…"
1063265110821675008,2018-11-16 02:58:51,"RT @Gemini: Our Director of Business Development, Esther Babb, joined @harvardintech last night to discuss the Gemini dollar and the future…"
1058399803116322816,2018-11-02 16:45:51,"RT @GeminiTrust: ""The Gemini dollar is an obvious choice for Liquid. Both Liquid and Gemini put transparency, regulation and compliance at…"
1055513444865191938,2018-10-25 17:36:30,RT @thedailybitnews: Biz Dev at @GeminiTrust has been putting in the work – Gemini Dollar $GUSD now supported by 25 exchanges // 4 platform…
1055513421121249280,2018-10-25 17:36:24,RT @BitMartExchange: 👏BitMart has listed Gemini dollar (GUSD)! GUSD/USDT trading pair is available now. More trading pairs will be announce…
1055513328796266496,2018-10-25 17:36:02,"RT @ABCC_Exchange: 🍀New Listing - $GUSD🍀
ABCC has now added a new cryptocurrency, GUSD, for trading. This has increased our trading pairs t…"
1055513048587403264,2018-10-25 17:34:55,RT @GeminiTrust: The Gemini dollar combines the creditworthiness and price stability of the U.S. dollar with blockchain technology and the…
1055129155036213255,2018-10-24 16:09:28,RT @GeminiTrust: We're excited to announce that the Gemini dollar (GUSD) is now supported by 25 exchanges! https://t.co/2SKFfzeAOT
1055129124593905664,2018-10-24 16:09:21,"RT @BW_COM_Exchange: We are delighted to announce the launch of GUSD. The schedule is as follow.

GUSD/USDT trading available at 15:00, Oct…"
1055129106965237760,2018-10-24 16:09:17,RT @GeminiTrust: The Gemini dollar (GUSD) is now officially listed on @BitMartExchange! https://t.co/1ZbpSFMjPE https://t.co/RCG6rPIDWS
1055129095116226561,2018-10-24 16:09:14,RT @COINBANK12: We are excited to announce that the Gemini dollar (GUSD) is now listed on Coinbank. We look forward to working with Gemini…
1055129061566091265,2018-10-24 16:09:06,"RT @b2bx_exchange: B2BX Exchange has just listed an additional 4 stablecoins including $TUSD, $USDC, $GUSD and $PAX. Along with Tether $USD…"
1055129023947386881,2018-10-24 16:08:57,"RT @SatoshiLite: Ever since MtGox announced Litecoin support in 2013 and failed to deliver, I've been on a mission to get LTC added to exch…"
1055128867860549632,2018-10-24 16:08:20,RT @GeminiTrust: The Gemini dollar (GUSD) is now officially listed on @BitZExchange! https://t.co/jFyTHqaL2c https://t.co/xNrhbAZkg6
1055128837552517125,2018-10-24 16:08:12,"RT @Exmo_Com: WOW! 💥 The exclusive pair with Gemini Dollar available on the platform! Thank you for staying with us. You are the best! 😉
Re…"
1054395462516703232,2018-10-22 15:34:02,"@NickPaumgarten @tylerwinklevoss A ""careful reading"" is so disingenuous — you know the spirit of your paragraph rep… https://t.co/txNDOIybpo"
1052742839749279744,2018-10-18 02:07:06,@whalepool @BTCVIX @Bitfinexed Fighting fud w/r/t to a product that is issued by an unlicensed issuer and does not… https://t.co/15I9lpJnJr
1052580017799090176,2018-10-17 15:20:06,@whalepool There is no financial report framework w/r/t to audit conformity w/ a stabelcoin. So you can't perform a… https://t.co/k2OuGlslR8
1052266358904373250,2018-10-16 18:33:44,"RT @coindesk: JUST IN: Winklevoss-founded crypto exchange Gemini is adding litecoin trading in the coming week, with permission from the NY…"
1052266320149004289,2018-10-16 18:33:35,"RT @Cointelegraph: Winklevoss twins’ Gemini adds support for Litecoin deposits and trading
https://t.co/HhmyMRpMjI"
1052266221859688450,2018-10-16 18:33:12,"RT @BitPay: BitPay Introduces Stable Coin Settlements in Gemini Dollars and Circle USD Coin | The BitPay Blog 
 https://t.co/9SgYjphqmr @Ge…"
1052266199843831808,2018-10-16 18:33:06,RT @GeminiTrust: The Gemini dollar (GUSD) is now officially listed on @coinbene! https://t.co/Z7ZJ7WXuF5 https://t.co/91TYptirOj
1052266181607006208,2018-10-16 18:33:02,"RT @ParetoneCap: Paretone Capital is excited to support the Gemini dollar (GUSD), the world's first regulated stablecoin, and is currently…"
1052266142373478400,2018-10-16 18:32:53,"RT @FatBTC: Gemini Dollar(GUSD) is now on FatBTC. We are scheduled to open GUSD/ETH trading in limited time market at 10:00 (UTC+8), on Oct…"
1052266113986424833,2018-10-16 18:32:46,"RT @OKCoin: We are pleased to announce that USD//Coin (USDC), Gemini Dollar (GUSD), and Paxos Standard Token (PAX) are now listed on OKCoin…"
1052266068490813441,2018-10-16 18:32:35,"RT @bitforexcom: 🎉🎉The first regulated stable-coin in the world #GUSD is Now Available on #BitForex 🎉🎉

#GUSD #deposit available from 20:00…"
1052266048219766784,2018-10-16 18:32:30,RT @TheRealBlockFi: BlockFi is now the only crypto-backed lender to support @GeminiTrust's GUSD. This new funding option enables BlockFi to…
1052266024366686208,2018-10-16 18:32:25,"RT @BCEXofficial: Announcement on BCEX will add GUSD/USDT、PAX/USDT trading

GUSD and PAX are available in USDT trading market,as follows:…"
1052200547489595392,2018-10-16 14:12:14,"RT @GeminiTrust: As of 9:30am EDT this morning, you will be able to deposit Litecoin (LTC) into your Gemini account! Trading will begin thi…"
1052200500987351040,2018-10-16 14:12:03,RT @GeminiTrust: We're happy to announce that Litecoin (LTC) trading on Gemini begins today at 9:30am EDT! https://t.co/it5xuF9Hr5
1050759450989084672,2018-10-12 14:45:49,"RT @GeminiTrust: We are pleased to announce that @litecoin (LTC) is now available on Gemini! Starting tomorrow, we will begin accepting Lit…"
1050440328275210240,2018-10-11 17:37:45,RT @GeminiTrust: The Gemini dollar (GUSD) is now officially listed on @latokens! https://t.co/eaB7glBNOn
1047593852411023361,2018-10-03 21:06:52,RT @GeminiTrust: The Gemini dollar (GUSD) is now officially listed on @oexcom! https://t.co/OXYD7hrNym https://t.co/919YUJQQ6E
1045337801036836865,2018-09-27 15:42:07,RT @GeminiTrust: Excited to announce that @Digifinex has officially begun listing the Gemini dollar (GUSD) https://t.co/slnc1Ue7s1 https://…
1045005534364094464,2018-09-26 17:41:49,RT @GeminiTrust: We are excited to announce that the Gemini dollar (GUSD) is now officially listed on @BTEX_COM https://t.co/rNWxOYnnKK htt…
1044949079430705152,2018-09-26 13:57:29,RT @BTEX_COM: BTEx launches Gemini Dollar markets and opens trading pair for ETH/GUSD. Happy trading. @GeminiTrust
1042897587114786818,2018-09-20 22:05:35,RT @tylerwinklevoss: The Gemini dollar (GUSD) is now available for trading on @hitbtc 🚀 #ToTheMoon https://t.co/jTsoT3DvL9
1042892366452064256,2018-09-20 21:44:50,RT @hitbtc: HitBTC strongly supports the concept and philosophy of stablecoins. And today we’re happy to open markets for the Gemini Dollar…
1041057932073488384,2018-09-15 20:15:27,"RT @BlockFiZac: Tried @GeminiDotCom GUSD.  Took $20 off Gemini to a wallet and back in under 5 minutes, with no fees.  Products like this h…"
1040678991387144192,2018-09-14 19:09:41,"RT @GeminiDotCom: LIVE from the @LTCFoundation Litecoin Summit, ""We are pleased to announce Gemini will be launching Litecoin support start…"
1040577264398811136,2018-09-14 12:25:27,"RT @EricScheel: Looking forward to Bitcoin, Blockchain and Cryptocurrencies at the Federal Reserve Bank of Minneapolis tonight. I brought a…"
1040308657970470912,2018-09-13 18:38:06,"RT @arvanaghi: This is how easy it is to send the world's first regulated stablecoin to your #Ethereum address. 

The Gemini dollar is live…"
1040308596930752514,2018-09-13 18:37:52,"RT @markjeffrey: STILL disappointed that @GeminiDotCom didn't name their new stablecoin ""WinkleBucks"". Also that way, a 'satoshi' in their…"
1039883846026756096,2018-09-12 14:30:03,RT @GeminiDotCom: The Gemini dollar is now global. @Bibox365 has announced plans to list the Gemini dollar! https://t.co/bQHaXzzGNy https:/…
1039669307637223424,2018-09-12 00:17:33,"RT @arvanaghi: I'm excited to *FINALLY* share what I've been building at @GeminiDotCom!

Introducing the Gemini dollar, the world's first r…"
1039181796100001792,2018-09-10 16:00:21,RT @tylerwinklevoss: Building a viable stablecoin is as much of a trust problem as it is a computer science one. The Gemini dollar is the f…
1039159814977478656,2018-09-10 14:33:01,Introducing the Gemini dollar! The world's first regulated stablecoin that brings US dollars onto the blockchain. B… https://t.co/ZKy3JgBprr
1039154098925387778,2018-09-10 14:10:18,"RT @GeminiDotCom: We are excited to announce our launch of the Gemini dollar (GUSD), the world's first regulated stablecoin! For more infor…"
1032660303291588608,2018-08-23 16:06:16,"RT @GeminiDotCom: Gemini is now open in Arizona! Customers in the Grand Canyon State can now buy, sell and store bitcoin, ether and Zcash!…"
1030500186244698112,2018-08-17 17:02:44,RT @LTCFoundation: Thrilled to announce @GeminiDotCom as a Platinum sponsor for the Litecoin Summit!! VP of engineering @eric_winer will be…
1015329107696062466,2018-07-06 20:18:17,"RT @seemacnbc: Just spoke to @winklevoss who says he still sees bitcoin as gold 2.0. Says his team is shutting out the noise, and focused o…"
1006676492489650176,2018-06-12 23:15:53,"RT @GeminiDotCom: Today's 4pm ET auction: 202.00 BTC (~1.32m USD) @ $6,513.820 (0.06% off collar). https://t.co/yf0jlixGFj"
1004520276061753344,2018-06-07 00:27:51,RT @tylerwinklevoss: One Firm Is Way Ahead of Wall Street on Bitcoin https://t.co/cRG8vKhlRC
1000029335330410496,2018-05-25 15:02:27,"RT @crypto: Meanwhile, Bitcoin bulls including @winklevoss say the probe is likely a good thing. “We welcome any inquiry that serves to fos…"
1000029319874347008,2018-05-25 15:02:24,"RT @crypto: The Department of Justice probe into Bitcoin price manipulation is likely a positive thing to deter bad actors, @Winklevoss say…"
999358358548295680,2018-05-23 18:36:14,"RT @GeminiDotCom: Over $4MM Zcash (ZEC) was traded on Gemini since its launch yesterday, May 22! We support the following ZEC trading pairs…"
998949770898100224,2018-05-22 15:32:39,RT @jgreco: Congrats to @GeminiDotCom on launching ZCash $ZEC trading today! https://t.co/M9lWXqpahr
998933998452858880,2018-05-22 14:29:59,"RT @GeminiDotCom: We are excited to announce that Zcash (ZEC) is now open for trading! To learn more about @zcashco, check out our blog on…"
996128615694831618,2018-05-14 20:42:23,"RT @GeminiDotCom: Today's 4pm ET auction: 304.42 BTC (~2.67m USD) @ $8,759.140 (0.15% off collar). https://t.co/yf0jlixGFj"
996023389990064128,2018-05-14 13:44:16,RT @GeminiDotCom: We are excited to announce that Gemini is now the world's first licensed Zcash exchange! https://t.co/96Ic0z9pyR https://…
996021782284066817,2018-05-14 13:37:52,“Gemini Is Now the World’s First Licensed Zcash Exchange!” https://t.co/cjwWvEhO45
993576823295545344,2018-05-07 19:42:29,"RT @tylerwinklevoss: Dear @BillGates there is an easy way to short bitcoin. You can short #XBT, the @CBOE Bitcoin (USD) Futures contract, a…"
963503399399493633,2018-02-13 20:01:26,RT @IBKR: #Bitcoin's recent historical breakthrough led to the advent of an exciting new asset class. Join our webinar with @winklevoss and…
961867159457579010,2018-02-09 07:39:36,RT @tylerwinklevoss: Bitcoin is gaining currency in political campaign donations  - ABC News - https://t.co/Ce71hLgCN9 via @ABC
961867129803784192,2018-02-09 07:39:29,RT @tylerwinklevoss: Meet the candidate paying for his congressional campaign with Bitcoin https://t.co/dJbef7COVE via @BW
953825960964624385,2018-01-18 03:06:44,RT @GeminiDotCom: Successful First Settlement of Bitcoin Futures with @CBOE https://t.co/jki8WrF4Zi
953762037645168641,2018-01-17 22:52:44,"RT @GeminiDotCom: Today's 4pm ET auction: 616.86 BTC (~6.72M USD) @ $10,900.000 (0.44% off mid). https://t.co/yf0jlixGFj"
942754614990069764,2017-12-18 13:53:10,RT @zooko: lol! The Winklevosses calling out Jamie Dimon to short Bitcoin—personally or with J.P. Morgan's balance sheet—now that there's a…
942123643223642112,2017-12-16 20:05:55,"RT @FoxBusiness: .@winklevoss: “We've been working really hard to give Jamie Dimon an opportunity to short Bitcoin, and anybody who says th…"
942123598550065152,2017-12-16 20:05:44,"RT @CBOE: The first week of Cboe #Bitcoin Futures trading is history.   Monday the curve was pretty steep, but over the course of the week…"
942123575611478017,2017-12-16 20:05:38,RT @FoxBusiness: .@tylerwinklevoss on Bitcoin: We're super excited because this is definitely the starting gun for us rather than the finis…
937816151190528000,2017-12-04 22:49:28,RT @CBOE: Cboe Futures Exchange plans to offer trading in bitcoin futures beginning at 5 p.m. CT on Dec. 10 at the start of Global Trading…
892727304123756544,2017-08-02 12:42:30,RT @GeminiDotCom: CBOE Teams Up With Gemini for Bitcoin Data -- paving the way for bitcoin derivatives. @WSJ https://t.co/pmB1vLoo1W
892724944748113921,2017-08-02 12:33:07,"RT @GunjanJS: CBOE and the Winklevoss twins are teaming up to launch bitcoin futures. 
https://t.co/hZtX9fbfQl

$crypto $BTC #cryptocurrenc…"
860214791524233225,2017-05-04 19:29:22,"RT @GeminiDotCom: Gemini is now open in Puerto Rico! Customers in PR can now buy, sell and store bitcoin and ether! https://t.co/DJ7dqkxKhV…"
851499455262195712,2017-04-10 18:17:44,"RT @GeminiDotCom: Gemini is now open in Maine! Customers in the Pine Tree State can now buy, sell and store bitcoin and ether! https://t.co…"
850455765735309314,2017-04-07 21:10:29,"RT @GeminiDotCom: 900.00 BTC (~1.07M USD) was traded @ $1,193.500 in today's 4pm ET two-sided auction at 0.40% off the midpoint. https://t.…"
848932163303157761,2017-04-03 16:16:14,"RT @GeminiDotCom: Gemini is now open in South Dakota! Customers in the Mount Rushmore State can buy, sell and store bitcoin and ether! http…"
844699714972987392,2017-03-22 23:58:00,"RT @GeminiDotCom: 900.07 BTC (~913K USD) was traded @ $1,014.610 in today's 4pm ET two-sided auction at 0.09% off the midpoint. https://t.c…"
844516574656712704,2017-03-22 11:50:16,"RT @GeminiDotCom: 402.90 BTC (~426K USD) was traded @ $1,056.325 in today's 6pm JST two-sided auction at 0.24% off the midpoint. https://t.…"
844172703124852736,2017-03-21 13:03:51,"RT @GeminiDotCom: 858.00 BTC (~934K USD) was traded @ $1,088.085 in today's 6pm JST two-sided auction at 0.53% off the midpoint. https://t.…"
838960065595977728,2017-03-07 03:50:41,"RT @GeminiDotCom: 1,180.59 BTC (~1.52M USD) was traded @ $1284.750 in today's 4pm ET two-sided auction at 0.08% off the midpoint. https://t…"
837121526654697472,2017-03-02 02:04:59,RT @GeminiDotCom: 953.58 BTC (~1.17M USD) was traded @ $1225.000 in today's 4pm ET two-sided auction at &lt;0.01% off the midpoint. https://t.…
836689299638714369,2017-02-28 21:27:28,"RT @GeminiDotCom: 2,054.00 BTC (~2.46M USD) was traded @ $1196.015 in today's 4pm ET two-sided auction at &lt;0.01% off the midpoint. https://…"
826464703970959360,2017-01-31 16:18:35,RT @GeminiDotCom: We are thrilled to announce that Gemini is now offering Zero-Confirmation Pre-Credited Bitcoin Deposits! https://t.co/caN…
824019962905890817,2017-01-24 22:24:03,"RT @GeminiDotCom: 1,038.92 BTC (~935k USD) was traded @ $900.000 in today's 4pm ET two-sided auction at 0.15% off the midpoint. https://t.c…"
821509217060356097,2017-01-18 00:07:14,"RT @GeminiDotCom: 1,461.20 BTC (~1.30M USD) was traded @ $892.500 in today's 4pm ET two-sided auction at 0.67% off the midpoint. https://t.…"
819680731043692544,2017-01-12 23:01:29,RT @GeminiDotCom: 941.81 BTC (~772k USD) was traded @ $820.000 in today's 4pm ET two-sided auction at 0.14% off the midpoint. https://t.co/…
819680682486202371,2017-01-12 23:01:18,"RT @GeminiDotCom: Gemini is now open in Nebraska! Customers in the Cornhusker State can now buy, sell and store bitcoin and ether! https://…"
819214364964245505,2017-01-11 16:08:19,RT @bfolkens: Cheers to the Winklevi for making a *real* #bitcoin #exchange @GeminiDotCom - #api looks awesome so far
811978298641289216,2016-12-22 16:54:46,"RT @GeminiDotCom: Gemini is now open in North Dakota! Customers in the Roughrider State can now buy, sell and store bitcoin and ether! http…"
811978188012326913,2016-12-22 16:54:20,"RT @EMC2Whale: Im calling it now. @GeminiDotCom will make serious waves come 2017. 
Maybe even become the #1 trading spot for USD. Good luc…"
811686935085412352,2016-12-21 21:37:00,"RT @GeminiDotCom: 1,330.00 BTC (~1.09M USD) was traded @ $819.750 in today's 4pm ET two-sided auction at 0.24% off the midpoint. https://t.…"
810921948511342592,2016-12-19 18:57:13,RT @winklevosscap: Bitcoin's Rally Crushed Every Other Currency in 2016 via @markets https://t.co/bnpDRG0X2Z
809450556045557760,2016-12-15 17:30:26,RT @GeminiDotCom: A premier destination for institutions. See how Gemini makes bitcoin trading &amp; storage uniquely safe + accessible. https:…
805805045262548993,2016-12-05 16:04:28,"RT @GeminiDotCom: Gemini is open in Connecticut! Customers in the Nutmeg State can now buy, sell and store bitcoin… https://t.co/OiQWukvGYl"
801098520652550144,2016-11-22 16:22:25,"RT @GeminiDotCom: Gemini is now open in Iowa! Customers in the Hawkeye State can now buy, sell and store bitcoin and ether! https://t.co/nn…"
801098503422410756,2016-11-22 16:22:21,"RT @GeminiDotCom: Gemini is now open in Georgia! Customers in the Peach State can now buy, sell and store bitcoin and ether! https://t.co/n…"
798655885270716416,2016-11-15 22:36:16,"RT @GeminiDotCom: 1,369.44 BTC (~979k USD) was traded @ $714.860 in today's 4pm ET two-sided auction at 0.05% off the midpoint. https://t.c…"
798554182521327616,2016-11-15 15:52:08,RT @GeminiDotCom: Gemini now offers a new WebSockets API. Traders can now leverage WebSockets for order status information. https://t.co/4R…
795798738191020037,2016-11-08 01:22:59,"RT @GeminiDotCom: 1,972.00 BTC (~1.40M USD) was traded @ $708.130 in today's 4pm ET two-sided auction at 0.03% off the midpoint. https://t.…"
795798693857239041,2016-11-08 01:22:48,"RT @GeminiDotCom: Gemini is now open in Japan and South Korea! Customers in these areas can now buy, sell and store bitcoin and ether. http…"
793923061602873344,2016-11-02 21:09:42,"RT @GeminiDotCom: 1,477.02 BTC (~1.07M USD) was traded @ $726.500 in today's 4pm ET two-sided auction at 0.10% off the midpoint. https://t.…"
789569149563535360,2016-10-21 20:48:49,"RT @GeminiDotCom: 1,500.00 BTC (~945k USD) was traded @ $630.275 in today's 4pm ET two-sided auction at 0.08% off the midpoint. https://t.c…"
788874956318867456,2016-10-19 22:50:20,"RT @GeminiDotCom: 1,481.19 BTC (~927k USD) was traded @ $626.000 in today's 4pm ET two-sided auction at 0.14% off the midpoint. https://t.c…"
788179329498943488,2016-10-18 00:46:10,"RT @GeminiDotCom: 1,511.22 BTC (~960k USD) was traded @ $636.000 in today's 4pm ET two-sided auction at 0.25% off the midpoint. https://t.c…"
786671784191991809,2016-10-13 20:55:43,"RT @GeminiDotCom: 1,950.00 BTC (~1.24M USD) was traded @ $635.945 in today's 4pm ET two-sided auction at 0.08% off the midpoint. https://t.…"
786644280420937729,2016-10-13 19:06:26,RT @Authy: Hello NYC. We're at @GeminiDotCom HQ today filming a new Authy case study. Beautiful Day! #Bitcoin #winklevoss https://t.co/XWon…
786644219012055040,2016-10-13 19:06:11,"RT @GeminiDotCom: 1,718.57 BTC (~1.10M USD) was traded @ $637.99 in today's 4pm ET two-sided auction at 0.07% off the midpoint."
786283618045923328,2016-10-12 19:13:17,"RT @GeminiDotCom: 2,240.00 BTC (~1.43M USD) was traded @ $638.83 in today's 4pm ET two-sided auction at 0.02% off the midpoint."
783119479517614080,2016-10-04 01:40:08,"RT @GeminiDotCom: 1,663.02 BTC (~1M USD) was traded @ $613.00 in today's 4pm ET two-sided auction at &lt;0.01% off the midpoint."
781871141082333185,2016-09-30 14:59:41,"RT @GeminiDotCom: Gemini is now open in Massachusetts! Customers in the Bay State can now buy, sell and store bitcoin and ether! https://t.…"
781598104097357825,2016-09-29 20:54:44,"RT @GeminiDotCom: 2,042.8 BTC (~1.24M USD) was traded @ $605.15 in today's 4pm ET two-sided auction at only 0.14% off the midpoint."
780625251575234560,2016-09-27 04:28:57,RT @GeminiDotCom: 793.32 BTC (~480K USD) was traded @ $605.15 in today's 4pm ET two-sided auction at only 0.2% off the midpoint.
779413416574201856,2016-09-23 20:13:33,RT @GeminiDotCom: 3098 BTC (~1.9 million USD) was traded @ $ 599.50 in today's 4pm ET two-sided auction at only 0.25 % off the midpoint.
779055119921020928,2016-09-22 20:29:49,"RT @GeminiDotCom: 2,090 BTC (~1.25 million USD) was traded @ $ 595.75 in today's 4pm ET two-sided auction at only .25% off the midpoint."
778705209589583872,2016-09-21 21:19:24,2104 BTC (~1.25 million USD) was traded at $593.67 in our first daily BTC/USD auction!… https://t.co/XNU5VOoDZF
778585686689669122,2016-09-21 13:24:27,What's The Best Price 4 Bitcoin? Winklevoss Exchange Gemini Aims To Find Out w/ Daily Auction via @laurashin @forbes https://t.co/NwF7haYwY4
778585084865675265,2016-09-21 13:22:04,"RT @GeminiDotCom: “We view the launch of an end-of-day auction as a significant step forward for Gemini &amp; the Bitcoin industry"" -Chris Conc…"
778567807818665984,2016-09-21 12:13:25,RT @GeminiDotCom: Introducing the First-Ever Daily Bitcoin Auction! https://t.co/CgIxYG4AM2
773492949481037824,2016-09-07 12:07:44,RT @laurashin: Tyler And Cameron Winklevoss On Why They Fell In Love With #Bitcoin https://t.co/mspIPgvqiO @GeminiDotCom @winklevoss @tyler…
773270539045638146,2016-09-06 21:23:57,RT @GeminiDotCom: BTC/USD and ETH/USD trading are now available in Canada and the U.K. https://t.co/Mh0JkCBXOE
761220054738403329,2016-08-04 15:19:38,"RT @GeminiDotCom: Gemini is now open in Texas! Customers in the Lone Star State can now buy, sell and store bitcoin and ether! https://t.co…"
748531274441166848,2016-06-30 14:58:57,"RT @GeminiDotCom: Gemini is now open in New Jersey! Customers in the Garden State can now buy, sell and store bitcoin and ether! https://t.…"
733644033772400640,2016-05-20 13:02:22,RT @GeminiDotCom: Gemini is now open in Pennsylvania! Customers in the Keystone State can now buy and sell bitcoin and ether! https://t.co/…
730214470010712064,2016-05-11 01:54:31,RT @bitmari_: @tylerwinklevoss Great meeting with Bros thanks for wisdom shoutout to my BTC Godfather @maxkeiser #BitMari #Gemini https://t…
726394397684830211,2016-04-30 12:54:54,"RT @harryyeh: Great to see liquidity increasing @geminidotcom great service 👍😎 #bitcoin @ New York, New York https://t.co/2wFCZw8tkD"
720035995647885313,2016-04-12 23:48:53,"RT @tylerwinklevoss: You bet it can! ""Can Bitcoin Be Gold 2.0?"" https://t.co/AGysbQbpyD $ARKW $GBTC $COIN"
714480854366601216,2016-03-28 15:54:44,"New $900,000 #Bitcoin Developer Fund @MIT @MediaLab https://t.co/6nr173Ydpn via @BrianForde"
708425933401751553,2016-03-11 22:54:39,About to go on #SXSW main stage to talk w/ @tylerwinklevoss @johnbiggs about #bitcoin… https://t.co/lMTnzmbJwo
708423925743529984,2016-03-11 22:46:40,RT @GeminiDotCom: LIVE from Austin at #SXSW - check out our panel today at 5pm CT - Bitcoin: Let's Cut Through the Noise Already! https://t…
705857620616290304,2016-03-04 20:49:05,RT @GeminiDotCom: You can now link multiple bank accounts to your Gemini account for deposits and withdrawals of USD! https://t.co/U1RMHhvl…
701794659610320896,2016-02-22 15:44:20,RT @GeminiDotCom: Gemini is now open in Alabama! Customers in The Heart of Dixie can now buy and sell bitcoin for USD! https://t.co/tuyDQn8…
701790994480689153,2016-02-22 15:29:46,RT @tylerwinklevoss: Excited to talk #Bitcoin and @GeminiDotCom at this year's SXSW! https://t.co/ACOtcoZc92
699615770645495808,2016-02-16 15:26:12,RT @GeminiDotCom: Funding your Gemini account just got much faster! Instantly link your bank account &amp; BTC deposits in 3 confirmations http…
689889622042791936,2016-01-20 19:17:58,"RT @mikejcasey: Silver Lake's Glenn Hutchins: upbeat on bitcoin. CNBC Davos team surprised, assumes it's dead. Golden rule: bet against Dav…"
686939923803467777,2016-01-12 15:56:55,RT @GeminiDotCom: Just because it's Bitcoin doesn't mean the interface has to suck. Introducing our new activity feed! https://t.co/G0gqFCU…
684416545322364928,2016-01-05 16:49:54,Gemini: ‘Institutionalization’ of Bitcoin Trading is Definitely Happening https://t.co/Wc0yOvuxzS
675073844277813248,2015-12-10 22:05:21,RT @tylerwinklevoss: A Tesla bull and a Tesla bear face off on the future of the car maker https://t.co/Ui0QPzlCXC via @clusterstock cc @Su…
674306090016862208,2015-12-08 19:14:34,"RT @medialab: .@BrianForde on #MLTalks with @Joi and #bitcoin developers @gavinandresen, Cory Fields, &amp; @orionwl. With video! https://t.co/…"
671345542346223616,2015-11-30 15:10:24,RT @GeminiDotCom: Gemini is now open in Arkansas! Customers in The Natural State can now buy and sell bitcoin for USD!
667875314744360960,2015-11-21 01:20:58,RT @GeminiDotCom: Gemini is now open in Nevada! Customers in the Silver State can now buy and sell bitcoin for USD!
667385048564416512,2015-11-19 16:52:49,RT @BitcoinMagazine: #Bitcoin Is Growing Up: An Infographic https://t.co/sHOM7PlJVd https://t.co/h2hqA6TGf4
665362295963406336,2015-11-14 02:55:07,Our @KayeScholer legal team put together an awesome new #Bitcoin + #Blockchain Primer -- an in-depth intro 2 space https://t.co/aHYIEZ0E8M
659456166259396608,2015-10-28 19:46:16,Winklevoss Q&amp;A: What Professional Investors Must Know About Bitcoin https://t.co/AquLnguj42
656788732293599232,2015-10-21 11:06:50,RT @BitcoinMagazine: Kaye Scholer Holds #Bitcoin Seminar w/ Cameron &amp; Tyler @Winklevoss to Educate Financial Pros https://t.co/kYJGQeKYli h…
655044851092856832,2015-10-16 15:37:17,RT @winklevossindex: Good morning! It is 9:30 AM in New York and the price of bitcoin is $259.88 USD. https://t.co/XQXrP4lngn
654737199401857024,2015-10-15 19:14:47,"RT @latone: #bitcoin steadily rising ever since the opening of @GeminiDotCom, 1-week @winklevossindex here: http://t.co/iZBlxglDQk"
652197710435590144,2015-10-08 19:03:46,RT @seemacnbc: Winklevii @winklevoss &amp; @tylerwinklevoss launch Gemini Bitcoin Exchange. Our @CNBC interview: http://t.co/pebHik4V31 http://…
652181054091067392,2015-10-08 17:57:34,RT @sfoxtrading: .@geminidotcom is live on @sfox.  Start trading now.  http://t.co/A8grizNZrY  #bitcoin
652180659222487040,2015-10-08 17:56:00,RT @LizClaman: DON'T MISS - Winklevoss twins join me 3pm ET on their new Bitcoin venture @geminidotcom @winklevoss @tylerwinklevoss http://…
652111148876218370,2015-10-08 13:19:48,Readying @geminidotcom for launch! Trading begins TODAY @ 9:30 a.m. EDT / 6:30pm a.m. PDT #bitcoin https://t.co/VKlDk7vkRq
651765288829067264,2015-10-07 14:25:28,"RT @GeminiDotCom: T-10 until lift off! ""We are here to talk about Gemini, our new bitcoin exchange. AMA, or rather AUA!"" @Reddit_AMA http:/…"
651130701631193088,2015-10-05 20:23:51,"With Winklevoss Bitcoin Exchange, Digital Currency Grows Up http://t.co/JxOZkkU0Dv via @WIRED"
651123979738984452,2015-10-05 19:57:08,Excited to announce @geminidotcom opened today! Sign up to fund your account before #bitcoin trading… https://t.co/TA9oD9D7q2
651097442268659712,2015-10-05 18:11:41,Winklevoss Twins Win Approval to Open Bitcoin Exchange http://t.co/I5JyW1OYOp via @dealbook @nathanielpopper
651038288355135489,2015-10-05 14:16:38,"RT @MattAnderson_NY: NYDFS grants charter to ""Gemini"" Bitcoin exchange founded by @winklevoss &amp; @tylerwinklevoss http://t.co/rB8XBkArH5 htt…"
636176189774766080,2015-08-25 13:59:57,RT @winklevosscap: Diversity In The Bitcoin Community http://t.co/ThJIYx0ZY6
619535721314037760,2015-07-10 15:56:41,RT @randomoracle: TL;DR: If you use a #Safenet HSM (including via #AWS CloudHSM) to store #Bitcoin keys you may want to upgrade to latest f…
619519087727771649,2015-07-10 14:50:35,.@GeminiDotCom Chief Security Officer @randomoracle found Safenet HSM vulnerblty that may affect ur #Bitcoin wallet https://t.co/SEGG5Ky93q
611690955838726145,2015-06-19 00:24:23,RT @LareBearMIA: @GeminiDotCom @winklevosscap @tylerwinklevoss @winklevoss @nathanielpopper @cspanwj #bitcoin #MondayMornings http://t.co/k…
609106095152476160,2015-06-11 21:13:04,RT @nathanielpopper: Talking @GA tonight with @winklevoss and @tylerwinklevoss about their story and the story of Bitcoin http://t.co/sqmtJ…
608983683412955137,2015-06-11 13:06:39,RT @GA: Last chance to hear the Winklevoss brothers discuss the future of Bitcoin! Register now: http://t.co/3syrjoWu3l @tylerwinklevoss @w…
608983557378310144,2015-06-11 13:06:09,"RT @LearnVest: Hear @winklevoss + @tylerwinklevoss on the future of @Bitcoin in this @GA lifestream, Thurs 6/11 at 7pm EST http://t.co/aGhN…"
605104002695614465,2015-05-31 20:10:11,Bitcoin struggles for legitimacy http://t.co/IugZ7fpOOo via @nypost cc: @tylerwinklevoss
600728061944954881,2015-05-19 18:21:45,"RT @GeminiDotCom: Join us for a live stream with @Winklevoss and @TylerWinklevoss on June 11 at 7pm EST to hear about Bitcoin, c/o @GA http…"
600480204897792000,2015-05-19 01:56:51,Great podcast w/ @johnbiggs + @alex featuring #bitcoin + recap of me + @tylerwinklevoss's recent chat @ Disrupt http://t.co/yb4VtfAOzh
600004413315506178,2015-05-17 18:26:14,RT @SydneyLucasNYC: Thanks Cameron @winklevoss &amp; @tylerwinklevoss for coming to @funhomemusical last night! You guys are tall! And cute! ht…
596043560991981568,2015-05-06 20:07:13,"Winklevoss Twins Eat, Sleep, Breathe Bitcoin http://t.co/JTvWUasIBB via @techcrunch"
590954979306909696,2015-04-22 19:07:01,RT @GeminiDotCom: Join Cameron @Winklevoss and @TylerWinklevoss For A Chat About Bitcoin At @TechCrunch​ Disrupt NY http://t.co/DVapRczZDz
583273009336741890,2015-04-01 14:21:36,Amazing news! You can now convert your #bitcoin into #winklecoin https://t.co/uD5NtSIl5Y
577613545216544768,2015-03-16 23:32:55,RT @TonyGallippi: At #SXSW @winklevoss and @tylerwinklevoss talking about their #bitcoin purchase on @virgingalactic http://t.co/oYdDpzKmLz
577613322297712640,2015-03-16 23:32:02,@philfrancis77 @tylerwinklevoss Thanks for the kind words ;-) #tothemoon #bitcoin
577576593557598208,2015-03-16 21:06:05,RT @sxsw: Cameron @winklevoss +@tylerwinklevoss believe #bitcoin is the future. Find out why at 5:00pm in EH 5 #sxsw http://t.co/7luSgPogVm
562591743376637952,2015-02-03 12:41:38,RT @OliviaSterns: I am 5'9 and have 3 inch heels on... Thank u @winklevoss @tylerwinklevoss for coming on to talk #Bitcoin http://t.co/qS48…
560808299948687360,2015-01-29 14:34:52,"The Winklevoss Brothers on http://t.co/yVY98ldRxf, the 'NASDAQ of Bitcoin' http://t.co/JwH4JsA7Zt  via @coindesk"
558631797719064577,2015-01-23 14:26:14,Winklevoss Twins Aim to Take Bitcoin Mainstream With a Regulated Exchange http://t.co/KGS0wmEUP7 via @dealbook
555068439103287296,2015-01-13 18:26:43,"RT @xethalis: 1/ As value of BTC has dropped, the impact of miner selling/inflation is both increased and decreased. It increases bc low mi…"
554243877553856512,2015-01-11 11:50:12,RT @DanFarfan: 2/ @bryanrbeal .. I’m convinced &lt;App&gt;coin will be best use(s) of blockchain long before bitcoin reaches tipping point.
552173278328926208,2015-01-05 18:42:23,"The price of #bitcoin is $275.5 USD at 1:42pm EST on Jan 05, 2015 https://t.co/gtDo2NhRF4 via @WinklevossIndex"
544995398390018048,2014-12-16 23:20:03,RT @crisdeluca: Deleted all other Bitcoin apps and loving Winkdex.  Nice work Ty and Cam!   @tylerwinklevoss @winklevoss @XBTeller @winklev…
544188543149834240,2014-12-14 17:53:53,"A music blockchain, a decentralized ledger of credit and rights ownership makes so much sense https://t.co/WOtzpZzp6B #bitcoin #blockchain"
540156595317927936,2014-12-03 14:52:22,Winklevoss Capital Launches Investor Syndicate with an Eye on Bitcoin http://t.co/pIyvnkN4CD via @coindesk
533414464755105793,2014-11-15 00:21:33,RT @winklevossindex: Good afternoon! It is 4:00 PM in New York and the price of bitcoin is $394.51 USD. https://t.co/Jt29lRHTys
533297950160850944,2014-11-14 16:38:34,Understanding The Proposed Winklevoss Bitcoin ETF: 5 Key Questions Answered http://t.co/7NdpbX48v3
533280302295416832,2014-11-14 15:28:26,Xapo Brings the Fort Knox of Bitcoin to iOS https://t.co/T017CCfVsp @xapo
532905120686936064,2014-11-13 14:37:36,RT @XBTeller: #winkdex app is actually killer! Great mobile charts+historical #bitcoin price look up. @winklevoss @tylerwinklevoss http://t…
530078069323608064,2014-11-05 19:23:54,RT @winklevosscap: Watch Cameron @Winklevoss and @TylerWinklevoss talk venture and the Bitcoin ETF with @ErikSchatzker on @BloombergTV http…
527569941793603584,2014-10-29 21:17:30,RT @winklevossindex: Good afternoon! It is 4:00 PM in New York and the price of bitcoin is $339.86 USD. https://t.co/iuV9nHT2Uq
526741504858279938,2014-10-27 14:25:35,RT @kramerbpm: yes. #bitcoin @winklevoss @tylerwinklevoss
525014653542604800,2014-10-22 20:03:42,RT @winklevossindex: Good afternoon! It is 4:00 PM in New York and the price of bitcoin is $381.99 USD. https://t.co/iuV9nHT2Uq
524713866803286016,2014-10-22 00:08:29,RT @winklevossindex: Good afternoon! It is 4:00 PM in New York and the price of bitcoin is $385.86 USD. https://t.co/iuV9nHT2Uq
524554320625561600,2014-10-21 13:34:30,RT @winklevossindex: Good morning! It is 9:30 AM in New York and the price of bitcoin is $386.05 USD. https://t.co/iuV9nHT2Uq
524293735954534401,2014-10-20 20:19:02,RT @winklevossindex: Good afternoon! It is 4:00 PM in New York and the price of bitcoin is $381.31 USD. https://t.co/iuV9nHT2Uq
524197349468696576,2014-10-20 13:56:01,RT @winklevossindex: Good morning! It is 9:30 AM in New York and the price of bitcoin is $381.21 USD. https://t.co/iuV9nHT2Uq
523522387544145920,2014-10-18 17:13:58,"RT @tylerwinklevoss: Marc Andreessen: Bitcoin, Not Apple Pay, is the Real Innovation http://t.co/Q0J2ykxLBB via @coindesk"
522855828047810560,2014-10-16 21:05:18,RT @winklevossindex: Good afternoon! It is 4:00 PM in New York and the price of bitcoin is $373.34 USD. https://t.co/iuV9nHT2Uq
522458206384422912,2014-10-15 18:45:17,Bitcoin prices on the go! Download the WinkDex App for iPhone here: http://t.co/tMI9ayLMm7 @winklevossindex http://t.co/Uu7K79HQw2
522399541472276480,2014-10-15 14:52:11,RT @winklevossindex: Good morning! It is 9:30 AM in New York and the price of bitcoin is $395.79 USD. https://t.co/iuV9nHT2Uq
522076520320614400,2014-10-14 17:28:36,RT @winklevossindex: Good morning! It is 9:30 AM in New York and the price of bitcoin is $402.40 USD. https://t.co/iuV9nHT2Uq
521808301047431168,2014-10-13 23:42:48,RT @winklevossindex: Good afternoon! It is 4:00 PM in New York and the price of bitcoin is $382.42 USD. https://t.co/iuV9nHT2Uq
520761974171648000,2014-10-11 02:25:04,RT @tylerwinklevoss: Bitcoiners slay the $9mil dollar bitcoin 'BearWhale' http://t.co/VxiHnQWGaC
520761617341251584,2014-10-11 02:23:39,RT @winklevossindex: Good afternoon! It is 4:00 PM in New York and the price of bitcoin is $356.89 USD. https://t.co/iuV9nHT2Uq
519925429730566145,2014-10-08 19:00:56,"My recent post discussing the rise and potential implications of anonymous networks (@secretly, @whisper, etc.) http://t.co/Qdx1IzulqV"
518443250420809728,2014-10-04 16:51:17,.Win bitcoin @CalHacks or @HackMIT this weekend by using @KimonoLabs in your hack! Learn more here: http://t.co/qARQ7dJLXY
512989366256295936,2014-09-19 15:39:30,Verifying that +cameron is my Bitcoin username. You can send me #bitcoin here: https://t.co/1R1IZtIGqp
509477587337236480,2014-09-09 23:04:57,Woah! IBM proposing open source architecture 4 #IoT that will harness Bitcoin's block chain tech http://t.co/dgTSzreXbS via @gigaom
502488141337751554,2014-08-21 16:11:23,"Judge Rakoff of Southern District of NY issued ruling that states ""Bitcoin is money"". First time judge has stated what #bitcoin constitutes."
491616600647159808,2014-07-22 16:11:46,"RT @winklevosscap: On Winklevoss Bitcoin index, it's open season for developers @Fortune @readDanwrite @winklevossindex http://t.co/krunLmz…"
489060649838714881,2014-07-15 14:55:19,Brace Yourself for the Winklevoss Bitcoin ETF via @BloombergTV http://t.co/DHLQQ7UZkU
487619739112308737,2014-07-11 15:29:40,"Bitcoin by Bitcoin, the Winklevii ETF Inches Closer to Reality http://t.co/FJP1Nahbbr via @BloombergNews"
484113145695186944,2014-07-01 23:15:42,"“@paulvigna: BitBeat: Winklevoss Bitcoin Trust ticker is ""COIN"" http://t.co/aO0K29R8Nz  @WSJMoneyBeat”"
478909269031407616,2014-06-17 14:37:22,Congrats to the @Bitgo team!  Bitcoin Security Startup Gets More Funds; Ex-Verisign CEO Joins Team http://t.co/x13dkkZgnE via @WSJMoneyBeat
477229444197666816,2014-06-12 23:22:20,@MadenaP #bitcoin is in the mail...errr...sending from my #brainwallet cc: @tylerwinklevoss
473557515935182848,2014-06-02 20:11:24,@westcoastbill Big news!!!  Escape velocity here we come ;-) #bitcoin
469101549701328899,2014-05-21 13:04:59,RT @winklevosscap: Introducing #WinklevossRadio with @winklevoss and @tylerwinklevoss on @SiriusXM Indie 104 airing Thursdays at 6pm EDT ht…
468602314505203713,2014-05-20 04:01:12,San Jose Quakes get in on bitcoin game (the Winklevii are already playing) http://t.co/s66wuzoFHl via @siliconbeat
464524871322447872,2014-05-08 21:58:54,Winklevoss Twins to List Bitcoin Fund on Nasdaq http://t.co/RRTReTMNUQ
454625713270714368,2014-04-11 14:23:11,RT @winklevossindex: Winkdex Launches BTC - US Dollar Price Calculator http://t.co/P9pYkHii6s
448563404756631553,2014-03-25 20:53:44,"I.R.S. Says Bitcoin Should Be Considered Property, Not Currency http://t.co/9Sf7AxydYx"
444566695714119680,2014-03-14 20:12:14,My take on what may have happened at Mt.Gox #bitcoin http://t.co/jg2VJe6ttE
441817692375646208,2014-03-07 06:08:41,RT @jdaviescoates: ...but I can confirm that the reg'd email address of #Satoshi used on P2P Ning is the same as that used in orig #bitcoin…
441573244554866688,2014-03-06 13:57:20,"http://t.co/p29iorP9Rc Exceeds $1M In Bitcoin Transactions In Two Months, stock price up 4% http://t.co/Eciv1gjv5a via @techcrunch"
441226025117429760,2014-03-05 14:57:36,RT @tylerwinklevoss: Happy to announce that @winklevoss and I have used #bitcoin to become @virgingalactic astronauts number 700 and 701 ht…
439864314309398528,2014-03-01 20:46:39,"“Mt.Gox is the past, the brightest minds in the room r hard at work building a rspnsble + scure future” -@winklevoss 
http://t.co/g4ee96IiB7"
439755862765092864,2014-03-01 13:35:42,Optimism Grows as Mt. Gox Chapter Ends and Bitcoin Turns the Page   http://t.co/9ra5ZSGM3e via @coindesk
439497012317519872,2014-02-28 20:27:07,RT @tylerwinklevoss: NFL’s most disruptive corner accepts world’s most disruptive payment technology. Welcome to Bitcoin @RSherman_25! http…
439173090137100289,2014-02-27 22:59:58,RT @tylerwinklevoss: My thougths on the Mt. Gox closure and the future of Bitcoin http://t.co/JwbhlBz6L0
436318652158472192,2014-02-20 01:57:27,RT @BenLawsky: FYI -- I'll be stopping by Reddit for  #Bitcoin AMA around 1230pm EST tmrw (Thurs). Post should be live abt 15-20 min before…
436258781178368000,2014-02-19 21:59:33,"Excited to announce our new dynamic bitcoin price index, http://t.co/ZjMlZbyJxP cc @tylerwinklevoss http://t.co/6qYVCTpBEz"
436250253021708288,2014-02-19 21:25:40,RT @winklevosscap: Before a Bitcoin Fund Comes a Price Index via @nytimes http://t.co/MMbOH3TbpN #Winkdex
428976657471668225,2014-01-30 19:42:59,Head to head #bitcoin #nydfs http://t.co/cCHaFzyeI2
428881552450142208,2014-01-30 13:25:05,How does #bitcoin fit into an institutional portfolio? @tylerwinklevoss and I explain: http://t.co/yHWMu6mjDR via @ai_cio
428877791606501377,2014-01-30 13:10:08,Great talking points from @fredwilson + @tylerwinklevoss at @NYDFS #bitcoin hearings w/ @benlawsky http://t.co/JCFBsYJZuM via @CNNMoney
428329632039837697,2014-01-29 00:51:56,"""Regulation will play the biggest role in bitcoin's forthcoming evolution""  #bitcoin"" -me via @WSJ http://t.co/1IZ0Udi5U9"
428322979131310080,2014-01-29 00:25:30,"“Solutions don’t really come from the current industry"" -me #bitcoin via @dealbook http://t.co/AqWAQyLuIV"
428252610182021121,2014-01-28 19:45:53,Honored to be part of NYDFS #bitcoin hearings w/ Superintendent @benlawsky @tylerwinklevoss http://t.co/rjT3n5SDx9
421855407054024704,2014-01-11 04:05:41,RT @kashhill: Bitcoin comes to http://t.co/3ZFxMXtuIn after CEO locks 40 people in a room for a week. http://t.co/mZFnTHioaj
421855263822733314,2014-01-11 04:05:07,"RT @OverstockCEO: After 21 hours on @overstock.com, we've had 780 #Bitcoin orders that accounted for $124,000 in sales. Wow!"
420368885385560064,2014-01-07 01:38:47,"RT @FEhrsam: ""Bitcoin is Good"" - my response to Paul Krugman's thought provoking @nytimes op-ed ""Bitcoin Is Evil"" http://t.co/bjI2r3dOS9"
420310769428078592,2014-01-06 21:47:51,"RT @winklevosscap: Bitcoin Tops $1,000 Again as Zynga Accepts Virtual Money @BloombergTech http://t.co/ViedwYgKil"
419311437899894784,2014-01-04 03:36:51,"RT @JenaLuckman: @winklevoss @tylerwinklevoss “@TIME: Not a fan of Bitcoin? Fear not, now there's Coinye West http://t.co/o7xLnNvtuf”"
419236408004341760,2014-01-03 22:38:43,Happy #genesisblock day!  Bitcoin turns 5 today.  I can't wait to see what's in store for 2014.
418854951671324672,2014-01-02 21:22:57,"RT @zeroblock: ZeroBlock was opened 1,300,000 times in December...just on iOS!  Interest in #Bitcoin is rising exponentially."
418149180243066880,2013-12-31 22:38:28,Better bet in 2014: Gold or bitcoin? Ummm...#bitcoin http://t.co/I4I6hSJMxm … via @SeemaCNBC @CNBC
418136385175162880,2013-12-31 21:47:37,"RT @SeemaCNBC: Gotta give it to them, @winklevoss did help put #bitcoin on the map MT @ShannanSiemens Excellent use of ""Winklevi"" @SeemaCNBC"
415598120396132352,2013-12-24 21:41:28,RT @perubrothers: PB Food Truck made The Washington Post! @bitpay @bitcoin @tylerwinklevoss @winklevoss  @washingtonpost @Emb_of_Peru http:…
414554651707838464,2013-12-22 00:35:05,"My two favorite things in the world, #legos and the #bitcoin #blockchain!  #winklevii figures included. http://t.co/HhVrhnK7Gq"
413081868947697664,2013-12-17 23:02:46,"RT @Heineken: @winklevoss @SaaaSdH If Bitcoins are to become the new gold standard, it will match the colour of our beer. #Bitcoin #OpenYou…"
411977250851258369,2013-12-14 21:53:25,#jeopardy! #bitcoin http://t.co/dB5WxnlgYK
410240437866471424,2013-12-10 02:51:56,RT @tylerwinklevoss: @winklevoss and I convince the @perubrothers Food Truck to accept #bitcoin http://t.co/M9zsWWP83k  cc @GiuseppeLanzone
409777169749929984,2013-12-08 20:11:05,Add #Bitcoin RT @LilyAldridge talking NFL gameday picks on @NFLonCBS ..what could be better than @VictoriasSecret models &amp; football? #genius
406517569366269953,2013-11-29 20:18:35,"RT @mark_macdonald: @winklevoss Hey Cameron, we've got a roundup on the @Shopify blog today of 75 online stores accepting Bitcoin http://t.…"
406503306588979200,2013-11-29 19:21:55,"While you were eating turkey Thursday, the price of a #bitcoin continued to skyrocket. http://t.co/pe8BoanDZc"
402931212702212096,2013-11-19 22:47:41,RT @SenSchumer: #Bitcoin has significant potential. Senate Banking Committee will hear from industry &amp; government officials at 3:30pm http:…
402574372906754048,2013-11-18 23:09:44,"RT @jbackus3: I wish I bought Bitcoin @ $5 
I wish I bought @ $20 
I wish I bought @ $250
It will always seem like you missed out. http://t…"
400757500578115584,2013-11-13 22:50:08,RT @tylerwinklevoss: Doing our best to convince @TheStalwart to come over from the dark side re: #Bitcoin cc #ignition2013 @winklevoss http…
400754319953518592,2013-11-13 22:37:30,"RT @kaylatausche: Wow. @Bitcoin at $429.70, up sharply in the last day after @winklevoss bulls on parade. http://t.co/hjmbnRzhs9"
400752786201399296,2013-11-13 22:31:24,@tylerwinklevoss and I talking about #bitcoin at #ignition2013 cc @winklevosscap ↗️📈📊 http://t.co/iEXjwJOeRe
400360512786935808,2013-11-12 20:32:39,"""I think there's a lot of merit behind it"" -Ray Dalio on #bitcoin"
400359798144651264,2013-11-12 20:29:48,"Winklevoss Twins Say Bitcoin Market To Hit $400B, Urge Regulators Not To Push Innovation To China  http://t.co/SoQ5M25rz6 via @forbes"
400278056201629696,2013-11-12 15:05:00,RT @RedditBTC: I'm at Ignition 2013. The Winklevoss twins will be speaking about Bitcoin tomorrow. Anything specific you'd like to ask? ...
400271399975395328,2013-11-12 14:38:33,Talking #bitcoin with @andrewrsorkin + @tylerwinklevoss cc @winklevosscap #bitcoin never sleeps… http://t.co/klZ1RikKa0
400266327765827584,2013-11-12 14:18:23,RT @winklevosscap: Bitcoin: Bubble or Boon? with @winklevoss @tylerwinklevoss @andrewrsorkin for @NYTimes #dbconf http://t.co/axxWOanXWC
400230248207630336,2013-11-12 11:55:01,"RT @winklevosscap: See @winklevoss and @tylerwinklevoss talk Bitcoin with @andrewrsorkin on @SquawkCNBC this AM, followed by the @nytimes @…"
399656514895761408,2013-11-10 21:55:13,"RT @Bill_Gross: This is kind of amazing, the corner Bodega in Brooklyn offering 10% off if you pay with Bitcoin! https://t.co/BzqrZJmVA1"
398309723637686272,2013-11-07 04:43:33,"Price of #bitcoin trading at $275 USD on #bitstamp, just the beginning..."
396012019351945217,2013-10-31 20:33:17,"Today is the 5 year anniversary of Satoshi Nakamoto's white paper, the dawn of #bitcoin http://t.co/bxHjE4KEP1"
396011522671263744,2013-10-31 20:31:19,Working to make #bitcoin mainstream day by day cc @winklevosscap @tylerwinklevoss @nytimes http://t.co/6f35kfDQGA
391010768369360896,2013-10-18 01:20:06,"RT @ScottBoehme: ""Some countries may eventually peg their currencies to Bitcoin."" @winklevoss #ChicagoIdeasWeek"
391005144873439232,2013-10-18 00:57:45,RT @winklevosscap: Talking Bitcoin with @ChuckSalter for @chicagoideas @winklevoss @tylerwinklevoss http://t.co/1jRanFDRuk
390998550458294272,2013-10-18 00:31:33,"Talking with @ChuckSalter and @tylerwinklevoss at @chicagoideas about #bitcoin right now, live stream at http://t.co/rOa5gF8aO6!"
385863430202064896,2013-10-03 20:26:25,"Reports of #silkroad influence, impact + relevance to the #bitcoin market have been grossly exaggerated, look no further than current price"
385863204284268544,2013-10-03 20:25:31,RT @tylerwinklevoss: #silkroad never accounted for more than 4% of all bitcoin transactions over the block chain...today's price rebound su…
385861513711329280,2013-10-03 20:18:48,"RT @tylerwinklevoss: #silkroad indicates the size of the bitcoin shadow economy is/was 4%, that's smaller than the estimated shadow economy…"
380163255588515840,2013-09-18 02:55:57,"RT @KoppTheFool: No fan of #Bitcoin here, but I'm not going to lie @WinklevossCap made a compelling pitch at @VICongress"
380087390506721281,2013-09-17 21:54:30,Perhaps the only thing better than a #bitcoin is a pistachio  http://t.co/f7MF9cMA7u
379994180132417536,2013-09-17 15:44:07,"RT @ldelevingne: ""With bitcoin, there are no bail ins"" like Cyprus --Tyler Winklevoss #VIC"
379993939844927489,2013-09-17 15:43:09,RT @ChrisIlDiorio: Winklevoss twins coming in hot today
379993477490028544,2013-09-17 15:41:19,"RT @ldelevingne: Winklevoss of Cyprus: ""w'ell probably see an implosion in the next year or two"" - reason to use bitcoin #VIC"
379993296254152704,2013-09-17 15:40:36,RT @saumvaish: Winklevoss: To shut down bitcoin is to shut down the Internet #VIC
379993255821049856,2013-09-17 15:40:26,"RT @ldelevingne: Winklevoss talking about #bitcoin ""brain wallets"" at #VIC - how much do you have in there??"
379993240335691776,2013-09-17 15:40:23,RT @ldelevingne: Winklevoss twins getting the most questions of any other speaker re #bitcoin at #VIC
379992618735648768,2013-09-17 15:37:54,The Winklevoss Twins Just Gave A Presentation On Bitcoin To A Room Full Of Investors http://t.co/kKTQEzr0TS via @clusterstock
379992304271884288,2013-09-17 15:36:39,"Value Investing Congress: Winklevoss Bros. Call Bitcoin ‘The Internet of Money,’ Currency’s Anonymity Is ‘Overstated’ http://t.co/VLaHu58pg3"
378175379770314752,2013-09-12 15:16:51,#bitcoin never sleeps #tcdisrupt #sf2013 cc @winklevosscap @tylerwinklevoss http://t.co/DJcVZsV4Ap
378039563597258752,2013-09-12 06:17:10,"RT @BitWall: Inside Bitcoin, The Programmable Currency For Our Digital Future @naval @winklevoss @tylerwinklevoss http://t.co/dOTbIPVLh6"
377509214819594242,2013-09-10 19:09:45,"“@avyfain: @winklevoss talks about M-Pesa + compares it 2 #bitcoin, fail. #tcdisrupt” Yes, they are both non-fiat forms of currency #winning"
377508203291893762,2013-09-10 19:05:44,RT @EllenLevy: Bitcoin primer at http://t.co/NnmZhEDVBf (pointer via @winklevoss &amp; @tylerwinkelvoss) #TCDisrupt. I also recommend @coindesk…
377493000428875776,2013-09-10 18:05:19,"“@ThatsACrazyIdea: Winklevoss twins... drool... #tcdisrupt” yes, that's how we feel about #bitcoin"
377492632147992576,2013-09-10 18:03:51,RT @winklevosscap: The Bitcoin Revolution with @winklevoss @tylerwinklevoss @naval @TechCrunch #tcdisrupt http://t.co/Bz9EyqbWrR
377492565156966400,2013-09-10 18:03:35,RT @MarleyLive: #Bitcoin insight with @winklevoss @tylerwinklevoss @winklevosscap @naval @angellist @tcdisrupt @TechCrunch #epic http://t.c…
377492477001101313,2013-09-10 18:03:14,RT @RockThePost1: On #bitcoin: We want to make it more accessible to the average user @winklevoss @tylerwinklevoss @winklevosscap #tcdisrupt
377492355055497216,2013-09-10 18:02:45,"RT @piyushpoddar: Great to hear The @winklevoss, @Naval, and Balaji Srinivasan talk about #Bitcoin at #TCDisrupt via #ustream livecast."
377492227682861056,2013-09-10 18:02:15,RT @RockThePost1: @naval @winklevoss @tylerwinklevoss thanks for shedding some light on #bitcoin @ #tcdisrupt.  Where will regulation take …
375297916564668416,2013-09-04 16:42:50,"RT @tylerwinklevoss: Excited to talk Bitcoin w/ @naval, Balaji Srinivasan, @winklevoss and @kimmaicutler at @TechCrunch Disrupt next Tuesday"
375077636906557440,2013-09-04 02:07:31,"""Bitcoin"" has been added 2 Oxford English Dicitionary #OED along w/ ""Twerking"" and ""Selfie"" #ingoodcompany http://t.co/Z3mulIJYpM"
369931875495579648,2013-08-20 21:20:06,"Germany recognizes Bitcoin as private money, makes it tax-free for personal use http://t.co/jPUREda2mt via @engadget"
365568567153917952,2013-08-08 20:21:53,RT @winklevosscap: Cameron and Tyler Winklevoss on Bitcoin - Businessweek http://t.co/EECPXausX4 @winklevoss @tylerwinklevoss
362475304570204161,2013-07-31 07:30:21,RT @bitcoinvalue: #Bitcoin now valued exactly $108. Advancing 6.5% in last 24 hours. http://t.co/jbVkBNBpm9
359685723894476800,2013-07-23 14:45:33,Dilbert meets Bitcoin #Bertcoin http://t.co/wKefKl520S
357847247175696386,2013-07-18 13:00:06,It's happening again...Bitcoin Downloads Surge in Argentina - MoneyBeat - WSJ http://t.co/7z50dQkzIc via @WSJ #capitalcontrols #cypruseffect
357516842715197440,2013-07-17 15:07:12,Bitcoin Transactions Rise As Economic Unrest Hits Argentina http://t.co/zhuBdESOBS via @techcrunch
357130305649385472,2013-07-16 13:31:14,One Third of Kenyans Now Have a Bitcoin Wallet | Motherboard http://t.co/ZB3iKGsmak via @motherboard
356833870269775872,2013-07-15 17:53:18,@PelleB love what you and @KipochiPay are doing with #bitcoin in Africa!
352072813785530368,2013-07-02 14:34:34,RT @Puggy__: Bitcoin bouta be that world currency the Illuminati talkin bout
351877570784010240,2013-07-02 01:38:45,First Name in the First Fund for Bitcoins: Winklevoss http://t.co/TDylTDm0O5 cc @winklevosscap @tylerwinklevoss #bitcoin
351537561480597504,2013-07-01 03:07:40,LA mayor @ericgarcetti just mentioned #bitcoin in his inaugural address #mainstream
344510788414869504,2013-06-11 17:45:47,"Yes, it's true I secretly enjoy doing dishes. ""Inside The Secretive Manhattan Dinner Party Where Deals R Made"" Forbes http://t.co/OoiLcMzrQE"
342337559365566464,2013-06-05 17:50:09,RT @winklevosscap: #Bitcoin documentary w/ @VICE cc @tylerwinklevoss @winklevoss @ Winklevoss Capital http://t.co/jAZCaXCEnN
341316748731092993,2013-06-02 22:13:48,RT @RedditBTC: Get .com/.net/.org Domains for 0.01 BTC on Monday from NameCheap http://t.co/en5Y4BtVOI via @Reddit
337366647922900992,2013-05-23 00:37:31,"Your use of the term ""private money"" to describe #bitcoin speaks volumes about your understanding (or lack thereof)  http://t.co/lnnEdfCT86"
337363595627200512,2013-05-23 00:25:23,RT @tylerwinklevoss: Congrats to friend and future mayor of LA @ericgarcetti ...great days ahead for the city of angels!! cc @winklevoss ht…
337175237907070977,2013-05-22 11:56:55,"RT @pizzaindex: Winklevoss Index = $13,779,204 #bitcoin"
336598366706343936,2013-05-20 21:44:38,RT @BoostVC: BitWall wins #bitcoin2013 hackathon! Bitcoin micropayments for content publishers. Congrats team! #bitcoin #startups
335918001180266496,2013-05-19 00:41:07,The Winklevoss twins are Bitcoin bulls http://t.co/YhEbXvkCV1 via @CNNMoney
335612512571637760,2013-05-18 04:27:13,"RT @Blockspin: “The majority of the world is unbanked - 60m Americans alone. With a bitcoin address, anyone can bank” - @winklevoss #Bitcoi…"
335612470171402240,2013-05-18 04:27:02,"RT @apowski: @apowski: 'Bitcoin never sleeps, it knows no boarders' - @winklevoss &amp; @tylerwinklevoss at #bitcoin2013"
334344838990401540,2013-05-14 16:29:56,RT @BTCFoundation: Bitcoin 2013 Keynote Speakers announced: Cameron and Tyler Winklevoss http://t.co/CJxbKrQGEZ #Bitcoin2013
273489360610025472,2012-11-27 18:11:59,RT @Hukkster: Our founders @katiefinnegan @EricaAshleyBell &amp; @tylerwinklevoss @winklevoss on @HuffPostLive absolutely killing it! ht ...
271115887354982400,2012-11-21 05:00:39,Really? Cause Yo momma take me seriously RT @TayTayLothson: I would hate to have the last name Winklevoss. No one would take you seriously.
270321040503214080,2012-11-19 00:22:13,"I'm pretty sure i wouldn't trade places with u Stubby RT @Daniel_Stubbs: Winklevoss, what a stupid name."
259700854221856768,2012-10-20 17:01:23,Check out @luumdotcom at the Head of the Charles Regatta #HOCR w/ @waterkeeper &amp; the hot button game http://t.co/guDkfrMS #HOCRhotbutton
247050560929419264,2012-09-15 19:13:38,@LoganAlyse omg! That's a carbon copy!  #multiplicity
238134796751097857,2012-08-22 04:45:34,"Just saw #bournelegacy, gave up when they made #drones sounds like Cessna's.  The whole point is that they r silent and u can't hear them!"
206802731682381827,2012-05-27 17:43:08,If u r looking to learn how to surf this weekend (or this summer!) check out (my cousin's) surf school in #Rockaway: http://t.co/9aOwhzme
173243292845223937,2012-02-25 03:09:54,"@Broondann That's my name, don't wear it out! RT Winklevoss"
165097756870971392,2012-02-02 15:42:27,"We r excited 4the #FacebookIPO + wish the company + all involved the very best,an amazing accomplishment! cc @tylerwinklevoss @DivyaNarendra"
163016389102280704,2012-01-27 21:51:50,"I am changing my name to Cam Dotcom, my title shall be Cammander of the Campire #kimdotcom"
157346707762462720,2012-01-12 06:22:33,#beautifulgirls! http://t.co/dCxSeudt RT @LL_Cool_M What was name of  movie u were telling me about w/high school reunion chick flick plot?
124185106310111233,2011-10-12 18:10:11,"A #jeopardy! question I know answer 2! ""Name of these twins? They put oars in water for Oxford + Harvard"" Video @ 3:12 http://t.co/PrNNYslD"
123967142109528064,2011-10-12 03:44:04,@lugatron Hey Now! RT Winklevoss twins were just part of a Jeopardy question. Still don't know who thy r but thy definitely need 2 b stopped
103537208157417472,2011-08-16 18:42:48,"@illMacktic I agree, way too good looking for the part RT ""The guys that play Cameron and Tyler Winklevoss on The Social Network are hot."""
99228494688567297,2011-08-04 21:21:31,"RT @MarkBrown63: Admit it Winklevoss Twins, ""The Facebook"" was a dumb name anyway."
91566716911501312,2011-07-14 17:56:21,"@jrod_88 Ok whatever you want, name it! #fairenough"
90955992673685504,2011-07-13 01:29:33,RT @ltarrer12: winklevoss is the most hilarious last name ive ever heard.
90790154683420673,2011-07-12 14:30:34,@DanaBrunetti clue #2 It was produced by a guy whose name rhymes with Bana Drunetti
88239491940229121,2011-07-05 13:35:08,Apparently @tylerwinklevoss and I were referenced during ESPN broadcast of Nathan's 4th of July Hot Dog Eating Contest http://t.co/lGnM4UT
75771966790975488,2011-06-01 03:53:39,"@kim @mandystadt @iamcolinquinn I and @tylerwinklevoss are totally down, name the time and place!"
72420936934096896,2011-05-22 21:57:51,"Just saw a peccary pig, guess what his first name is?  Greggery of course"
66554633966977024,2011-05-06 17:27:15,After doing some research it appears that Soda Popinsky's original name was Vodka Drunkenski
62028858374881280,2011-04-24 05:43:26,RT @Queledicen: OMG! i thought the movie was fiction! i was wrong! both of you @tylerwinklevoss @winklevoss exist! thank god you use #tw ...
61941779032838145,2011-04-23 23:57:25,"@GiuseppeLanzone powergel refuel, part of the 4 R's or recovery (rehydrate, refuel, repair, recover) http://t.co/PCELZtT"
57296642356944896,2011-04-11 04:19:18,@green_emily how are those hot pieces of metal working?
54012910367813632,2011-04-02 02:50:56,"@rachellehruska Julian Casablancas, best name of a frontman ever?"
52086273107697664,2011-03-27 19:15:09,"@lori_deschene Nice to meet you too, tinybuddha is a great name, ha!"
49942572919042048,2011-03-21 21:16:51,RT @DrunkReport: @winklevoss how come you get to be straight up Winklevoss and Tyler has to put his name on his twitter? did you arm wre ...
